Year,NUTS 2 Region,NACE Rev. 2 Sector,Employees at Work,Gross Value Added (GVA) at Basic Prices,Hours Worked,Self-Employed at Work,Total Persons at Work
2000,Eastern and Midland,"Agriculture, Forestry and Fishing",7840.0,622520000.0,72183125.24,17480.0,25320.0
2000,Eastern and Midland,All Sectors,772840.0,55448600000.0,1642808113.0,118020.0,890860.0
2000,Eastern and Midland,"Arts, Entertainment and Other Services",33790.0,1304130000.0,72223470.99,8570.0,42360.0
2000,Eastern and Midland,Construction,47980.0,3641600000.0,134119562.3,16040.0,64019.99999999999
2000,Eastern and Midland,"Distribution, Transport, Hotels and Restaurants",201820.0,9621510000.0,425262716.7,32430.0,234250.0
2000,Eastern and Midland,Financial and Insurance Activities,50820.0,5630310000.0,96197336.01,1810.0,52630.0
2000,Eastern and Midland,Industry (excl. Construction),138660.0,12201770000.0,289500379.4,10500.0,149160.0
2000,Eastern and Midland,Industry - of which Manufacturing,127090.0,11115920000.0,265671910.29999998,9800.0,136890.0
2000,Eastern and Midland,Information and Communication,52200.0,6477440000.0,108976336.7,4340.0,56550.0
2000,Eastern and Midland,"Professional, Admin and Support Services",73760.0,4301340000.0,171827299.3,17430.0,91180.0
2000,Eastern and Midland,"Public Admin, Education and Health",162990.0,6675010000.0,264787764.7,8320.0,171320.0
2000,Eastern and Midland,Real Estate Activities,2970.0,4972980000.0,7730121.773,1090.0,4059.9999999999995
2000,Ireland,"Agriculture, Forestry and Fishing",26310.0,2717730000.0,366864209.4,103020.0,129320.0
2000,Ireland,All Sectors,1456660.0,96721760000.0,3354884544.0,315380.0,1772040.0
2000,Ireland,"Arts, Entertainment and Other Services",62870.0,2069659999.9999998,138616869.29999998,19400.0,82270.0
2000,Ireland,Construction,106070.0,6931050000.0,301885599.0,38030.0,144100.0
2000,Ireland,"Distribution, Transport, Hotels and Restaurants",373980.0,16825360000.0,817964695.0,75540.0,449530.0
2000,Ireland,Financial and Insurance Activities,69860.0,7200700000.0,132684312.80000001,2760.0,72620.0
2000,Ireland,Industry (excl. Construction),314670.0,27246400000.0,654353193.5,22660.0,337330.0
2000,Ireland,Industry - of which Manufacturing,292980.0,25083180000.0,609002736.5,21160.0,314150.0
2000,Ireland,Information and Communication,70710.0,7764290000.0,147898170.1,6290.0,77000.0
2000,Ireland,"Professional, Admin and Support Services",119320.0,6244030000.0,281389929.0,30300.0,149610.0
2000,Ireland,"Public Admin, Education and Health",308340.0,12854770000.0,500270484.79999995,15100.0,323430.0
2000,Ireland,Real Estate Activities,4540.0,6867760000.0,12957080.67,2290.0,6830.0
2000,Northern and Western,"Agriculture, Forestry and Fishing",6960.0,575940000.0,117345203.7,36630.0,43590.0
2000,Northern and Western,All Sectors,216520.0,11562950000.0,563827774.6999999,71990.0,288510.0
2000,Northern and Western,"Arts, Entertainment and Other Services",8880.0,238940000.0,19866456.43,3340.0,12220.0
2000,Northern and Western,Construction,20400.0,1244030000.0,60520498.62,8490.0,28890.0
2000,Northern and Western,"Distribution, Transport, Hotels and Restaurants",51220.0,1782040000.0,118694266.9,12850.0,64069.99999999999
2000,Northern and Western,Financial and Insurance Activities,5330.0,482140000.0,10180650.709999999,270.0,5600.0
2000,Northern and Western,Industry (excl. Construction),54550.0,3504610000.0,112181372.39999999,3500.0,58060.0
2000,Northern and Western,Industry - of which Manufacturing,51170.0,3162280000.0,104892587.9,3370.0,54540.0
2000,Northern and Western,Information and Communication,5540.0,489690000.0,11160927.299999999,520.0,6060.0
2000,Northern and Western,"Professional, Admin and Support Services",12780.0,490500000.0,30669639.889999997,3830.0,16610.0
2000,Northern and Western,"Public Admin, Education and Health",50500.0,2165300000.0,81888072.44,2190.0,52690.0
2000,Northern and Western,Real Estate Activities,360.0,589770000.0,1320686.296,360.0,720.0
2000,Southern,"Agriculture, Forestry and Fishing",11500.0,1519270000.0,177335880.5,48910.0,60410.0
2000,Southern,All Sectors,467290.0,29710200000.0,1148248656.0,125380.0,592670.0
2000,Southern,"Arts, Entertainment and Other Services",20200.0,526590000.00000006,46526941.89,7490.0,27690.0
2000,Southern,Construction,37690.0,2045420000.0,107245538.0,13510.0,51190.0
2000,Southern,"Distribution, Transport, Hotels and Restaurants",120940.0,5421810000.0,274007711.4,30270.0,151200.0
2000,Southern,Financial and Insurance Activities,13720.0,1088240000.0,26306326.099999998,670.0,14390.0
2000,Southern,Industry (excl. Construction),121450.0,11540030000.0,252671441.8,8660.0,130110.00000000001
2000,Southern,Industry - of which Manufacturing,114720.0,10804980000.0,238438238.3,8000.0,122720.0
2000,Southern,Information and Communication,12960.0,797160000.0,27760906.15,1430.0,14390.0
2000,Southern,"Professional, Admin and Support Services",32780.0,1452200000.0,78892989.86,9040.0,41820.0
2000,Southern,"Public Admin, Education and Health",94840.0,4014470000.0,153594647.7,4580.0,99430.0
2000,Southern,Real Estate Activities,1210.0,1305010000.0,3906272.604,830.0,2050.0
2001,Eastern and Midland,"Agriculture, Forestry and Fishing",7080.0,557680000.0,67165854.05,16930.0,24010.0
2001,Eastern and Midland,All Sectors,795560.0,61936370000.0,1672132952.0,119590.0,915150.0
2001,Eastern and Midland,"Arts, Entertainment and Other Services",36030.0,1495380000.0,74628030.21,8900.0,44930.0
2001,Eastern and Midland,Construction,52750.0,4251040000.0,144046019.5,16800.0,69550.0
2001,Eastern and Midland,"Distribution, Transport, Hotels and Restaurants",209130.0,9499260000.0,434939411.90000004,33290.0,242420.0
2001,Eastern and Midland,Financial and Insurance Activities,52070.0,6379620000.0,99299379.12,2210.0,54280.0
2001,Eastern and Midland,Industry (excl. Construction),135350.0,14987630000.0,281429777.5,10400.0,145750.0
2001,Eastern and Midland,Industry - of which Manufacturing,123130.0,13640330000.0,256075887.9,9760.0,132890.0
2001,Eastern and Midland,Information and Communication,52510.0,6466750000.0,110697142.8,5180.0,57690.0
2001,Eastern and Midland,"Professional, Admin and Support Services",79520.0,4757710000.0,180523441.0,17640.0,97160.0
2001,Eastern and Midland,"Public Admin, Education and Health",167960.0,7709220000.0,270942298.59999996,7010.0,174970.0
2001,Eastern and Midland,Real Estate Activities,3170.0,5832090000.0,8461597.095999999,1210.0,4380.0
2001,Ireland,"Agriculture, Forestry and Fishing",23580.0,2434290000.0,348331808.8,101260.0,124840.0
2001,Ireland,All Sectors,1505290.0,108813820000.0,3408950487.0,316640.0,1821940.0
2001,Ireland,"Arts, Entertainment and Other Services",65990.0,2364970000.0,140146403.8,19140.0,85130.0
2001,Ireland,Construction,113120.0,8081380000.0,316563779.2,40180.0,153300.0
2001,Ireland,"Distribution, Transport, Hotels and Restaurants",385440.0,16577029999.999998,829403401.3000001,75270.0,460710.0
2001,Ireland,Financial and Insurance Activities,71050.0,8151190000.0,135947607.2,3550.0,74600.0
2001,Ireland,Industry (excl. Construction),315900.0,33530430000.0,654684659.9,23630.0,339530.0
2001,Ireland,Industry - of which Manufacturing,291890.0,30827360000.0,604126754.4,22080.0,313980.0
2001,Ireland,Information and Communication,71680.0,7843950000.0,150819136.9,7270.0,78950.0
2001,Ireland,"Professional, Admin and Support Services",127590.0,6923840000.0,291824371.5,29980.0,157570.0
2001,Ireland,"Public Admin, Education and Health",326180.0,14860360000.0,526833427.40000004,13670.0,339840.0
2001,Ireland,Real Estate Activities,4760.0,8046380000.0,14395890.85,2690.0,7450.0
2001,Northern and Western,"Agriculture, Forestry and Fishing",6430.0,515880000.0,113197951.5,36050.0,42480.0
2001,Northern and Western,All Sectors,227390.0,13078480000.0,578535651.4,73540.0,300930.0
2001,Northern and Western,"Arts, Entertainment and Other Services",9370.0,272020000.0,20384722.27,3380.0,12750.0
2001,Northern and Western,Construction,21000.0,1449280000.0,60195385.690000005,8680.0,29680.0
2001,Northern and Western,"Distribution, Transport, Hotels and Restaurants",54670.0,1772550000.0,127000799.6,14180.0,68850.0
2001,Northern and Western,Financial and Insurance Activities,5520.0,544120000.0,10140047.84,320.0,5840.0
2001,Northern and Western,Industry (excl. Construction),56920.0,4283649999.9999995,116211066.60000001,3950.0,60860.0
2001,Northern and Western,Industry - of which Manufacturing,52530.0,3853000000.0,107242741.3,3760.0,56290.0
2001,Northern and Western,Information and Communication,5420.0,503820000.0,10904853.88,640.0,6060.0
2001,Northern and Western,"Professional, Admin and Support Services",12870.0,547330000.0,30222786.23,3990.0,16860.0
2001,Northern and Western,"Public Admin, Education and Health",54660.0,2500660000.0,88192592.32,1820.0,56480.0
2001,Northern and Western,Real Estate Activities,530.0,689180000.0,2085445.4289999998,540.0,1070.0
2001,Southern,"Agriculture, Forestry and Fishing",10070.0,1360730000.0,167968003.3,48280.0,58350.0
2001,Southern,All Sectors,482340.0,33798970000.0,1158281884.0,123510.0,605850.0
2001,Southern,"Arts, Entertainment and Other Services",20600.0,597570000.0,45133651.29,6860.0,27450.0
2001,Southern,Construction,39370.0,2381060000.0,112322374.0,14700.0,54070.0
2001,Southern,"Distribution, Transport, Hotels and Restaurants",121640.0,5305230000.0,267463189.79999998,27800.0,149440.0
2001,Southern,Financial and Insurance Activities,13460.0,1227460000.0,26508180.23,1010.0,14470.0
2001,Southern,Industry (excl. Construction),123640.0,14259150000.0,257043815.8,9290.0,132920.0
2001,Southern,Industry - of which Manufacturing,116230.0,13334030000.0,240808125.20000002,8560.0,124790.0
2001,Southern,Information and Communication,13760.0,873380000.0,29217140.27,1450.0,15200.0
2001,Southern,"Professional, Admin and Support Services",35200.0,1618800000.0,81078144.23,8350.0,43550.0
2001,Southern,"Public Admin, Education and Health",103550.0,4650480000.0,167698536.4,4830.0,108390.0
2001,Southern,Real Estate Activities,1060.0,1525110000.0,3848848.329,940.0,1990.0
2002,Eastern and Midland,"Agriculture, Forestry and Fishing",7410.0,540430000.0,65303100.22,16260.000000000002,23670.0
2002,Eastern and Midland,All Sectors,799260.0,68225030000.0,1675182397.0,122890.0,922150.0
2002,Eastern and Midland,"Arts, Entertainment and Other Services",36760.0,1659790000.0,76942297.22999999,9110.0,45870.0
2002,Eastern and Midland,Construction,52420.0,4545130000.0,143819752.0,17530.0,69950.0
2002,Eastern and Midland,"Distribution, Transport, Hotels and Restaurants",208620.0,10320610000.0,437302969.5,35250.0,243870.0
2002,Eastern and Midland,Financial and Insurance Activities,51870.0,6942310000.0,98393297.22999999,2260.0,54130.0
2002,Eastern and Midland,Industry (excl. Construction),127450.0,17540050000.0,265615038.4,10870.0,138320.0
2002,Eastern and Midland,Industry - of which Manufacturing,114730.0,16196170000.0,239786321.8,10380.0,125110.0
2002,Eastern and Midland,Information and Communication,51820.0,6430310000.0,110815508.3,6070.0,57890.0
2002,Eastern and Midland,"Professional, Admin and Support Services",79050.0,4829600000.0,177914013.4,17050.0,96100.0
2002,Eastern and Midland,"Public Admin, Education and Health",180330.0,8699370000.0,289903255.8,7220.0,187550.0
2002,Eastern and Midland,Real Estate Activities,3540.0,6717430000.0,9173165.192,1250.0,4800.0
2002,Ireland,"Agriculture, Forestry and Fishing",23510.0,2359980000.0,333567628.8,97510.0,121030.0
2002,Ireland,All Sectors,1532810.0,120604620000.0,3430949833.0,316450.0,1849260.0
2002,Ireland,"Arts, Entertainment and Other Services",69250.0,2628410000.0,146400000.70000002,18790.0,88030.0
2002,Ireland,Construction,113520.0,8671760000.0,318389592.7,42160.0,155680.0
2002,Ireland,"Distribution, Transport, Hotels and Restaurants",392350.0,18044840000.0,839820039.6999999,75550.0,467910.0
2002,Ireland,Financial and Insurance Activities,71510.0,8866870000.0,135753718.9,3500.0,75010.0
2002,Ireland,Industry (excl. Construction),302380.0,39070650000.0,626163648.2,24150.0,326530.0
2002,Ireland,Industry - of which Manufacturing,277500.0,36372790000.0,574758313.9,22920.0,300420.0
2002,Ireland,Information and Communication,72420.0,7784700000.0,153813349.6,8290.0,80710.0
2002,Ireland,"Professional, Admin and Support Services",129280.0,7051150000.0,294689617.90000004,30270.0,159560.0
2002,Ireland,"Public Admin, Education and Health",353070.0,16861570000.0,567388336.9,13860.0,366930.0
2002,Ireland,Real Estate Activities,5520.0,9264710000.0,14963899.93,2350.0,7870.0
2002,Northern and Western,"Agriculture, Forestry and Fishing",6120.0,500020000.0,106755097.5,33790.0,39910.0
2002,Northern and Western,All Sectors,235880.0,14511970000.0,585173850.6999999,73040.0,308920.0
2002,Northern and Western,"Arts, Entertainment and Other Services",9770.0,299960000.0,21029348.83,3220.0,12990.0
2002,Northern and Western,Construction,22340.0,1558260000.0,64261326.19,10000.0,32340.000000000004
2002,Northern and Western,"Distribution, Transport, Hotels and Restaurants",56810.0,1927540000.0,128661751.2,14400.0,71210.0
2002,Northern and Western,Financial and Insurance Activities,6520.0,589790000.0,11750931.04,290.0,6810.0
2002,Northern and Western,Industry (excl. Construction),54600.0,4910260000.0,111065650.89999999,3890.0,58490.0
2002,Northern and Western,Industry - of which Manufacturing,50380.0,4454480000.0,102150657.7,3650.0,54030.0
2002,Northern and Western,Information and Communication,6050.0,498680000.0,12172473.309999999,690.0,6740.0
2002,Northern and Western,"Professional, Admin and Support Services",13540.0,566810000.0,31956748.75,4170.0,17710.0
2002,Northern and Western,"Public Admin, Education and Health",59560.0,2869270000.0,95508058.42,2060.0,61620.0
2002,Northern and Western,Real Estate Activities,560.0,791400000.0,2012464.585,540.0,1100.0
2002,Southern,"Agriculture, Forestry and Fishing",9980.0,1319540000.0,161509431.1,47460.0,57440.0
2002,Southern,All Sectors,497670.0,37867620000.0,1170593585.0,120520.0,618190.0
2002,Southern,"Arts, Entertainment and Other Services",22720.0,668660000.0,48428354.62,6460.0,29180.0
2002,Southern,Construction,38760.0,2568360000.0,110308514.5,14640.0,53390.0
2002,Southern,"Distribution, Transport, Hotels and Restaurants",126920.0,5796700000.0,273855319.0,25910.0,152830.0
2002,Southern,Financial and Insurance Activities,13120.0,1334760000.0,25609490.65,950.0,14070.0
2002,Southern,Industry (excl. Construction),120330.0,16620330000.000002,249482958.9,9390.0,129720.0
2002,Southern,Industry - of which Manufacturing,112390.0,15722130000.0,232821334.29999998,8890.0,121270.0
2002,Southern,Information and Communication,14550.0,855710000.0,30825367.96,1530.0,16079.999999999998
2002,Southern,"Professional, Admin and Support Services",36690.0,1654740000.0,84818855.75,9060.0,45750.0
2002,Southern,"Public Admin, Education and Health",113180.0,5292930000.0,181977022.6,4580.0,117760.0
2002,Southern,Real Estate Activities,1410.0,1755880000.0,3778270.151,560.0,1970.0
2003,Eastern and Midland,"Agriculture, Forestry and Fishing",7600.0,493570000.0,66432767.56999999,16720.0,24320.0
2003,Eastern and Midland,All Sectors,810810.0,74307310000.0,1673700887.0,125570.0,936380.0
2003,Eastern and Midland,"Arts, Entertainment and Other Services",37490.0,1818340000.0,78807736.26,10060.0,47550.0
2003,Eastern and Midland,Construction,53610.0,5237490000.0,145448491.79999998,18390.0,72000.0
2003,Eastern and Midland,"Distribution, Transport, Hotels and Restaurants",209380.0,11577700000.0,424146418.8,33350.0,242730.0
2003,Eastern and Midland,Financial and Insurance Activities,54480.0,9035280000.0,102578274.9,2000.0,56480.0
2003,Eastern and Midland,Industry (excl. Construction),125280.0,16655869999.999998,261101187.29999998,11220.0,136500.0
2003,Eastern and Midland,Industry - of which Manufacturing,112570.0,15158890000.0,235269061.3,10630.0,123210.0
2003,Eastern and Midland,Information and Communication,48680.0,7020850000.0,103408256.5,5910.0,54600.0
2003,Eastern and Midland,"Professional, Admin and Support Services",81510.0,5610110000.0,184247323.0,18950.0,100460.0
2003,Eastern and Midland,"Public Admin, Education and Health",189500.0,9862740000.0,299234142.5,7630.0,197140.0
2003,Eastern and Midland,Real Estate Activities,3270.0,6995360000.0,8296287.967,1330.0,4600.0
2003,Ireland,"Agriculture, Forestry and Fishing",23330.0,2154540000.0,318839741.90000004,93630.0,116960.0
2003,Ireland,All Sectors,1566800.0,128986900000.0,3436427743.0,317940.0,1884740.0
2003,Ireland,"Arts, Entertainment and Other Services",70600.0,2877990000.0,149702293.5,20200.0,90800.0
2003,Ireland,Construction,117720.0,9933130000.0,324543431.90000004,43410.0,161130.0
2003,Ireland,"Distribution, Transport, Hotels and Restaurants",405170.0,20263900000.0,840332478.9,74780.0,479950.0
2003,Ireland,Financial and Insurance Activities,76460.0,11444200000.0,143751430.8,3160.0,79610.0
2003,Ireland,Industry (excl. Construction),294280.0,37028500000.0,609313869.6,24690.0,318980.0
2003,Ireland,Industry - of which Manufacturing,269480.0,34004690000.000004,557871602.1999999,23080.0,292560.0
2003,Ireland,Information and Communication,68840.0,8438340000.0,145577940.8,8260.0,77100.0
2003,Ireland,"Professional, Admin and Support Services",132520.0,8171120000.0,302776118.4,32830.0,165350.0
2003,Ireland,"Public Admin, Education and Health",372510.0,19032690000.0,587753294.5,14710.0,387210.0
2003,Ireland,Real Estate Activities,5370.0,9642480000.0,13837143.06,2270.0,7640.0
2003,Northern and Western,"Agriculture, Forestry and Fishing",4920.0,456680000.0,96701335.02,32080.0,37000.0
2003,Northern and Western,All Sectors,247080.0,15311350000.0,594962430.1999999,73510.0,320590.0
2003,Northern and Western,"Arts, Entertainment and Other Services",10360.0,334250000.0,22667167.17,3330.0,13690.0
2003,Northern and Western,Construction,22780.0,1787810000.0,66290982.529999994,10670.0,33450.0
2003,Northern and Western,"Distribution, Transport, Hotels and Restaurants",62100.0,2157950000.0,137146590.7,15190.0,77290.0
2003,Northern and Western,Financial and Insurance Activities,7250.0,754140000.0,13369133.08,610.0,7860.0
2003,Northern and Western,Industry (excl. Construction),51840.0,4652280000.0,106013201.10000001,4210.0,56050.0
2003,Northern and Western,Industry - of which Manufacturing,47490.0,4172529999.9999995,96671871.86,3710.0,51200.0
2003,Northern and Western,Information and Communication,6500.0,533720000.0,13399564.66,830.0,7330.0
2003,Northern and Western,"Professional, Admin and Support Services",15280.0,649480000.0,35053834.620000005,4120.0,19410.0
2003,Northern and Western,"Public Admin, Education and Health",65379.99999999999,3161830000.0,102693201.0,2280.0,67650.0
2003,Northern and Western,Real Estate Activities,660.0,823220000.0,1627420.36,200.0,870.0
2003,Southern,"Agriculture, Forestry and Fishing",10810.0,1204290000.0,155705639.3,44830.0,55640.0
2003,Southern,All Sectors,508910.0,39368230000.0,1167764426.0,118850.0,627760.0
2003,Southern,"Arts, Entertainment and Other Services",22740.0,725400000.0,48227390.12,6820.0,29560.0
2003,Southern,Construction,41330.0,2907830000.0,112803957.6,14350.0,55680.0
2003,Southern,"Distribution, Transport, Hotels and Restaurants",133690.0,6528250000.0,279039469.3,26240.0,159930.0
2003,Southern,Financial and Insurance Activities,14730.0,1654780000.0,27804022.819999997,540.0,15270.0
2003,Southern,Industry (excl. Construction),117160.0,15720340000.0,242199481.1,9270.0,126430.0
2003,Southern,Industry - of which Manufacturing,109410.0,14673280000.0,225930669.1,8740.0,118150.0
2003,Southern,Information and Communication,13650.0,883770000.0,28770119.57,1520.0,15170.0
2003,Southern,"Professional, Admin and Support Services",35720.0,1911540000.0,83474960.85000001,9760.0,45480.0
2003,Southern,"Public Admin, Education and Health",117630.0,6008120000.0,185825951.0,4790.0,122420.0
2003,Southern,Real Estate Activities,1440.0,1823910000.0,3913434.736,740.0,2170.0
2004,Eastern and Midland,"Agriculture, Forestry and Fishing",6590.0,563760000.0,59485513.11,14840.0,21430.0
2004,Eastern and Midland,All Sectors,833690.0,79619590000.0,1694578606.0,124160.0,957850.0
2004,Eastern and Midland,"Arts, Entertainment and Other Services",43510.0,1907570000.0,85379483.2,9160.0,52680.0
2004,Eastern and Midland,Construction,58170.0,6319730000.0,152507139.20000002,17880.0,76050.0
2004,Eastern and Midland,"Distribution, Transport, Hotels and Restaurants",214850.0,12227040000.0,435635545.09999996,35540.0,250390.0
2004,Eastern and Midland,Financial and Insurance Activities,59420.0,10170280000.0,110303618.9,2340.0,61760.0
2004,Eastern and Midland,Industry (excl. Construction),123600.0,16013930000.0,251480032.6,9640.0,133240.0
2004,Eastern and Midland,Industry - of which Manufacturing,110150.0,14469810000.0,224481100.5,9070.0,119220.0
2004,Eastern and Midland,Information and Communication,46840.0,7956030000.0,99048166.61,6040.0,52890.0
2004,Eastern and Midland,"Professional, Admin and Support Services",85650.0,6566740000.0,193983406.4,20140.0,105800.0
2004,Eastern and Midland,"Public Admin, Education and Health",192860.0,10856300000.0,300781861.4,7690.0,200540.0
2004,Eastern and Midland,Real Estate Activities,2190.0,7038210000.0,5973840.086,880.0,3070.0
2004,Ireland,"Agriculture, Forestry and Fishing",22790.0,2459670000.0,319605338.09999996,92650.0,115440.0
2004,Ireland,All Sectors,1615380.0,137429180000.0,3520989720.0,330760.0,1946140.0
2004,Ireland,"Arts, Entertainment and Other Services",79560.0,3022090000.0,163195277.8,21360.0,100920.0
2004,Ireland,Construction,133270.0,11947110000.0,358580391.0,46080.0,179350.0
2004,Ireland,"Distribution, Transport, Hotels and Restaurants",408220.0,21313740000.0,848792239.4,78180.0,486400.0
2004,Ireland,Financial and Insurance Activities,83720.0,12829770000.0,156349869.6,4070.0000000000005,87790.0
2004,Ireland,Industry (excl. Construction),291680.0,36127970000.0,593697649.3000001,23570.0,315250.0
2004,Ireland,Industry - of which Manufacturing,264450.0,33013610000.0,537305216.0999999,21560.0,286020.0
2004,Ireland,Information and Communication,67340.0,9495380000.0,142296210.7,8850.0,76200.0
2004,Ireland,"Professional, Admin and Support Services",144200.0,9527110000.0,330135958.0,36430.0,180630.0
2004,Ireland,"Public Admin, Education and Health",380550.0,20970920000.0,596610727.9000001,17550.0,398100.0
2004,Ireland,Real Estate Activities,4050.0,9735420000.0,11726058.48,2029.9999999999998,6080.0
2004,Northern and Western,"Agriculture, Forestry and Fishing",5800.0,521280000.0,97527188.78,31760.0,37560.0
2004,Northern and Western,All Sectors,260649.99999999997,16447040000.0,619600027.2,76990.0,337640.0
2004,Northern and Western,"Arts, Entertainment and Other Services",12020.0,347990000.0,25894728.16,3930.0,15950.0
2004,Northern and Western,Construction,26810.0,2142350000.0,74721138.08,11230.0,38040.0
2004,Northern and Western,"Distribution, Transport, Hotels and Restaurants",62910.0,2260930000.0,139331438.9,15360.0,78270.0
2004,Northern and Western,Financial and Insurance Activities,8100.0,837150000.0,14824146.66,470.0,8570.0
2004,Northern and Western,Industry (excl. Construction),52250.0,4650050000.0,106110136.8,4990.0,57240.0
2004,Northern and Western,Industry - of which Manufacturing,47510.0,4162670000.0,95678269.51,4230.0,51740.0
2004,Northern and Western,Information and Communication,7210.0,594390000.0,14654834.7,850.0,8060.000000000001
2004,Northern and Western,"Professional, Admin and Support Services",16650.0,737940000.0,37795846.18,4660.0,21300.0
2004,Northern and Western,"Public Admin, Education and Health",68150.0,3515270000.0,106780600.8,3440.0,71590.0
2004,Northern and Western,Real Estate Activities,760.0,839700000.0,1959968.179,300.0,1060.0
2004,Southern,"Agriculture, Forestry and Fishing",10400.0,1374620000.0,162592636.20000002,46040.0,56450.0
2004,Southern,All Sectors,521039.99999999994,41362550000.0,1206811087.0,129610.00000000001,650650.0
2004,Southern,"Arts, Entertainment and Other Services",24020.0,766530000.0,51921066.47,8260.0,32280.0
2004,Southern,Construction,48290.0,3485040000.0,131352113.8,16970.0,65260.00000000001
2004,Southern,"Distribution, Transport, Hotels and Restaurants",130449.99999999999,6825760000.0,273825255.5,27280.0,157730.0
2004,Southern,Financial and Insurance Activities,16200.0,1822340000.0,31222104.04,1270.0,17470.0
2004,Southern,Industry (excl. Construction),115840.0,15463990000.0,236107479.9,8940.0,124770.0
2004,Southern,Industry - of which Manufacturing,106790.0,14381130000.0,217145846.1,8260.0,115050.0
2004,Southern,Information and Communication,13290.0,944960000.0,28593209.36,1950.0,15250.0
2004,Southern,"Professional, Admin and Support Services",41900.0,2222440000.0,98356705.39,11630.0,53530.0
2004,Southern,"Public Admin, Education and Health",119550.0,6599360000.0,189048265.7,6420.0,125970.0
2004,Southern,Real Estate Activities,1100.0,1857510000.0,3792250.21,850.0,1950.0
2005,Eastern and Midland,"Agriculture, Forestry and Fishing",6310.0,402560000.0,60062390.440000005,15060.0,21360.0
2005,Eastern and Midland,All Sectors,878590.0,87366040000.0,1786285336.0,128639.99999999999,1007240.0
2005,Eastern and Midland,"Arts, Entertainment and Other Services",44320.0,2028500000.0,90126488.31,9800.0,54120.0
2005,Eastern and Midland,Construction,70010.0,7653420000.0,179155950.5,19000.0,89010.0
2005,Eastern and Midland,"Distribution, Transport, Hotels and Restaurants",222300.0,13484340000.0,447766649.7,35360.0,257649.99999999997
2005,Eastern and Midland,Financial and Insurance Activities,61850.0,11425210000.0,115433446.4,2530.0,64379.99999999999
2005,Eastern and Midland,Industry (excl. Construction),121190.0,16535349999.999998,249997128.9,9770.0,130960.00000000001
2005,Eastern and Midland,Industry - of which Manufacturing,106820.0,14957790000.0,220887754.5,8990.0,115820.0
2005,Eastern and Midland,Information and Communication,51000.0,8561559999.999999,108251370.1,6110.0,57110.0
2005,Eastern and Midland,"Professional, Admin and Support Services",91380.0,8466790000.000001,204236631.6,20970.0,112350.0
2005,Eastern and Midland,"Public Admin, Education and Health",206470.0,11568930000.0,321750312.7,8580.0,215050.0
2005,Eastern and Midland,Real Estate Activities,3770.0,7239390000.0,9504967.521,1480.0,5250.0
2005,Ireland,"Agriculture, Forestry and Fishing",21620.0,1760200000.0,315123258.90000004,91070.0,112700.0
2005,Ireland,All Sectors,1702440.0,149522680000.0,3688161774.0,334570.0,2037010.0
2005,Ireland,"Arts, Entertainment and Other Services",79390.0,3207260000.0,164028184.4,20040.0,99430.0
2005,Ireland,Construction,155440.0,14622020000.0,411196686.70000005,49230.0,204670.0
2005,Ireland,"Distribution, Transport, Hotels and Restaurants",427260.0,23680880000.0,880219975.6,79070.0,506330.0
2005,Ireland,Financial and Insurance Activities,86250.0,14604310000.0,161648170.9,4280.0,90530.0
2005,Ireland,Industry (excl. Construction),287990.0,36528250000.0,592954820.5,23060.0,311050.0
2005,Ireland,Industry - of which Manufacturing,257240.0,33366640000.0,530146813.4,21140.0,278380.0
2005,Ireland,Information and Communication,73360.0,10238220000.0,155892311.79999998,9000.0,82370.0
2005,Ireland,"Professional, Admin and Support Services",158280.0,12181760000.0,357290397.3,38890.0,197170.0
2005,Ireland,"Public Admin, Education and Health",407100.0,22685680000.0,634720418.7,17290.0,424390.0
2005,Ireland,Real Estate Activities,5740.0,10014100000.0,15087549.25,2630.0,8370.0
2005,Northern and Western,"Agriculture, Forestry and Fishing",6110.0,372680000.0,101247373.5,31880.0,37990.0
2005,Northern and Western,All Sectors,270920.0,18138040000.0,642742738.6,78090.0,349010.0
2005,Northern and Western,"Arts, Entertainment and Other Services",10960.0,359450000.0,23237444.26,3560.0,14520.0
2005,Northern and Western,Construction,30230.0,2698180000.0,84800552.59,12430.0,42660.0
2005,Northern and Western,"Distribution, Transport, Hotels and Restaurants",67100.0,2554840000.0,144157463.3,15640.0,82740.0
2005,Northern and Western,Financial and Insurance Activities,8150.0,973400000.0,14616684.26,390.0,8550.0
2005,Northern and Western,Industry (excl. Construction),53480.0,4694540000.0,110148826.5,4870.0,58350.0
2005,Northern and Western,Industry - of which Manufacturing,47750.0,4200390000.0000005,98294464.06,4370.0,52120.0
2005,Northern and Western,Information and Communication,6160.0,645540000.0,13102834.8,890.0,7050.0
2005,Northern and Western,"Professional, Admin and Support Services",18110.0,948980000.0,41197193.61,5310.0,23430.0
2005,Northern and Western,"Public Admin, Education and Health",70000.0,4022660000.0,108510349.8,2720.0,72730.0
2005,Northern and Western,Real Estate Activities,620.0,867770000.0,1724016.037,380.0,1000.0
2005,Southern,"Agriculture, Forestry and Fishing",9210.0,984960000.0,153813494.89999998,44130.0,53340.0
2005,Southern,All Sectors,552930.0,44018600000.0,1259133699.0,127840.0,680760.0
2005,Southern,"Arts, Entertainment and Other Services",24110.0,819310000.0,50664251.82,6690.0,30800.0
2005,Southern,Construction,55200.0,4270420000.0,147240183.7,17800.0,73000.0
2005,Southern,"Distribution, Transport, Hotels and Restaurants",137860.0,7641710000.0,288295862.7,28070.0,165940.0
2005,Southern,Financial and Insurance Activities,16239.999999999998,2205710000.0,31598040.27,1360.0,17600.0
2005,Southern,Industry (excl. Construction),113320.0,15298360000.0,232808865.2,8420.0,121750.0
2005,Southern,Industry - of which Manufacturing,102670.0,14208460000.0,210964594.79999998,7770.0,110440.0
2005,Southern,Information and Communication,16210.0,1031109999.9999999,34538106.89,2000.0,18210.0
2005,Southern,"Professional, Admin and Support Services",48790.0,2765990000.0,111856572.10000001,12610.0,61400.0
2005,Southern,"Public Admin, Education and Health",130630.0,7094100000.0,204459756.3,5990.0,136610.0
2005,Southern,Real Estate Activities,1360.0,1906940000.0,3858565.69,770.0,2130.0
2006,Eastern and Midland,"Agriculture, Forestry and Fishing",8640.0,390660000.0,66146626.260000005,15190.0,23830.0
2006,Eastern and Midland,All Sectors,933830.0,95603620000.0,1872186053.0,131320.0,1065150.0
2006,Eastern and Midland,"Arts, Entertainment and Other Services",46980.0,2280090000.0,93652993.13,10180.0,57160.0
2006,Eastern and Midland,Construction,77940.0,9262880000.0,199548069.3,21600.0,99540.0
2006,Eastern and Midland,"Distribution, Transport, Hotels and Restaurants",233000.0,14829680000.0,461558789.2,33900.0,266900.0
2006,Eastern and Midland,Financial and Insurance Activities,64310.0,12446780000.0,120071967.5,2710.0,67020.0
2006,Eastern and Midland,Industry (excl. Construction),124420.0,17410990000.0,255821010.9,10410.0,134830.0
2006,Eastern and Midland,Industry - of which Manufacturing,107870.0,15439330000.0,221878764.1,9580.0,117450.0
2006,Eastern and Midland,Information and Communication,55050.0,8563020000.0,114460382.7,6330.0,61380.0
2006,Eastern and Midland,"Professional, Admin and Support Services",99170.0,9272290000.0,215865696.9,20880.0,120050.0
2006,Eastern and Midland,"Public Admin, Education and Health",219700.0,13110740000.0,333883269.7,8750.0,228440.0
2006,Eastern and Midland,Real Estate Activities,4620.0,8036490000.0,11177246.91,1380.0,5990.0
2006,Ireland,"Agriculture, Forestry and Fishing",24950.0,1703360000.0,311926857.9,87910.0,112850.0
2006,Ireland,All Sectors,1794970.0,162578080000.0,3809835836.0,333270.0,2128250.0
2006,Ireland,"Arts, Entertainment and Other Services",83250.0,3667630000.0,167548963.4,20150.0,103400.0
2006,Ireland,Construction,173060.0,17364990000.0,456188013.7,55080.0,228140.0
2006,Ireland,"Distribution, Transport, Hotels and Restaurants",450100.0,26090530000.0,905710881.5,74310.0,524410.0
2006,Ireland,Financial and Insurance Activities,88120.0,15869470000.0,165315982.4,4310.0,92420.0
2006,Ireland,Industry (excl. Construction),290480.0,38258500000.0,596559101.4000001,24340.0,314810.0
2006,Ireland,Industry - of which Manufacturing,256300.0,34344600000.0,525416057.09999996,22190.0,278490.0
2006,Ireland,Information and Communication,75770.0,10294880000.0,157254469.3,8760.0,84530.0
2006,Ireland,"Professional, Admin and Support Services",167660.0,13388330000.0,369710950.3,38290.0,205950.0
2006,Ireland,"Public Admin, Education and Health",434270.0,24857260000.0,660890182.4000001,17370.0,451640.0
2006,Ireland,Real Estate Activities,7320.0,11083120000.0,18730434.22,2770.0,10090.0
2006,Northern and Western,"Agriculture, Forestry and Fishing",6110.0,361500000.0,91474564.01,28880.0,34980.0
2006,Northern and Western,All Sectors,280340.0,18851840000.0,637370731.4000001,72530.0,352870.0
2006,Northern and Western,"Arts, Entertainment and Other Services",11680.0,454610000.0,23031064.43,3170.0,14850.0
2006,Northern and Western,Construction,32680.0,3109730000.0,90683588.98,13410.0,46090.0
2006,Northern and Western,"Distribution, Transport, Hotels and Restaurants",71650.0,2799240000.0,144963811.3,13040.0,84700.0
2006,Northern and Western,Financial and Insurance Activities,7220.0,1046270000.0,13311445.809999999,370.0,7590.0
2006,Northern and Western,Industry (excl. Construction),50990.0,4664310000.0,103858098.3,4360.0,55350.0
2006,Northern and Western,Industry - of which Manufacturing,45150.0,4088290000.0,91400096.61,3790.0,48930.0
2006,Northern and Western,Information and Communication,4920.0,646060000.0,10235810.2,800.0,5720.0
2006,Northern and Western,"Professional, Admin and Support Services",17790.0,1019240000.0,40598321.53,5200.0,22990.0
2006,Northern and Western,"Public Admin, Education and Health",76630.0,3809530000.0,116967664.69999999,2720.0,79350.0
2006,Northern and Western,Real Estate Activities,660.0,941350000.0,2246362.168,590.0,1250.0
2006,Southern,"Agriculture, Forestry and Fishing",10200.0,951210000.0,154305667.6,43840.0,54040.0
2006,Southern,All Sectors,580810.0,48122620000.0,1300279052.0,129419.99999999999,710230.0
2006,Southern,"Arts, Entertainment and Other Services",24580.0,932940000.0,50864905.870000005,6810.0,31390.0
2006,Southern,Construction,62440.0,4992380000.0,165956355.4,20070.0,82500.0
2006,Southern,"Distribution, Transport, Hotels and Restaurants",145450.0,8461610000.000001,299188281.0,27370.0,172820.0
2006,Southern,Financial and Insurance Activities,16580.0,2376420000.0,31932569.1,1230.0,17810.0
2006,Southern,Industry (excl. Construction),115070.0,16183200000.0,236879992.20000002,9560.0,124630.0
2006,Southern,Industry - of which Manufacturing,103290.0,14816980000.0,212137196.39999998,8830.0,112120.0
2006,Southern,Information and Communication,15800.0,1085800000.0,32558276.34,1630.0,17430.0
2006,Southern,"Professional, Admin and Support Services",50700.0,3096800000.0,113246931.89999999,12210.0,62910.0
2006,Southern,"Public Admin, Education and Health",137940.0,7936980000.0,210039248.0,5900.0,143840.0
2006,Southern,Real Estate Activities,2040.0,2105280000.0000002,5306825.144,800.0,2840.0
2007,Eastern and Midland,"Agriculture, Forestry and Fishing",7860.0,471970000.0,68671367.89999999,17290.0,25150.0
2007,Eastern and Midland,All Sectors,977150.0,102514810000.0,1949894616.0,146530.0,1123680.0
2007,Eastern and Midland,"Arts, Entertainment and Other Services",46510.0,2593870000.0,92937309.49,11050.0,57550.0
2007,Eastern and Midland,Construction,80660.0,8396020000.0,204069794.6,23170.0,103830.0
2007,Eastern and Midland,"Distribution, Transport, Hotels and Restaurants",251000.0,16726029999.999998,489976463.09999996,37140.0,288140.0
2007,Eastern and Midland,Financial and Insurance Activities,67930.0,13940710000.0,126347631.5,3140.0,71070.0
2007,Eastern and Midland,Industry (excl. Construction),126680.0,17042599999.999998,258730850.10000002,11360.0,138040.0
2007,Eastern and Midland,Industry - of which Manufacturing,108780.0,14788860000.0,221257443.8,9860.0,118640.0
2007,Eastern and Midland,Information and Communication,52580.0,9511050000.0,109370465.2,7490.0,60060.0
2007,Eastern and Midland,"Professional, Admin and Support Services",109820.0,10419760000.0,240211968.7,24870.0,134690.0
2007,Eastern and Midland,"Public Admin, Education and Health",229030.0,14031470000.0,346610219.7,9190.0,238210.0
2007,Eastern and Midland,Real Estate Activities,5100.0,9381330000.0,12968545.37,1850.0,6960.0
2007,Ireland,"Agriculture, Forestry and Fishing",23580.0,2055870000.0,305883821.9,88590.0,112170.0
2007,Ireland,All Sectors,1857480.0,175065930000.0,3915537079.0,361120.0,2218600.0
2007,Ireland,"Arts, Entertainment and Other Services",82060.0,4081020000.0,167747889.7,22960.0,105020.0
2007,Ireland,Construction,177880.0,16062080000.0,466255690.9,59590.0,237470.0
2007,Ireland,"Distribution, Transport, Hotels and Restaurants",478620.0,28864130000.0,952738664.8000001,81830.0,560450.0
2007,Ireland,Financial and Insurance Activities,92190.0,17406890000.0,171544448.6,4770.0,96950.0
2007,Ireland,Industry (excl. Construction),290470.0,40155060000.0,592779660.3,26340.0,316810.0
2007,Ireland,Industry - of which Manufacturing,255640.0,35418770000.0,519258948.7,23490.0,279140.0
2007,Ireland,Information and Communication,74160.0,11382110000.0,153510614.6,10360.0,84520.0
2007,Ireland,"Professional, Admin and Support Services",180500.0,14928220000.0,400437821.5,44070.0,224580.0
2007,Ireland,"Public Admin, Education and Health",450000.0,27246300000.0,683482270.9,19160.0,469170.0
2007,Ireland,Real Estate Activities,8010.0,12884240000.0,21156195.650000002,3450.0,11460.0
2007,Northern and Western,"Agriculture, Forestry and Fishing",5760.0,435510000.0,86930500.35000001,27370.0,33130.0
2007,Northern and Western,All Sectors,284980.0,20851500000.0,643866613.9,75960.0,360940.0
2007,Northern and Western,"Arts, Entertainment and Other Services",11400.0,434690000.0,23811483.41,4050.0,15460.0
2007,Northern and Western,Construction,32000.0,2793190000.0,90101462.42,14220.0,46220.0
2007,Northern and Western,"Distribution, Transport, Hotels and Restaurants",74570.0,3064810000.0,151006082.3,14470.0,89030.0
2007,Northern and Western,Financial and Insurance Activities,7730.0,1100610000.0,13436225.49,330.0,8050.000000000001
2007,Northern and Western,Industry (excl. Construction),50260.0,5513220000.0,101659346.8,4820.0,55090.0
2007,Northern and Western,Industry - of which Manufacturing,44880.0,4809190000.0,90230903.16,4500.0,49380.0
2007,Northern and Western,Information and Communication,5890.0,715470000.0,11966388.58,920.0,6810.0
2007,Northern and Western,"Professional, Admin and Support Services",17620.0,1061420000.0000001,42044653.51,6010.0,23630.0
2007,Northern and Western,"Public Admin, Education and Health",78730.0,4652460000.0,120309507.4,3250.0,81980.0
2007,Northern and Western,Real Estate Activities,1020.0,1080120000.0,2600963.651,510.0,1530.0
2007,Southern,"Agriculture, Forestry and Fishing",9970.0,1148400000.0,150281953.6,43930.0,53890.0
2007,Southern,All Sectors,595340.0,51699620000.0,1321775849.0,138630.0,733980.0
2007,Southern,"Arts, Entertainment and Other Services",24160.0,1052470000.0,50999096.769999996,7860.0,32009.999999999996
2007,Southern,Construction,65220.0,4872880000.0,172084433.8,22200.0,87420.0
2007,Southern,"Distribution, Transport, Hotels and Restaurants",153060.0,9073290000.0,311756119.40000004,30220.0,183280.0
2007,Southern,Financial and Insurance Activities,16530.0,2365570000.0,31760591.61,1300.0,17830.0
2007,Southern,Industry (excl. Construction),113530.0,17599240000.0,232389463.4,10160.0,123690.0
2007,Southern,Industry - of which Manufacturing,101990.0,15820720000.0,207770601.8,9130.0,111110.0
2007,Southern,Information and Communication,15690.0,1155580000.0,32173760.86,1950.0,17640.0
2007,Southern,"Professional, Admin and Support Services",53060.0,3447040000.0,118181199.3,13190.0,66250.0
2007,Southern,"Public Admin, Education and Health",142240.0,8562379999.999999,216562543.8,6730.0,148970.0
2007,Southern,Real Estate Activities,1890.0,2422790000.0,5586686.630999999,1090.0,2980.0
2008,Eastern and Midland,"Agriculture, Forestry and Fishing",8970.0,361740000.0,73271505.16,18790.0,27760.0
2008,Eastern and Midland,All Sectors,967590.0,99747580000.0,1903066847.0,148910.0,1116500.0
2008,Eastern and Midland,"Arts, Entertainment and Other Services",48820.0,2522120000.0,95434174.77,11670.0,60500.0
2008,Eastern and Midland,Construction,67450.0,5061730000.0,172852968.3,24660.0,92120.0
2008,Eastern and Midland,"Distribution, Transport, Hotels and Restaurants",249090.0,15454110000.0,478664922.1,36780.0,285870.0
2008,Eastern and Midland,Financial and Insurance Activities,69690.0,12768130000.0,127321394.3,2650.0,72340.0
2008,Eastern and Midland,Industry (excl. Construction),121070.0,17810850000.0,246627370.7,11600.0,132660.0
2008,Eastern and Midland,Industry - of which Manufacturing,104450.0,15478470000.0,211545029.60000002,10120.0,114570.0
2008,Eastern and Midland,Information and Communication,52940.0,10663020000.0,108996626.60000001,6890.0,59830.0
2008,Eastern and Midland,"Professional, Admin and Support Services",108460.0,10105090000.0,233058076.29999998,24660.0,133120.0
2008,Eastern and Midland,"Public Admin, Education and Health",236320.0,15738210000.0,355077024.2,9340.0,245660.0
2008,Eastern and Midland,Real Estate Activities,4770.0,9262600000.0,11762784.229999999,1870.0,6640.0
2008,Ireland,"Agriculture, Forestry and Fishing",24460.0,1591960000.0,306268568.8,91700.0,116160.0
2008,Ireland,All Sectors,1828120.0,167334950000.0,3801388840.0,368550.0,2196670.0
2008,Ireland,"Arts, Entertainment and Other Services",85770.0,3948360000.0,170272568.20000002,23790.0,109560.0
2008,Ireland,Construction,146720.0,11049230000.0,391399991.09999996,61990.0,208710.0
2008,Ireland,"Distribution, Transport, Hotels and Restaurants",475420.0,27253490000.0,931125135.6999999,80330.0,555750.0
2008,Ireland,Financial and Insurance Activities,95770.0,16421140000.0,175162139.8,4340.0,100120.0
2008,Ireland,Industry (excl. Construction),276400.0,37504910000.0,563830232.6,27090.0,303490.0
2008,Ireland,Industry - of which Manufacturing,241770.0,32885150000.0,491146084.09999996,24360.0,266130.0
2008,Ireland,Information and Communication,76900.0,12751760000.0,158675132.2,10330.0,87230.0
2008,Ireland,"Professional, Admin and Support Services",175860.0,14487870000.0,387671381.5,46280.0,222140.0
2008,Ireland,"Public Admin, Education and Health",462970.0,29536690000.0,697040311.0,19280.0,482250.0
2008,Ireland,Real Estate Activities,7860.0,12789540000.0,19943379.59,3410.0,11270.0
2008,Northern and Western,"Agriculture, Forestry and Fishing",5470.0,336110000.0,90134134.37,29070.0,34540.0
2008,Northern and Western,All Sectors,274150.0,20195040000.0,618970840.8,78590.0,352750.0
2008,Northern and Western,"Arts, Entertainment and Other Services",11970.0,438770000.0,24174556.44,4620.0,16590.0
2008,Northern and Western,Construction,25760.0,2320230000.0,76286566.0,15070.0,40830.0
2008,Northern and Western,"Distribution, Transport, Hotels and Restaurants",71670.0,3044290000.0,144253191.7,14040.0,85710.0
2008,Northern and Western,Financial and Insurance Activities,9640.0,1182200000.0,16471782.780000001,340.0,9980.0
2008,Northern and Western,Industry (excl. Construction),44560.0,4586160000.0,90724000.48,4570.0,49130.0
2008,Northern and Western,Industry - of which Manufacturing,39240.0,3919410000.0,79607162.71000001,4070.0000000000005,43310.0
2008,Northern and Western,Information and Communication,7160.0,874120000.0,14564137.32,980.0,8140.000000000001
2008,Northern and Western,"Professional, Admin and Support Services",18560.0,1204180000.0,42021901.519999996,6320.0,24880.0
2008,Northern and Western,"Public Admin, Education and Health",78410.0,5088460000.0,117826334.9,3110.0,81520.0
2008,Northern and Western,Real Estate Activities,960.0,1120530000.0,2514235.255,480.0,1440.0
2008,Southern,"Agriculture, Forestry and Fishing",10010.0,894120000.0,142862929.20000002,43840.0,53860.0
2008,Southern,All Sectors,586380.0,47392330000.0,1279351153.0,141040.0,727430.0
2008,Southern,"Arts, Entertainment and Other Services",24970.0,987480000.0,50663836.96,7490.0,32470.0
2008,Southern,Construction,53500.0,3667270000.0,142260456.8,22260.0,75760.0
2008,Southern,"Distribution, Transport, Hotels and Restaurants",154660.0,8755090000.0,308207021.8,29510.0,184170.0
2008,Southern,Financial and Insurance Activities,16450.0,2470800000.0,31368962.7,1350.0,17790.0
2008,Southern,Industry (excl. Construction),110780.0,15107910000.0,226478861.4,10920.0,121700.0
2008,Southern,Industry - of which Manufacturing,98080.0,13487270000.0,199993891.8,10170.0,108250.0
2008,Southern,Information and Communication,16800.0,1214620000.0,35114368.269999996,2470.0,19260.0
2008,Southern,"Professional, Admin and Support Services",48840.0,3178590000.0,112591403.69999999,15300.0,64150.00000000001
2008,Southern,"Public Admin, Education and Health",148240.0,8710020000.0,224136951.89999998,6830.0,155070.0
2008,Southern,Real Estate Activities,2130.0,2406420000.0,5666360.111,1060.0,3190.0
2009,Eastern and Midland,"Agriculture, Forestry and Fishing",7440.0,218690000.0,60773797.8,16270.0,23710.0
2009,Eastern and Midland,All Sectors,869730.0,89466070000.0,1671463869.0,141800.0,1011530.0
2009,Eastern and Midland,"Arts, Entertainment and Other Services",45310.0,2299360000.0,89165642.52,11390.0,56700.0
2009,Eastern and Midland,Construction,38400.0,1876610000.0,99958572.38,19120.0,57530.0
2009,Eastern and Midland,"Distribution, Transport, Hotels and Restaurants",223710.0,14062370000.0,422470255.1,36420.0,260130.0
2009,Eastern and Midland,Financial and Insurance Activities,71950.0,12876170000.0,129679460.9,2750.0,74700.0
2009,Eastern and Midland,Industry (excl. Construction),103200.0,17817940000.0,205407603.20000002,11160.0,114360.0
2009,Eastern and Midland,Industry - of which Manufacturing,88020.0,15445050000.0,175204060.1,10030.0,98050.0
2009,Eastern and Midland,Information and Communication,52040.0,10791480000.0,105954243.5,6490.0,58520.0
2009,Eastern and Midland,"Professional, Admin and Support Services",89110.0,8909110000.0,194836572.9,24930.0,114040.0
2009,Eastern and Midland,"Public Admin, Education and Health",234700.0,14800170000.0,353515023.6,11330.0,246030.0
2009,Eastern and Midland,Real Estate Activities,3870.0,5814170000.0,9702696.814000001,1930.0,5800.0
2009,Ireland,"Agriculture, Forestry and Fishing",21910.0,945850000.0,287436175.40000004,90560.0,112470.0
2009,Ireland,All Sectors,1660820.0,152335860000.0,3378439889.0,352610.0,2013430.0
2009,Ireland,"Arts, Entertainment and Other Services",79650.0,3613540000.0,159789734.9,23520.0,103170.0
2009,Ireland,Construction,86490.0,4170490000.0,232570946.39999998,47320.0,133810.0
2009,Ireland,"Distribution, Transport, Hotels and Restaurants",437490.0,24639420000.0,837701671.5,78990.0,516490.0
2009,Ireland,Financial and Insurance Activities,97020.0,16043680000.0,175301516.1,4390.0,101410.0
2009,Ireland,Industry (excl. Construction),240510.0,39246480000.0,477883084.09999996,25970.0,266480.0
2009,Ireland,Industry - of which Manufacturing,210980.0,34562850000.0,418333647.9,23590.0,234570.0
2009,Ireland,Information and Communication,78210.0,12752430000.0,160228244.0,10330.0,88550.0
2009,Ireland,"Professional, Admin and Support Services",149500.0,13161210000.0,331761638.09999996,45310.0,194810.0
2009,Ireland,"Public Admin, Education and Health",463680.0,29486820000.0,699540356.8,22780.0,486470.0
2009,Ireland,Real Estate Activities,6350.0,8275940000.000001,16226522.059999999,3440.0,9790.0
2009,Northern and Western,"Agriculture, Forestry and Fishing",5300.0,202090000.0,83546889.22,28890.0,34190.0
2009,Northern and Western,All Sectors,260380.0,16628470000.000002,567342757.6999999,75210.0,335590.0
2009,Northern and Western,"Arts, Entertainment and Other Services",11890.0,399140000.0,24153201.740000002,4340.0,16230.0
2009,Northern and Western,Construction,15890.0,654390000.0,47204509.54,11220.0,27110.0
2009,Northern and Western,"Distribution, Transport, Hotels and Restaurants",69540.0,2657020000.0,134025443.2,13870.0,83410.0
2009,Northern and Western,Financial and Insurance Activities,7750.0,1011190000.0,13503720.51,480.0,8230.0
2009,Northern and Western,Industry (excl. Construction),44150.0,3939140000.0,86771964.81,4820.0,48960.0
2009,Northern and Western,Industry - of which Manufacturing,39270.0,3340740000.0,76697523.07,4340.0,43610.0
2009,Northern and Western,Information and Communication,9000.0,682320000.0,18009439.849999998,1000.0,10000.0
2009,Northern and Western,"Professional, Admin and Support Services",16570.0,943100000.0,37476158.0,6130.0,22700.0
2009,Northern and Western,"Public Admin, Education and Health",79440.0,5364660000.0,120486359.89999999,3930.0,83370.0
2009,Northern and Western,Real Estate Activities,860.0,775410000.0,2165070.957,530.0,1390.0
2009,Southern,"Agriculture, Forestry and Fishing",9180.0,525059999.99999994,143115488.4,45400.0,54570.0
2009,Southern,All Sectors,530710.0,46241320000.0,1139633263.0,135600.0,666310.0
2009,Southern,"Arts, Entertainment and Other Services",22450.0,915040000.0,46470890.66,7790.0,30240.0
2009,Southern,Construction,32200.000000000004,1639490000.0,85407864.48,16980.0,49170.0
2009,Southern,"Distribution, Transport, Hotels and Restaurants",144240.0,7920020000.0,281205973.2,28700.0,172950.0
2009,Southern,Financial and Insurance Activities,17320.0,2156320000.0,32118334.610000003,1160.0,18480.0
2009,Southern,Industry (excl. Construction),93160.0,17489410000.0,185703516.0,10000.0,103150.0
2009,Southern,Industry - of which Manufacturing,83690.0,15777050000.0,166432064.79999998,9220.0,92910.0
2009,Southern,Information and Communication,17180.0,1278640000.0,36264560.65,2850.0,20030.0
2009,Southern,"Professional, Admin and Support Services",43830.0,3309000000.0,99448907.17,14240.0,58070.0
2009,Southern,"Public Admin, Education and Health",149540.0,9321990000.0,225538973.3,7520.0,157060.0
2009,Southern,Real Estate Activities,1620.0,1686360000.0,4358754.293,980.0,2600.0
2010,Eastern and Midland,"Agriculture, Forestry and Fishing",5770.0,368130000.0,54204294.17,15350.0,21120.0
2010,Eastern and Midland,All Sectors,835810.0,90032770000.0,1601666340.0,134360.0,970180.0
2010,Eastern and Midland,"Arts, Entertainment and Other Services",42880.0,2278600000.0,81041571.2,11380.0,54270.0
2010,Eastern and Midland,Construction,27970.0,1040599999.9999999,74052727.03,15450.0,43420.0
2010,Eastern and Midland,"Distribution, Transport, Hotels and Restaurants",215440.0,14836850000.0,408353024.7,35800.0,251250.0
2010,Eastern and Midland,Financial and Insurance Activities,67560.0,14130450000.0,124966957.7,2700.0,70260.0
2010,Eastern and Midland,Industry (excl. Construction),95520.0,13246940000.0,189654842.29999998,8450.0,103970.0
2010,Eastern and Midland,Industry - of which Manufacturing,79240.0,11482650000.0,158325851.3,7730.0,86970.0
2010,Eastern and Midland,Information and Communication,50540.0,11689700000.0,108011856.7,7830.0,58380.0
2010,Eastern and Midland,"Professional, Admin and Support Services",82910.0,9869250000.0,183468375.1,23690.0,106600.0
2010,Eastern and Midland,"Public Admin, Education and Health",243010.0,15362890000.0,367661745.40000004,11780.0,254790.0
2010,Eastern and Midland,Real Estate Activities,4200.0,7209360000.0,10250945.299999999,1920.0,6120.0
2010,Ireland,"Agriculture, Forestry and Fishing",24470.0,1598010000.0,283598040.09999996,86030.0,110500.0
2010,Ireland,All Sectors,1591740.0,152323740000.0,3232078374.0,331270.0,1923010.0
2010,Ireland,"Arts, Entertainment and Other Services",75650.0,3582730000.0,146354464.4,23760.0,99410.0
2010,Ireland,Construction,61710.0,2342320000.0,170488018.1,38310.0,100020.0
2010,Ireland,"Distribution, Transport, Hotels and Restaurants",423030.0,24891210000.0,812705202.8,77500.0,500530.0
2010,Ireland,Financial and Insurance Activities,90220.0,17479220000.0,167855506.5,4480.0,94690.0
2010,Ireland,Industry (excl. Construction),227540.0,36725960000.0,452477223.7,20840.0,248380.0
2010,Ireland,Industry - of which Manufacturing,198390.0,32629400000.0,394963764.6,19040.0,217440.0
2010,Ireland,Information and Communication,76740.0,14008330000.0,163761709.20000002,11730.0,88460.0
2010,Ireland,"Professional, Admin and Support Services",140370.0,13918270000.0,313239998.59999996,42300.0,182660.0
2010,Ireland,"Public Admin, Education and Health",465550.0,27923280000.0,705651365.9,23280.0,488830.0
2010,Ireland,Real Estate Activities,6470.0,9854430000.0,15946844.58,3040.0,9510.0
2010,Northern and Western,"Agriculture, Forestry and Fishing",7250.0,336320000.0,83384167.66000001,25450.0,32700.000000000004
2010,Northern and Western,All Sectors,249200.0,17983390000.0,544505109.5,69960.0,319160.0
2010,Northern and Western,"Arts, Entertainment and Other Services",10740.0,400780000.0,22224409.29,4820.0,15560.0
2010,Northern and Western,Construction,10590.0,343150000.0,32855945.209999997,8760.0,19350.0
2010,Northern and Western,"Distribution, Transport, Hotels and Restaurants",66850.0,2653600000.0,129634763.2,13550.0,80400.0
2010,Northern and Western,Financial and Insurance Activities,6530.0,1056970000.0,11804908.84,450.0,6980.0
2010,Northern and Western,Industry (excl. Construction),45540.0,6463420000.0,90884229.34,4740.0,50280.0
2010,Northern and Western,Industry - of which Manufacturing,41420.0,5791520000.0,81825185.58999999,4160.0,45580.0
2010,Northern and Western,Information and Communication,8220.0,889970000.0,17877995.869999997,1400.0,9610.0
2010,Northern and Western,"Professional, Admin and Support Services",15820.0,801990000.0,36833429.46,6380.0,22200.0
2010,Northern and Western,"Public Admin, Education and Health",77000.0,4160380000.0,117425665.7,4140.0,81140.0
2010,Northern and Western,Real Estate Activities,660.0,876800000.0,1579594.9980000001,260.0,930.0
2010,Southern,"Agriculture, Forestry and Fishing",11450.0,893560000.0,146009578.29999998,45230.0,56690.0
2010,Southern,All Sectors,506730.0,44307580000.0,1085906925.0,126950.0,633670.0
2010,Southern,"Arts, Entertainment and Other Services",22020.0,903340000.0,43088483.95,7560.0,29580.0
2010,Southern,Construction,23150.0,958570000.0,63579345.88,14100.0,37250.0
2010,Southern,"Distribution, Transport, Hotels and Restaurants",140740.0,7400760000.0,274717415.0,28140.0,168880.0
2010,Southern,Financial and Insurance Activities,16129.999999999998,2291790000.0,31083640.009999998,1330.0,17450.0
2010,Southern,Industry (excl. Construction),86480.0,17015610000.0,171938152.1,7650.0,94130.0
2010,Southern,Industry - of which Manufacturing,77730.0,15355240000.0,154812727.7,7150.0,84880.0
2010,Southern,Information and Communication,17980.0,1428660000.0,37871856.67,2500.0,20470.0
2010,Southern,"Professional, Admin and Support Services",41650.0,3247020000.0,92938194.05000001,12220.0,53860.0
2010,Southern,"Public Admin, Education and Health",145530.0,8400010000.0,220563954.8,7360.0,152900.0
2010,Southern,Real Estate Activities,1600.0,1768260000.0,4116304.288,860.0,2460.0
2011,Eastern and Midland,"Agriculture, Forestry and Fishing",7830.0,461610000.0,53089714.870000005,12880.0,20720.0
2011,Eastern and Midland,All Sectors,823000.0,93983110000.0,1580663270.0,131480.0,954480.0
2011,Eastern and Midland,"Arts, Entertainment and Other Services",44840.0,2140540000.0,83096860.5,10840.0,55690.0
2011,Eastern and Midland,Construction,25250.0,920730000.0,66932603.8,13370.0,38620.0
2011,Eastern and Midland,"Distribution, Transport, Hotels and Restaurants",210850.0,15850740000.0,403827764.4,36070.0,246920.0
2011,Eastern and Midland,Financial and Insurance Activities,66550.0,12362930000.0,123621288.19999999,3010.0,69560.0
2011,Eastern and Midland,Industry (excl. Construction),89040.0,16591140000.0,177887855.7,7650.0,96690.0
2011,Eastern and Midland,Industry - of which Manufacturing,76720.0,14655580000.0,153723322.79999998,6860.0,83580.0
2011,Eastern and Midland,Information and Communication,50490.0,12140440000.0,110760125.10000001,8910.0,59390.0
2011,Eastern and Midland,"Professional, Admin and Support Services",85420.0,11135160000.0,189768956.29999998,25220.0,110650.0
2011,Eastern and Midland,"Public Admin, Education and Health",238990.0,14824130000.0,360831268.09999996,11040.0,250040.0
2011,Eastern and Midland,Real Estate Activities,3720.0,7555700000.0,10846833.09,2490.0,6210.0
2011,Ireland,"Agriculture, Forestry and Fishing",26380.0,2085770000.0,275796556.0,81470.0,107850.0
2011,Ireland,All Sectors,1568440.0,158278780000.0,3174586125.0,317410.0,1885850.0
2011,Ireland,"Arts, Entertainment and Other Services",78580.0,3387840000.0,148109156.1,22550.0,101130.0
2011,Ireland,Construction,56710.0,2069940000.0,153244088.5,31600.0,88310.0
2011,Ireland,"Distribution, Transport, Hotels and Restaurants",409470.0,26710090000.0,790417909.5,75250.0,484720.0
2011,Ireland,Financial and Insurance Activities,89160.0,15608840000.0,166147884.0,4810.0,93970.0
2011,Ireland,Industry (excl. Construction),223010.0,40001670000.0,443989143.7,18410.0,241430.0
2011,Ireland,Industry - of which Manufacturing,197510.0,35658560000.0,393312290.90000004,16500.0,214010.0
2011,Ireland,Information and Communication,75420.0,14313260000.0,166258831.0,14100.0,89520.0
2011,Ireland,"Professional, Admin and Support Services",143820.0,15743890000.0,318477178.8,43390.0,187220.0
2011,Ireland,"Public Admin, Education and Health",460120.0,28077010000.0,695466999.1,21980.0,482100.0
2011,Ireland,Real Estate Activities,5770.0,10280460000.0,16678378.9,3840.0,9610.0
2011,Northern and Western,"Agriculture, Forestry and Fishing",7570.0,436640000.0,85222684.69,27470.0,35040.0
2011,Northern and Western,All Sectors,245080.0,17467710000.0,523895983.2,64810.0,309890.0
2011,Northern and Western,"Arts, Entertainment and Other Services",11140.0,366390000.0,20359259.89,3740.0,14880.0
2011,Northern and Western,Construction,10250.0,349840000.0,29350234.240000002,6530.0,16780.0
2011,Northern and Western,"Distribution, Transport, Hotels and Restaurants",62370.0,2724960000.0,120241166.80000001,12970.0,75340.0
2011,Northern and Western,Financial and Insurance Activities,7520.0,949870000.0,13243719.3,450.0,7960.0
2011,Northern and Western,Industry (excl. Construction),44360.0,5243350000.0,86807875.79,3040.0,47400.0
2011,Northern and Western,Industry - of which Manufacturing,40530.0,4677520000.0,78901665.27,2660.0,43200.0
2011,Northern and Western,Information and Communication,8010.0,832220000.0,16831822.540000003,1410.0,9420.0
2011,Northern and Western,"Professional, Admin and Support Services",18190.0,928270000.0,37315643.82,5390.0,23580.0
2011,Northern and Western,"Public Admin, Education and Health",75180.0,4823210000.0,113067663.6,3400.0,78580.0
2011,Northern and Western,Real Estate Activities,500.0,812950000.0,1455912.464,410.0,910.0
2011,Southern,"Agriculture, Forestry and Fishing",10970.0,1187520000.0,137484156.5,41120.0,52090.0
2011,Southern,All Sectors,500420.0,46827960000.0,1070026872.0,121120.0,621540.0
2011,Southern,"Arts, Entertainment and Other Services",22600.0,880910000.0,44653035.669999994,7960.0,30560.0
2011,Southern,Construction,21220.0,799380000.0,56961250.419999994,11700.0,32910.0
2011,Southern,"Distribution, Transport, Hotels and Restaurants",136240.0,8134390000.0,266348978.20000002,26220.0,162460.0
2011,Southern,Financial and Insurance Activities,15090.0,2296050000.0,29282876.520000003,1360.0,16450.0
2011,Southern,Industry (excl. Construction),89670.0,18167180000.0,179293412.1,7720.0,97390.0
2011,Southern,Industry - of which Manufacturing,80310.0,16325460000.0,160687302.8,6970.0,87290.0
2011,Southern,Information and Communication,16920.0,1340610000.0,38666883.4,3790.0,20710.0
2011,Southern,"Professional, Admin and Support Services",40210.0,3680450000.0,91392578.64,12780.0,52990.0
2011,Southern,"Public Admin, Education and Health",145950.0,8429670000.0,221568067.4,7540.0,153490.0
2011,Southern,Real Estate Activities,1550.0,1911810000.0,4375633.347,940.0,2490.0
2012,Eastern and Midland,"Agriculture, Forestry and Fishing",7240.0,421980000.0,52136215.510000005,15120.0,22360.0
2012,Eastern and Midland,All Sectors,818580.0,97687360000.0,1572027089.0,129560.0,948140.0
2012,Eastern and Midland,"Arts, Entertainment and Other Services",46380.0,2089370000.0,87961866.35,11820.0,58190.0
2012,Eastern and Midland,Construction,22800.0,1239330000.0,61298418.489999995,12730.0,35530.0
2012,Eastern and Midland,"Distribution, Transport, Hotels and Restaurants",212350.0,15784670000.0,394303183.59999996,31630.0,243970.0
2012,Eastern and Midland,Financial and Insurance Activities,65050.0,11852790000.0,119726295.0,2690.0,67740.0
2012,Eastern and Midland,Industry (excl. Construction),84790.0,17144180000.0,168086959.29999998,7320.0,92110.0
2012,Eastern and Midland,Industry - of which Manufacturing,73410.0,14826330000.0,146321870.3,6900.0,80310.0
2012,Eastern and Midland,Information and Communication,55950.0,13603260000.0,120625765.7,8480.0,64430.00000000001
2012,Eastern and Midland,"Professional, Admin and Support Services",84060.0,12124970000.0,191806926.6,25890.0,109950.0
2012,Eastern and Midland,"Public Admin, Education and Health",235370.0,15069680000.0,364644748.9,11970.0,247340.0
2012,Eastern and Midland,Real Estate Activities,4600.0,8357129999.999999,11436710.049999999,1920.0,6520.0
2012,Ireland,"Agriculture, Forestry and Fishing",25060.0,1742000000.0,274658739.1,83710.0,108760.0
2012,Ireland,All Sectors,1561500.0,161459830000.0,3151720532.0,316450.0,1877950.0
2012,Ireland,"Arts, Entertainment and Other Services",80220.0,3292060000.0,151558190.0,23020.0,103240.0
2012,Ireland,Construction,52540.0,3037420000.0,141269098.9,30970.0,83510.0
2012,Ireland,"Distribution, Transport, Hotels and Restaurants",412360.0,27558580000.0,781746888.1,70710.0,483080.0
2012,Ireland,Financial and Insurance Activities,88100.0,15019620000.0,161651494.6,4330.0,92430.0
2012,Ireland,Industry (excl. Construction),216580.0,39464800000.0,433412635.3,19290.0,235870.0
2012,Ireland,Industry - of which Manufacturing,194380.0,34627550000.0,386826028.3,16690.0,211070.0
2012,Ireland,Information and Communication,80990.0,15763180000.0,174247012.4,13150.0,94130.0
2012,Ireland,"Professional, Admin and Support Services",140330.0,16057750000.0,313620614.59999996,43630.0,183960.0
2012,Ireland,"Public Admin, Education and Health",458720.0,28202490000.0,701478818.8,23960.0,482680.0
2012,Ireland,Real Estate Activities,6600.0,11321940000.0,18077039.73,3690.0,10290.0
2012,Northern and Western,"Agriculture, Forestry and Fishing",8250.0,384440000.0,87790233.0,27410.0,35670.0
2012,Northern and Western,All Sectors,244160.0,16901460000.0,525707926.8,64000.0,308160.0
2012,Northern and Western,"Arts, Entertainment and Other Services",10900.0,351570000.0,22190255.34,4170.0,15070.0
2012,Northern and Western,Construction,9000.0,642300000.0,25556981.810000002,6590.0,15590.0
2012,Northern and Western,"Distribution, Transport, Hotels and Restaurants",63610.0,2912680000.0,118621462.8,11130.0,74740.0
2012,Northern and Western,Financial and Insurance Activities,7000.0,875930000.0,12389034.49,260.0,7250.0
2012,Northern and Western,Industry (excl. Construction),44080.0,4289910000.0,86117798.44,2990.0,47070.0
2012,Northern and Western,Industry - of which Manufacturing,40780.0,3765250000.0,78809094.28999999,2360.0,43140.0
2012,Northern and Western,Information and Communication,7680.0,866280000.0,16549769.690000001,1380.0,9070.0
2012,Northern and Western,"Professional, Admin and Support Services",15740.0,943110000.0,34976351.29,5640.0,21380.0
2012,Northern and Western,"Public Admin, Education and Health",77100.0,4727990000.0,118785937.1,3720.0,80820.0
2012,Northern and Western,Real Estate Activities,800.0,907250000.0,2730102.852,710.0,1500.0
2012,Southern,"Agriculture, Forestry and Fishing",9570.0,935580000.0,134732290.6,41180.0,50740.0
2012,Southern,All Sectors,498760.0,46871010000.0,1053985514.9999999,122880.0,621650.0
2012,Southern,"Arts, Entertainment and Other Services",22950.0,851120000.0,41406068.33,7030.0,29980.0
2012,Southern,Construction,20750.0,1155780000.0,54413698.58,11640.0,32390.0
2012,Southern,"Distribution, Transport, Hotels and Restaurants",136400.0,8861230000.0,268822241.7,27960.0,164360.0
2012,Southern,Financial and Insurance Activities,16059.999999999998,2290900000.0,29536165.19,1380.0,17440.0
2012,Southern,Industry (excl. Construction),87710.0,18030710000.0,179207877.6,8980.0,96690.0
2012,Southern,Industry - of which Manufacturing,80180.0,16035980000.0,161695063.7,7420.0,87610.0
2012,Southern,Information and Communication,17350.0,1293640000.0,37071476.970000006,3280.0,20630.0
2012,Southern,"Professional, Admin and Support Services",40530.0,2989670000.0,86837336.72000001,12100.0,52630.0
2012,Southern,"Public Admin, Education and Health",146250.0,8404820000.0,218048132.7,8260.0,154520.0
2012,Southern,Real Estate Activities,1200.0,2057560000.0,3910226.826,1070.0,2270.0
2013,Eastern and Midland,"Agriculture, Forestry and Fishing",8640.0,464650000.0,54303530.24,15130.0,23770.0
2013,Eastern and Midland,All Sectors,833660.0,105651320000.0,1630737838.0,135470.0,969130.0
2013,Eastern and Midland,"Arts, Entertainment and Other Services",43330.0,2205390000.0,84383942.28,12320.0,55650.0
2013,Eastern and Midland,Construction,23510.0,2131550000.0000002,64024543.04,13640.0,37150.0
2013,Eastern and Midland,"Distribution, Transport, Hotels and Restaurants",223210.0,17479160000.0,420679644.09999996,34140.0,257350.00000000003
2013,Eastern and Midland,Financial and Insurance Activities,64879.99999999999,10547390000.0,122052719.5,3150.0,68040.0
2013,Eastern and Midland,Industry (excl. Construction),86640.0,18957570000.0,171225963.4,6760.0,93390.0
2013,Eastern and Midland,Industry - of which Manufacturing,74040.0,16401250000.0,146707300.2,6150.0,80190.0
2013,Eastern and Midland,Information and Communication,55400.0,14999530000.0,124428758.0,10230.0,65630.0
2013,Eastern and Midland,"Professional, Admin and Support Services",87720.0,14973810000.0,204612088.3,26940.0,114660.0
2013,Eastern and Midland,"Public Admin, Education and Health",236360.0,14933470000.0,375070735.70000005,11600.0,247960.0
2013,Eastern and Midland,Real Estate Activities,3970.0,8958790000.0,9955913.751,1570.0,5540.0
2013,Ireland,"Agriculture, Forestry and Fishing",27620.0,1957130000.0,288016135.8,84280.0,111910.0
2013,Ireland,All Sectors,1603630.0,169095020000.0,3279858899.0,329600.0,1933230.0
2013,Ireland,"Arts, Entertainment and Other Services",77310.0,3486790000.0,154918251.6,26190.0,103500.0
2013,Ireland,Construction,52590.0,3813600000.0,148213798.70000002,33340.0,85920.0
2013,Ireland,"Distribution, Transport, Hotels and Restaurants",431480.0,29772750000.0,818127990.6,71740.0,503220.0
2013,Ireland,Financial and Insurance Activities,88630.0,13377240000.0,166375363.4,4930.0,93560.0
2013,Ireland,Industry (excl. Construction),226950.0,39791220000.0,452535884.29999995,20800.0,247750.0
2013,Ireland,Industry - of which Manufacturing,201400.0,34891880000.0,399887042.29999995,18500.0,219900.0
2013,Ireland,Information and Communication,81710.0,17199360000.0,179343269.39999998,14280.0,95990.0
2013,Ireland,"Professional, Admin and Support Services",146880.0,19777490000.0,334899855.7,47330.0,194220.0
2013,Ireland,"Public Admin, Education and Health",464780.0,27853100000.0,722315412.0,23840.0,488620.0
2013,Ireland,Real Estate Activities,5680.0,12066340000.0,15112937.610000001,2870.0,8550.0
2013,Northern and Western,"Agriculture, Forestry and Fishing",7570.0,392400000.0,89198862.28,27410.0,34990.0
2013,Northern and Western,All Sectors,258410.00000000003,17787130000.0,558281094.0,67510.0,325920.0
2013,Northern and Western,"Arts, Entertainment and Other Services",9750.0,403660000.0,22586477.25,4850.0,14600.0
2013,Northern and Western,Construction,9540.0,552060000.0,28593412.02,7320.0,16860.0
2013,Northern and Western,"Distribution, Transport, Hotels and Restaurants",70540.0,3107540000.0,130600523.4,12570.0,83110.0
2013,Northern and Western,Financial and Insurance Activities,7740.0,740610000.0,14075356.690000001,510.0,8260.0
2013,Northern and Western,Industry (excl. Construction),47990.0,4965200000.0,91832128.57000001,3290.0,51280.0
2013,Northern and Western,Industry - of which Manufacturing,43570.0,4353420000.0,82557138.12,2880.0,46450.0
2013,Northern and Western,Information and Communication,9130.0,886310000.0,19874401.96,1520.0,10640.0
2013,Northern and Western,"Professional, Admin and Support Services",17590.0,1176780000.0,38693539.49,6040.0,23630.0
2013,Northern and Western,"Public Admin, Education and Health",77960.0,4614710000.0,121184207.6,3640.0,81600.0
2013,Northern and Western,Real Estate Activities,590.0,947850000.0,1642184.733,360.0,960.0
2013,Southern,"Agriculture, Forestry and Fishing",11410.0,1100070000.0,144513743.3,41740.0,53150.0
2013,Southern,All Sectors,511570.0,45656560000.0,1090839967.0,126620.0,638180.0
2013,Southern,"Arts, Entertainment and Other Services",24230.0,877740000.0,47947832.12,9020.0,33250.0
2013,Southern,Construction,19540.0,1129990000.0,55595843.64,12370.0,31910.0
2013,Southern,"Distribution, Transport, Hotels and Restaurants",137730.0,9186050000.0,266847822.99999997,25030.0,162760.0
2013,Southern,Financial and Insurance Activities,16000.0,2089230000.0,30247287.189999998,1260.0,17270.0
2013,Southern,Industry (excl. Construction),92320.0,15868440000.0,189477792.4,10760.0,103080.0
2013,Southern,Industry - of which Manufacturing,83790.0,14137210000.0,170622604.0,9480.0,93260.0
2013,Southern,Information and Communication,17190.0,1313520000.0,35040109.44,2530.0,19720.0
2013,Southern,"Professional, Admin and Support Services",41580.0,3626900000.0,91594227.83,14350.0,55930.0
2013,Southern,"Public Admin, Education and Health",150460.0,8304920000.0,226060468.7,8600.0,159060.0
2013,Southern,Real Estate Activities,1120.0,2159700000.0,3514839.1259999997,940.0,2060.0
2014,Eastern and Midland,"Agriculture, Forestry and Fishing",7270.0,544720000.0,50246888.21,14400.0,21670.0
2014,Eastern and Midland,All Sectors,868650.0,116842910000.0,1708611233.0,140080.0,1008730.0
2014,Eastern and Midland,"Arts, Entertainment and Other Services",42780.0,2312790000.0,85351945.19,13310.0,56080.0
2014,Eastern and Midland,Construction,27230.0,2689560000.0,74401468.42,14180.0,41410.0
2014,Eastern and Midland,"Distribution, Transport, Hotels and Restaurants",228990.0,17803150000.0,431908743.29999995,35210.0,264200.0
2014,Eastern and Midland,Financial and Insurance Activities,66920.0,12548880000.0,124032114.7,3290.0,70200.0
2014,Eastern and Midland,Industry (excl. Construction),93090.0,21401610000.0,187452329.7,7530.0,100620.0
2014,Eastern and Midland,Industry - of which Manufacturing,80470.0,18683660000.0,161940345.8,7010.0,87480.0
2014,Eastern and Midland,Information and Communication,59380.0,16992330000.000002,129367824.7,9060.0,68440.0
2014,Eastern and Midland,"Professional, Admin and Support Services",94140.0,17586030000.0,222238455.0,29180.0,123320.0
2014,Eastern and Midland,"Public Admin, Education and Health",244030.0,15243550000.0,391088295.6,12160.0,256190.0
2014,Eastern and Midland,Real Estate Activities,4820.0,9720290000.0,12523168.15,1770.0,6590.0
2014,Ireland,"Agriculture, Forestry and Fishing",27240.0,2441890000.0,279833918.8,80930.0,108170.0
2014,Ireland,All Sectors,1649900.0,186168000000.0,3387679194.0,334110.0,1984010.0
2014,Ireland,"Arts, Entertainment and Other Services",75300.0,3572180000.0,153721655.6,28550.0,103840.0
2014,Ireland,Construction,58910.0,4792840000.0,166766722.10000002,35040.0,93950.0
2014,Ireland,"Distribution, Transport, Hotels and Restaurants",444310.0,30411160000.0,845766923.4,74530.0,518850.0
2014,Ireland,Financial and Insurance Activities,89410.0,15674410000.0,166448939.60000002,5230.0,94640.0
2014,Ireland,Industry (excl. Construction),229430.0,44210170000.0,463966398.4,20920.0,250350.0
2014,Ireland,Industry - of which Manufacturing,202920.0,39289200000.0,409917647.2,19580.0,222500.0
2014,Ireland,Information and Communication,85340.0,19476230000.0,184704237.8,12880.0,98220.0
2014,Ireland,"Professional, Admin and Support Services",158770.0,23943880000.0,362654148.9,48340.0,207100.0
2014,Ireland,"Public Admin, Education and Health",474310.0,28386640000.0,746243802.2,24720.0,499030.0
2014,Ireland,Real Estate Activities,6880.0,13258590000.0,17572447.58,2980.0,9860.0
2014,Northern and Western,"Agriculture, Forestry and Fishing",7650.0,487340000.0,84626087.50999999,26480.0,34130.0
2014,Northern and Western,All Sectors,263660.0,19571760000.0,564611363.5,67200.0,330850.0
2014,Northern and Western,"Arts, Entertainment and Other Services",11070.0,393730000.0,22663429.89,5290.0,16360.0
2014,Northern and Western,Construction,10360.0,708960000.0,28709451.25,6470.0,16830.0
2014,Northern and Western,"Distribution, Transport, Hotels and Restaurants",70690.0,3282380000.0,134845441.6,13280.0,83980.0
2014,Northern and Western,Financial and Insurance Activities,6960.0,867050000.0,12998334.02,520.0,7470.0
2014,Northern and Western,Industry (excl. Construction),47000.0,5583900000.0,93695964.25999999,4350.0,51340.0
2014,Northern and Western,Industry - of which Manufacturing,42790.0,4982970000.0,84857172.37,3890.0,46680.0
2014,Northern and Western,Information and Communication,7830.0,999410000.0,17230260.96,1170.0,9000.0
2014,Northern and Western,"Professional, Admin and Support Services",20140.0,1494160000.0,41054265.88,4910.0,25050.0
2014,Northern and Western,"Public Admin, Education and Health",81280.0,4708090000.0,127432043.9,4480.0,85760.0
2014,Northern and Western,Real Estate Activities,680.0,1046740000.0,1356084.236,250.0,930.0
2014,Southern,"Agriculture, Forestry and Fishing",12310.0,1409840000.0,144960943.0,40050.0,52370.0
2014,Southern,All Sectors,517600.0,49753330000.0,1114456598.0,126830.0,644430.0
2014,Southern,"Arts, Entertainment and Other Services",21450.0,865660000.0,45706280.480000004,9940.0,31400.0
2014,Southern,Construction,21330.0,1394320000.0,63655802.45,14390.0,35710.0
2014,Southern,"Distribution, Transport, Hotels and Restaurants",144630.0,9325630000.0,279012738.5,26040.0,170670.0
2014,Southern,Financial and Insurance Activities,15540.0,2258480000.0,29418490.860000003,1420.0,16960.0
2014,Southern,Industry (excl. Construction),89350.0,17224660000.0,182818104.5,9040.0,98390.0
2014,Southern,Industry - of which Manufacturing,79660.0,15622580000.0,163120129.1,8680.0,88340.0
2014,Southern,Information and Communication,18130.0,1484480000.0,38106152.220000006,2650.0,20780.0
2014,Southern,"Professional, Admin and Support Services",44490.0,4863700000.0,99361427.95,14250.0,58740.0
2014,Southern,"Public Admin, Education and Health",148990.0,8435000000.0,227723462.70000002,8080.0,157080.0
2014,Southern,Real Estate Activities,1380.0,2491560000.0,3693195.1890000002,960.0,2340.0
2015,Eastern and Midland,"Agriculture, Forestry and Fishing",8290.0,557610000.0,58967398.97,15310.0,23600.0
2015,Eastern and Midland,All Sectors,910730.0,133691640000.00002,1770995394.0,137360.0,1048089.9999999999
2015,Eastern and Midland,"Arts, Entertainment and Other Services",50050.0,2317900000.0,94976352.06,13310.0,63350.0
2015,Eastern and Midland,Construction,32380.000000000004,3012660000.0,87118324.89,15300.0,47680.0
2015,Eastern and Midland,"Distribution, Transport, Hotels and Restaurants",240770.0,19432390000.0,452877789.1,34100.0,274870.0
2015,Eastern and Midland,Financial and Insurance Activities,66210.0,13594780000.0,125953795.89999999,3510.0,69710.0
2015,Eastern and Midland,Industry (excl. Construction),97700.0,25924860000.0,193756917.2,8830.0,106530.0
2015,Eastern and Midland,Industry - of which Manufacturing,83820.0,23935360000.0,166427443.9,7960.0,91780.0
2015,Eastern and Midland,Information and Communication,63080.0,20700310000.0,133602883.89999999,7930.0,71010.0
2015,Eastern and Midland,"Professional, Admin and Support Services",99500.0,21732840000.0,221935855.0,25380.0,124880.0
2015,Eastern and Midland,"Public Admin, Education and Health",247320.0,15661200000.0,388303851.1,11510.0,258829.99999999997
2015,Eastern and Midland,Real Estate Activities,5440.0,10757090000.0,13502225.76,2190.0,7630.0
2015,Ireland,"Agriculture, Forestry and Fishing",26330.0,2365310000.0,286130999.7,83070.0,109400.0
2015,Ireland,All Sectors,1714920.0,254663650000.0,3489512120.0,338630.0,2053550.0000000002
2015,Ireland,"Arts, Entertainment and Other Services",83230.0,3590680000.0,162876597.9,28450.0,111670.0
2015,Ireland,Construction,69080.0,5310820000.0,198365107.3,39860.0,108940.0
2015,Ireland,"Distribution, Transport, Hotels and Restaurants",455590.0,31504300000.0,862920960.1,74330.0,529920.0
2015,Ireland,Financial and Insurance Activities,88580.0,16731369999.999998,168760039.6,5910.0,94490.0
2015,Ireland,Industry (excl. Construction),242320.0,99355200000.0,482284548.8,21360.0,263680.0
2015,Ireland,Industry - of which Manufacturing,215970.0,95003100000.0,428774314.20000005,19250.0,235220.0
2015,Ireland,Information and Communication,89580.0,23441050000.0,191741621.0,12550.0,102130.0
2015,Ireland,"Professional, Admin and Support Services",165690.0,28537090000.0,366020583.90000004,44960.0,210650.0
2015,Ireland,"Public Admin, Education and Health",486790.0,29210360000.0,750525750.0,24540.0,511330.0
2015,Ireland,Real Estate Activities,7730.0,14617470000.0,19885912.14,3600.0,11330.0
2015,Northern and Western,"Agriculture, Forestry and Fishing",7080.0,553460000.0,91954543.33,28580.0,35660.0
2015,Northern and Western,All Sectors,267450.0,20991820000.0,581334050.0,73190.0,340640.0
2015,Northern and Western,"Arts, Entertainment and Other Services",10200.0,397490000.0,22480654.76,6090.0,16290.0
2015,Northern and Western,Construction,14120.0,730540000.0,39663478.089999996,7760.0,21880.0
2015,Northern and Western,"Distribution, Transport, Hotels and Restaurants",69170.0,3585520000.0,131057218.7,13510.0,82690.0
2015,Northern and Western,Financial and Insurance Activities,6180.0,840660000.0,12337046.42,1060.0,7240.0
2015,Northern and Western,Industry (excl. Construction),49230.0,6472010000.0,97308743.41,4140.0,53360.0
2015,Northern and Western,Industry - of which Manufacturing,44540.0,6088080000.0,87557353.67,3750.0,48290.0
2015,Northern and Western,Information and Communication,7900.0,1084700000.0,18544880.720000003,1580.0,9470.0
2015,Northern and Western,"Professional, Admin and Support Services",17820.0,1429660000.0,39478315.45,5820.0,23640.0
2015,Northern and Western,"Public Admin, Education and Health",84700.0,4825780000.0,126579944.5,4430.0,89130.0
2015,Northern and Western,Real Estate Activities,1050.0,1071990000.0,1929224.5680000002,220.0,1280.0
2015,Southern,"Agriculture, Forestry and Fishing",10970.0,1254240000.0,135209057.39999998,39180.0,50140.0
2015,Southern,All Sectors,536730.0,99980190000.0,1137182676.0,128070.0,664810.0
2015,Southern,"Arts, Entertainment and Other Services",22970.0,875290000.0,45419591.050000004,9050.0,32030.0
2015,Southern,Construction,22580.0,1567620000.0,71583304.36,16800.0,39380.0
2015,Southern,"Distribution, Transport, Hotels and Restaurants",145640.0,8486389999.999999,278985952.2,26710.0,172350.0
2015,Southern,Financial and Insurance Activities,16190.000000000002,2295930000.0,30469197.189999998,1350.0,17540.0
2015,Southern,Industry (excl. Construction),95390.0,66958340000.0,191218888.10000002,8400.0,103790.0
2015,Southern,Industry - of which Manufacturing,87610.0,64979660000.0,174789516.6,7540.0,95150.0
2015,Southern,Information and Communication,18610.0,1656040000.0,39593856.330000006,3040.0,21650.0
2015,Southern,"Professional, Admin and Support Services",48370.0,5374590000.0,104606413.5,13760.0,62130.0
2015,Southern,"Public Admin, Education and Health",154770.0,8723380000.0,235641954.3,8600.0,163370.0
2015,Southern,Real Estate Activities,1250.0,2788390000.0,4454461.817000001,1180.0,2430.0
2016,Eastern and Midland,"Agriculture, Forestry and Fishing",9240.0,612410000.0,58961021.03,15590.0,24830.0
2016,Eastern and Midland,All Sectors,946460.0,141702900000.0,1860317150.0,140260.0,1086720.0
2016,Eastern and Midland,"Arts, Entertainment and Other Services",50520.0,2386240000.0,99702442.71000001,14700.0,65220.0
2016,Eastern and Midland,Construction,37240.0,3746230000.0,100142935.3,14830.0,52070.0
2016,Eastern and Midland,"Distribution, Transport, Hotels and Restaurants",246560.0,20909860000.0,458410067.5,32229.999999999996,278790.0
2016,Eastern and Midland,Financial and Insurance Activities,69940.0,12356760000.0,132489864.7,2510.0,72440.0
2016,Eastern and Midland,Industry (excl. Construction),105300.0,29300900000.0,219251977.1,10520.0,115820.0
2016,Eastern and Midland,Industry - of which Manufacturing,90610.0,27148380000.0,189836680.0,9710.0,100320.0
2016,Eastern and Midland,Information and Communication,66920.0,22398560000.0,143158810.6,10020.0,76940.0
2016,Eastern and Midland,"Professional, Admin and Support Services",102540.0,22482880000.0,232178767.9,26040.0,128590.0
2016,Eastern and Midland,"Public Admin, Education and Health",252610.0,16163420000.0,401877344.3,11520.0,264130.0
2016,Eastern and Midland,Real Estate Activities,5580.0,11345650000.0,14143918.97,2290.0,7870.0
2016,Ireland,"Agriculture, Forestry and Fishing",27430.0,2554980000.0,294462760.20000005,85000.0,112430.0
2016,Ireland,All Sectors,1785830.0,257066130000.0,3671778741.0,345560.0,2131380.0
2016,Ireland,"Arts, Entertainment and Other Services",86430.0,3679030000.0,176823053.79999998,31370.0,117800.0
2016,Ireland,Construction,78890.0,6188480000.0,225008478.6,40000.0,118890.0
2016,Ireland,"Distribution, Transport, Hotels and Restaurants",476510.0,33514760000.000004,898819559.2,72250.0,548760.0
2016,Ireland,Financial and Insurance Activities,93140.0,15368370000.0,177016700.0,4210.0,97350.0
2016,Ireland,Industry (excl. Construction),253830.0,94580180000.0,519325677.2,23100.0,276930.0
2016,Ireland,Industry - of which Manufacturing,227960.0,90028080000.0,467247899.7,21630.0,249580.0
2016,Ireland,Information and Communication,94760.0,25384720000.0,200980030.1,13850.0,108610.0
2016,Ireland,"Professional, Admin and Support Services",172780.0,30071550000.0,387476088.09999996,47290.0,220070.0
2016,Ireland,"Public Admin, Education and Health",494560.0,30142100000.0,771710580.0,24760.0,519320.00000000006
2016,Ireland,Real Estate Activities,7500.0,15581950000.0,20155814.119999997,3720.0,11220.0
2016,Northern and Western,"Agriculture, Forestry and Fishing",7520.0,550580000.0,100309298.5,29290.0,36810.0
2016,Northern and Western,All Sectors,278330.0,21546910000.0,618998800.9,75080.0,353400.0
2016,Northern and Western,"Arts, Entertainment and Other Services",11810.0,407850000.0,24824436.63,5340.0,17150.0
2016,Northern and Western,Construction,14100.0,775540000.0,42043671.9,8750.0,22850.0
2016,Northern and Western,"Distribution, Transport, Hotels and Restaurants",78440.0,3759840000.0,152230241.79999998,14690.0,93130.0
2016,Northern and Western,Financial and Insurance Activities,6780.0,806350000.0,13738259.53,1030.0,7810.0
2016,Northern and Western,Industry (excl. Construction),50250.0,5672050000.0,100190597.1,3640.0,53880.0
2016,Northern and Western,Industry - of which Manufacturing,45620.0,5134970000.0,91433627.98,3570.0,49190.0
2016,Northern and Western,Information and Communication,8080.0,1148990000.0,16905364.330000002,1320.0,9390.0
2016,Northern and Western,"Professional, Admin and Support Services",17970.0,2096389999.9999998,41352650.589999996,6850.0,24820.0
2016,Northern and Western,"Public Admin, Education and Health",82480.0,5090480000.0,124961108.0,3750.0,86220.0
2016,Northern and Western,Real Estate Activities,910.0,1238850000.0,2443172.443,420.0,1320.0
2016,Southern,"Agriculture, Forestry and Fishing",10680.0,1391990000.0,135192440.70000002,40110.0,50790.0
2016,Southern,All Sectors,561040.0,93816320000.0,1192462790.0,130220.0,691260.0
2016,Southern,"Arts, Entertainment and Other Services",24100.0,884950000.0,52296174.449999996,11330.0,35430.0
2016,Southern,Construction,27540.0,1666710000.0,82821871.41000001,16420.0,43960.0
2016,Southern,"Distribution, Transport, Hotels and Restaurants",151510.0,8845060000.0,288179249.9,25320.0,176830.0
2016,Southern,Financial and Insurance Activities,16420.0,2205260000.0,30788575.830000002,680.0,17100.0
2016,Southern,Industry (excl. Construction),98280.0,59607230000.0,199883102.9,8950.0,107220.0
2016,Southern,Industry - of which Manufacturing,91730.0,57744730000.0,185977591.7,8340.0,100060.0
2016,Southern,Information and Communication,19760.0,1837170000.0,40915855.18,2510.0,22270.0
2016,Southern,"Professional, Admin and Support Services",52270.0,5492270000.0,113944669.6,14390.0,66660.0
2016,Southern,"Public Admin, Education and Health",159470.0,8888210000.0,244872127.70000002,9490.0,168960.0
2016,Southern,Real Estate Activities,1020.0,2997460000.0,3568722.713,1010.0,2020.0
2017,Eastern and Midland,"Agriculture, Forestry and Fishing",9000.0,781680000.0,59662156.13,15970.0,24970.0
2017,Eastern and Midland,All Sectors,977650.0,156838820000.0,1947019866.0,143800.0,1121440.0
2017,Eastern and Midland,"Arts, Entertainment and Other Services",47440.0,2778890000.0,96031477.6,14540.0,61980.0
2017,Eastern and Midland,Construction,41360.0,4933840000.0,120457462.19999999,19120.0,60480.0
2017,Eastern and Midland,"Distribution, Transport, Hotels and Restaurants",254500.0,22617220000.0,478540723.7,32409.999999999996,286900.0
2017,Eastern and Midland,Financial and Insurance Activities,69470.0,13318400000.0,135330253.0,2790.0,72260.0
2017,Eastern and Midland,Industry (excl. Construction),104480.0,28887100000.0,215230624.0,9180.0,113660.0
2017,Eastern and Midland,Industry - of which Manufacturing,88010.0,26831590000.0,181127562.8,8510.0,96520.0
2017,Eastern and Midland,Information and Communication,72660.0,28682090000.0,158769885.5,10110.0,82770.0
2017,Eastern and Midland,"Professional, Admin and Support Services",109340.0,25236240000.0,244153832.20000002,25430.0,134770.0
2017,Eastern and Midland,"Public Admin, Education and Health",264180.0,17259220000.0,427226548.7,12660.0,276850.0
2017,Eastern and Midland,Real Estate Activities,5220.0,12344140000.0,11616903.23,1590.0,6810.0
2017,Ireland,"Agriculture, Forestry and Fishing",27710.0,3453130000.0,291543958.7,83580.0,111290.0
2017,Ireland,All Sectors,1858430.0,286712850000.0,3836102749.0,339480.0,2197910.0
2017,Ireland,"Arts, Entertainment and Other Services",88040.0,4289430000.0000005,177510900.3,28710.0,116750.0
2017,Ireland,Construction,85820.0,8000310000.0,252132147.8,43740.0,129560.0
2017,Ireland,"Distribution, Transport, Hotels and Restaurants",497030.0,35536890000.0,930140029.5,66020.0,563050.0
2017,Ireland,Financial and Insurance Activities,91970.0,16345240000.0,178323828.10000002,4520.0,96490.0
2017,Ireland,Industry (excl. Construction),263970.0,103795670000.0,542708199.1,21380.0,285350.0
2017,Ireland,Industry - of which Manufacturing,233870.0,99168510000.0,480279927.90000004,19830.0,253700.0
2017,Ireland,Information and Communication,100720.0,32074810000.0,219683106.9,15310.0,116030.0
2017,Ireland,"Professional, Admin and Support Services",180290.0,34505950000.0,404740618.9,47120.0,227410.0
2017,Ireland,"Public Admin, Education and Health",515280.0,32006270000.0,820178204.0,25780.0,541060.0
2017,Ireland,Real Estate Activities,7590.0,16705140000.0,19141755.6,3320.0,10910.0
2017,Northern and Western,"Agriculture, Forestry and Fishing",7660.0,632940000.0,93353986.14,27770.0,35430.0
2017,Northern and Western,All Sectors,295910.0,22598510000.0,650323699.4000001,72450.0,368360.0
2017,Northern and Western,"Arts, Entertainment and Other Services",12930.0,464520000.0,26452906.64,4980.0,17900.0
2017,Northern and Western,Construction,14590.0,975580000.0,45734311.34,9770.0,24360.0
2017,Northern and Western,"Distribution, Transport, Hotels and Restaurants",79590.0,3912940000.0,150239451.6,11550.0,91140.0
2017,Northern and Western,Financial and Insurance Activities,6960.0,789440000.0,13944710.069999998,800.0,7760.0
2017,Northern and Western,Industry (excl. Construction),55480.0,5800960000.0,112085704.89999999,3410.0,58890.0
2017,Northern and Western,Industry - of which Manufacturing,50350.0,5129300000.0,101764150.7,3050.0,53400.0
2017,Northern and Western,Information and Communication,8820.0,1139120000.0,19823483.3,1830.0,10650.0
2017,Northern and Western,"Professional, Admin and Support Services",19690.0,2432350000.0,45726235.269999996,7110.0,26800.0
2017,Northern and Western,"Public Admin, Education and Health",89540.0,5226720000.0,140844362.9,4790.0,94330.0
2017,Northern and Western,Real Estate Activities,640.0,1223920000.0,2118547.181,450.0,1090.0
2017,Southern,"Agriculture, Forestry and Fishing",11060.0,2038500000.0,138527816.4,39840.0,50890.0
2017,Southern,All Sectors,584940.0,107275530000.0,1238759183.0,123230.0,708170.0
2017,Southern,"Arts, Entertainment and Other Services",27680.0,1046020000.0,55026516.1,9190.0,36870.0
2017,Southern,Construction,29860.0,2090889999.9999998,85940374.22,14850.0,44720.0
2017,Southern,"Distribution, Transport, Hotels and Restaurants",162940.0,9006730000.0,301359854.2,22070.0,185010.0
2017,Southern,Financial and Insurance Activities,15540.0,2237400000.0,29048865.09,930.0,16470.0
2017,Southern,Industry (excl. Construction),104080.0,69107610000.0,215391870.20000002,8800.0,112870.0
2017,Southern,Industry - of which Manufacturing,95570.0,67207610000.0,197388214.29999998,8270.0,103840.0
2017,Southern,Information and Communication,19240.0,2253600000.0,41089738.080000006,3370.0,22610.0
2017,Southern,"Professional, Admin and Support Services",51260.0,6837360000.0,114860551.5,14580.0,65840.0
2017,Southern,"Public Admin, Education and Health",161560.0,9520330000.0,252107292.4,8320.0,169880.0
2017,Southern,Real Estate Activities,1720.0,3137090000.0,5406305.188,1280.0,3010.0
2018,Eastern and Midland,"Agriculture, Forestry and Fishing",10320.0,740790000.0,61803523.53,15930.0,26250.0
2018,Eastern and Midland,All Sectors,1033119.9999999999,177920260000.0,2056039252.0,144080.0,1177200.0
2018,Eastern and Midland,"Arts, Entertainment and Other Services",52710.0,2951400000.0,103759327.69999999,15370.0,68080.0
2018,Eastern and Midland,Construction,47530.0,5196590000.0,131582370.40000002,19290.0,66820.0
2018,Eastern and Midland,"Distribution, Transport, Hotels and Restaurants",272320.0,22898760000.0,514567153.0,33570.0,305890.0
2018,Eastern and Midland,Financial and Insurance Activities,67710.0,14025600000.0,130479118.7,3470.0,71180.0
2018,Eastern and Midland,Industry (excl. Construction),102730.0,34669240000.0,214228585.6,8189.999999999999,110930.0
2018,Eastern and Midland,Industry - of which Manufacturing,87900.0,32244760000.0,184769749.7,7790.0,95690.0
2018,Eastern and Midland,Information and Communication,76170.0,36669680000.0,166238750.3,9520.0,85690.0
2018,Eastern and Midland,"Professional, Admin and Support Services",116640.0,28279700000.0,252591091.9,23970.0,140600.0
2018,Eastern and Midland,"Public Admin, Education and Health",281750.0,18275780000.0,469186979.3,13620.0,295370.0
2018,Eastern and Midland,Real Estate Activities,5240.0,14212710000.0,11602351.41,1160.0,6400.0
2018,Ireland,"Agriculture, Forestry and Fishing",26780.0,3110630000.0,285285659.3,81500.0,108290.0
2018,Ireland,All Sectors,1922720.0,315068170000.0,3981393079.0,341420.0,2264140.0
2018,Ireland,"Arts, Entertainment and Other Services",91810.0,4547490000.0,181859547.0,27630.0,119440.0
2018,Ireland,Construction,96260.0,8645300000.0,284794235.70000005,48010.0,144270.0
2018,Ireland,"Distribution, Transport, Hotels and Restaurants",512000.0,36491600000.0,967574227.6,68190.0,580190.0
2018,Ireland,Financial and Insurance Activities,90610.0,17035330000.000002,174572016.29999998,5400.0,96010.0
2018,Ireland,Industry (excl. Construction),262140.0,114847280000.0,541790028.1999999,19340.0,281480.0
2018,Ireland,Industry - of which Manufacturing,232570.0,109857410000.0,481549813.8,18090.0,250660.0
2018,Ireland,Information and Communication,104390.0,40088600000.0,229230058.2,14350.0,118740.0
2018,Ireland,"Professional, Admin and Support Services",194590.0,37749430000.0,426889615.9,47550.0,242140.0
2018,Ireland,"Public Admin, Education and Health",537040.0,33683710000.0,870837293.7,26260.0,563300.0
2018,Ireland,Real Estate Activities,7120.0,18868790000.0,18560397.18,3170.0,10290.0
2018,Northern and Western,"Agriculture, Forestry and Fishing",4880.0,489370000.0,86149872.39,25860.0,30740.0
2018,Northern and Western,All Sectors,294690.0,24007140000.0,653175080.3000001,73270.0,367960.0
2018,Northern and Western,"Arts, Entertainment and Other Services",13170.0,489360000.0,27172442.68,5220.0,18390.0
2018,Northern and Western,Construction,15940.0,1158580000.0,50989251.93,10340.0,26280.0
2018,Northern and Western,"Distribution, Transport, Hotels and Restaurants",79830.0,4097149999.9999995,154858195.9,13030.0,92860.0
2018,Northern and Western,Financial and Insurance Activities,7040.0,779920000.0,13229322.23,700.0,7730.0
2018,Northern and Western,Industry (excl. Construction),57790.0,5666920000.0,114842973.7,2900.0,60680.0
2018,Northern and Western,Industry - of which Manufacturing,53100.0,4954870000.0,105170856.19999999,2630.0,55730.0
2018,Northern and Western,Information and Communication,9390.0,1256910000.0,20669169.65,1740.0,11130.0
2018,Northern and Western,"Professional, Admin and Support Services",19940.0,3253160000.0,45811690.39,8520.0,28460.0
2018,Northern and Western,"Public Admin, Education and Health",86210.0,5504240000.0,137396450.79999998,4510.0,90730.0
2018,Northern and Western,Real Estate Activities,500.0,1311550000.0,2055710.6539999999,450.0,950.0
2018,Southern,"Agriculture, Forestry and Fishing",11580.0,1880470000.0,137332263.4,39710.0,51290.0
2018,Southern,All Sectors,594900.0,113140770000.0,1272178747.0,124070.0,718970.0
2018,Southern,"Arts, Entertainment and Other Services",25930.0,1106730000.0,50927776.63,7050.0,32970.0
2018,Southern,Construction,32780.0,2290130000.0,102222613.4,18380.0,51160.0
2018,Southern,"Distribution, Transport, Hotels and Restaurants",159840.0,9495700000.0,298148878.6,21590.0,181430.0
2018,Southern,Financial and Insurance Activities,15860.0,2229810000.0,30863575.369999997,1240.0,17100.0
2018,Southern,Industry (excl. Construction),101620.0,74511130000.0,212718468.8,8250.0,109870.0
2018,Southern,Industry - of which Manufacturing,91570.0,72657780000.0,191609207.9,7670.0,99240.0
2018,Southern,Information and Communication,18830.0,2162000000.0,42322138.27,3100.0,21920.0
2018,Southern,"Professional, Admin and Support Services",58010.0,6216580000.0,128486833.5,15070.0,73080.0
2018,Southern,"Public Admin, Education and Health",169070.0,9903690000.0,264253863.6,8130.000000000001,177200.0
2018,Southern,Real Estate Activities,1380.0,3344530000.0,4902335.114,1560.0,2940.0
2019,Eastern and Midland,"Agriculture, Forestry and Fishing",9180.0,813220000.0,62115341.99,16760.0,25940.0
2019,Eastern and Midland,All Sectors,1080920.0,192607830000.0,2147314620.0,143810.0,1224730.0
2019,Eastern and Midland,"Arts, Entertainment and Other Services",49180.0,3147790000.0,97006467.05000001,14500.0,63680.0
2019,Eastern and Midland,Construction,52830.0,5725270000.0,141388402.0,19740.0,72570.0
2019,Eastern and Midland,"Distribution, Transport, Hotels and Restaurants",282730.0,23548360000.0,526669538.3,31080.0,313820.0
2019,Eastern and Midland,Financial and Insurance Activities,74580.0,13720190000.0,144956767.4,3650.0,78230.0
2019,Eastern and Midland,Industry (excl. Construction),105050.0,32921809999.999996,217369701.39999998,7750.0,112800.0
2019,Eastern and Midland,Industry - of which Manufacturing,87330.0,30957200000.0,181746587.6,7000.0,94330.0
2019,Eastern and Midland,Information and Communication,80910.0,47265560000.0,176368429.20000002,9810.0,90720.0
2019,Eastern and Midland,"Professional, Admin and Support Services",120200.0,31448250000.0,271689910.5,27200.0,147400.0
2019,Eastern and Midland,"Public Admin, Education and Health",301100.0,18818890000.0,496937604.79999995,11560.0,312660.0
2019,Eastern and Midland,Real Estate Activities,5140.0,15198480000.0,12812457.42,1750.0,6900.0
2019,Ireland,"Agriculture, Forestry and Fishing",26810.0,3469820000.0,277668394.7,77290.0,104100.0
2019,Ireland,All Sectors,1998260.0,343049330000.0,4110195120.0,337050.0,2335310.0
2019,Ireland,"Arts, Entertainment and Other Services",88140.0,4734370000.0,180039654.70000002,30790.0,118920.0
2019,Ireland,Construction,101450.0,9460970000.0,292615193.0,46580.0,148030.0
2019,Ireland,"Distribution, Transport, Hotels and Restaurants",522860.0,37562550000.0,979143145.3,69170.0,592030.0
2019,Ireland,Financial and Insurance Activities,98780.0,17039150000.000002,191599576.8,5310.0,104090.0
2019,Ireland,Industry (excl. Construction),271130.0,121056780000.0,559910888.3,18990.0,290120.0
2019,Ireland,Industry - of which Manufacturing,239090.0,116147330000.0,493486309.1,17320.0,256399.99999999997
2019,Ireland,Information and Communication,111200.0,51162890000.0,240706795.2,13660.0,124860.0
2019,Ireland,"Professional, Admin and Support Services",201830.0,42300350000.0,449119237.4,48180.0,250010.0
2019,Ireland,"Public Admin, Education and Health",569140.0,35945630000.0,921689101.7,24200.0,593340.0
2019,Ireland,Real Estate Activities,6910.0,20316810000.0,17703132.92,2890.0,9790.0
2019,Northern and Western,"Agriculture, Forestry and Fishing",5280.0,622480000.0,81488971.39999999,25400.0,30680.0
2019,Northern and Western,All Sectors,305890.0,26337710000.0,671362155.2,74810.0,380700.0
2019,Northern and Western,"Arts, Entertainment and Other Services",14650.0,500910000.0,30452387.72,6190.0,20840.0
2019,Northern and Western,Construction,16860.0,1212690000.0,54451713.89,9890.0,26750.0
2019,Northern and Western,"Distribution, Transport, Hotels and Restaurants",80000.0,4228990000.0,152835275.5,14900.0,94910.0
2019,Northern and Western,Financial and Insurance Activities,6810.0,872870000.0,13128624.540000001,630.0,7440.0
2019,Northern and Western,Industry (excl. Construction),56850.0,7167170000.0,116779866.89999999,3900.0,60750.0
2019,Northern and Western,Industry - of which Manufacturing,51640.0,6036290000.0,105051127.1,3440.0,55080.0
2019,Northern and Western,Information and Communication,9100.0,1306390000.0,19418353.26,1230.0,10320.0
2019,Northern and Western,"Professional, Admin and Support Services",22650.0,2942920000.0,51690301.11,7540.0,30190.0
2019,Northern and Western,"Public Admin, Education and Health",93170.0,6049840000.0,149450397.1,4810.0,97990.0
2019,Northern and Western,Real Estate Activities,510.0,1433450000.0,1666263.7340000002,310.0,820.0
2019,Southern,"Agriculture, Forestry and Fishing",12350.0,2034120000.0,134064081.3,35130.0,47480.0
2019,Southern,All Sectors,611450.0,124103780000.0,1291518345.0,118430.0,729880.0
2019,Southern,"Arts, Entertainment and Other Services",24310.0,1085670000.0,52580799.919999994,10100.0,34400.0
2019,Southern,Construction,31750.0,2523010000.0,96775077.05000001,16950.0,48710.0
2019,Southern,"Distribution, Transport, Hotels and Restaurants",160130.0,9785200000.0,299638331.40000004,23180.0,183310.0
2019,Southern,Financial and Insurance Activities,17400.0,2446080000.0,33514184.83,1020.0,18410.0
2019,Southern,Industry (excl. Construction),109230.0,80967800000.0,225761320.0,7340.0,116570.0
2019,Southern,Industry - of which Manufacturing,100120.0,79153840000.0,206688594.4,6880.0,107000.0
2019,Southern,Information and Communication,21190.0,2590950000.0,44920012.79,2630.0,23820.0
2019,Southern,"Professional, Admin and Support Services",58980.0,7909170000.0,125739025.8,13440.0,72420.0
2019,Southern,"Public Admin, Education and Health",174870.0,11076900000.0,275301099.8,7820.0,182690.0
2019,Southern,Real Estate Activities,1250.0,3684880000.0,3224411.769,820.0,2070.0
2020,Eastern and Midland,"Agriculture, Forestry and Fishing",7670.0,892430000.0,53148590.88,15000.0,22670.0
2020,Eastern and Midland,All Sectors,1044609.9999999999,199085100000.0,1927136834.0,144710.0,1189320.0
2020,Eastern and Midland,"Arts, Entertainment and Other Services",40020.0,2468960000.0,66393141.099999994,13050.0,53070.0
2020,Eastern and Midland,Construction,49350.0,4940510000.0,113346737.3,17360.0,66710.0
2020,Eastern and Midland,"Distribution, Transport, Hotels and Restaurants",251110.0,19621360000.0,409359809.7,31900.0,283010.0
2020,Eastern and Midland,Financial and Insurance Activities,75860.0,13298060000.0,148706007.60000002,4440.0,80300.0
2020,Eastern and Midland,Industry (excl. Construction),106900.0,36500320000.0,213207872.20000002,8140.000000000001,115040.0
2020,Eastern and Midland,Industry - of which Manufacturing,92360.0,34089920000.0,185608971.8,7360.0,99720.0
2020,Eastern and Midland,Information and Communication,85860.0,57163150000.0,182607770.1,10390.0,96240.0
2020,Eastern and Midland,"Professional, Admin and Support Services",115290.0,31566010000.0,238921863.60000002,25750.0,141040.0
2020,Eastern and Midland,"Public Admin, Education and Health",306670.0,18985140000.0,488430180.2,15990.0,322650.0
2020,Eastern and Midland,Real Estate Activities,5890.0,13649160000.0,13014860.92,2690.0,8580.0
2020,Ireland,"Agriculture, Forestry and Fishing",26080.0,3851540000.0,263683444.20000002,78210.0,104280.0
2020,Ireland,All Sectors,1939660.0,358665230000.0,3724508328.0,337460.0,2277130.0
2020,Ireland,"Arts, Entertainment and Other Services",74450.0,3836080000.0,124475644.4,26610.0,101060.0
2020,Ireland,Construction,94930.0,8699900000.0,234473700.29999998,41640.0,136570.0
2020,Ireland,"Distribution, Transport, Hotels and Restaurants",474270.0,32972430000.0,786997433.9,66610.0,540880.0
2020,Ireland,Financial and Insurance Activities,105720.0,15883450000.0,205998528.2,6620.0,112350.0
2020,Ireland,Industry (excl. Construction),276870.0,133228239999.99998,544674227.4,18950.0,295820.0
2020,Ireland,Industry - of which Manufacturing,247150.0,128318860000.0,485800782.40000004,17120.0,264270.0
2020,Ireland,Information and Communication,118650.0,61551180000.0,251626100.29999998,15130.0,133780.0
2020,Ireland,"Professional, Admin and Support Services",188840.0,41874760000.0,398063910.4,49420.0,238260.0
2020,Ireland,"Public Admin, Education and Health",571680.0,36532510000.0,894342982.9,29260.0,600950.0
2020,Ireland,Real Estate Activities,8170.0,20235150000.0,20172355.87,5000.0,13170.0
2020,Northern and Western,"Agriculture, Forestry and Fishing",6940.0,728720000.0,83008838.04,26160.0,33100.0
2020,Northern and Western,All Sectors,298410.0,29085820000.0,609222957.5,68440.0,366850.0
2020,Northern and Western,"Arts, Entertainment and Other Services",11350.0,375470000.0,17314221.95,3810.0,15160.0
2020,Northern and Western,Construction,16110.0,1252450000.0,43714833.31,8180.0,24300.0
2020,Northern and Western,"Distribution, Transport, Hotels and Restaurants",72930.0,4466780000.0,128096036.30000001,13410.0,86340.0
2020,Northern and Western,Financial and Insurance Activities,8170.0,759880000.0,16270946.120000001,900.0,9070.0
2020,Northern and Western,Industry (excl. Construction),55900.0,9559340000.0,106193787.6,3330.0,59230.0
2020,Northern and Western,Industry - of which Manufacturing,51600.0,8919590000.0,97098026.77,3020.0,54620.0
2020,Northern and Western,Information and Communication,11560.0,1534280000.0,23708367.6,1360.0,12920.0
2020,Northern and Western,"Professional, Admin and Support Services",21360.0,2444190000.0,46430502.2,6420.0,27770.0
2020,Northern and Western,"Public Admin, Education and Health",92830.0,6123620000.0,140807573.1,4090.0,96910.0
2020,Northern and Western,Real Estate Activities,1270.0,1841100000.0,3677851.4110000003,790.0,2060.0
2020,Southern,"Agriculture, Forestry and Fishing",11460.0,2230390000.0,127526015.3,37050.0,48510.0
2020,Southern,All Sectors,596650.0,130494310000.0,1188148537.0,124310.0,720960.0
2020,Southern,"Arts, Entertainment and Other Services",23070.0,991650000.0,40768281.29,9760.0,32830.0
2020,Southern,Construction,29470.0,2506930000.0,77412129.65,16090.0,45560.0
2020,Southern,"Distribution, Transport, Hotels and Restaurants",150230.0,8884290000.0,249541587.9,21310.0,171540.0
2020,Southern,Financial and Insurance Activities,21700.0,1825510000.0,41021574.54,1280.0,22980.0
2020,Southern,Industry (excl. Construction),114070.0,87168580000.0,225272567.60000002,7480.0,121550.0
2020,Southern,Industry - of which Manufacturing,103190.0,85309350000.0,203093783.9,6750.0,109940.0
2020,Southern,Information and Communication,21240.0,2853750000.0,45309962.59,3380.0,24620.0
2020,Southern,"Professional, Admin and Support Services",52190.0,7864550000.0,112711544.7,17250.0,69450.0
2020,Southern,"Public Admin, Education and Health",172190.0,11423760000.0,265105229.60000002,9190.0,181380.0
2020,Southern,Real Estate Activities,1020.0,4744890000.0,3479643.5390000003,1520.0,2540.0
2021,Eastern and Midland,"Agriculture, Forestry and Fishing",8690.0,1129410000.0,63220718.01,16680.0,25370.0
2021,Eastern and Midland,All Sectors,1132560.0,233196350000.0,2098149500.0,139650.0,1272210.0
2021,Eastern and Midland,"Arts, Entertainment and Other Services",40660.0,2845790000.0,76483034.53999999,13990.0,54650.0
2021,Eastern and Midland,Construction,52040.0,5542860000.0,122728352.7,16410.0,68450.0
2021,Eastern and Midland,"Distribution, Transport, Hotels and Restaurants",261920.00000000003,21617110000.0,437581075.4,28690.0,290610.0
2021,Eastern and Midland,Financial and Insurance Activities,85020.0,17057790000.0,156701992.39999998,2980.0,88000.0
2021,Eastern and Midland,Industry (excl. Construction),119830.0,41607190000.0,238691070.4,7840.0,127670.0
2021,Eastern and Midland,Industry - of which Manufacturing,104820.0,37946890000.0,209947198.5,7350.0,112170.0
2021,Eastern and Midland,Information and Communication,98270.0,74565230000.0,202531587.1,9790.0,108060.0
2021,Eastern and Midland,"Professional, Admin and Support Services",127990.0,33208920000.0,267084982.49999997,26600.0,154590.0
2021,Eastern and Midland,"Public Admin, Education and Health",332980.0,20869130000.0,521449646.59999996,15070.0,348050.0
2021,Eastern and Midland,Real Estate Activities,5150.0,14752930000.0,11677040.02,1600.0,6750.0
2021,Ireland,"Agriculture, Forestry and Fishing",25350.0,4633000000.0,271640160.4,84250.0,109600.0
2021,Ireland,All Sectors,2084409.9999999998,422643380000.0,4004754345.0,342110.0,2426530.0
2021,Ireland,"Arts, Entertainment and Other Services",75740.0,4451830000.0,139557474.7,27690.0,103430.0
2021,Ireland,Construction,100820.0,10129700000.0,252065159.1,40510.0,141320.0
2021,Ireland,"Distribution, Transport, Hotels and Restaurants",490120.0,36909520000.0,823735122.9,64390.0,554510.0
2021,Ireland,Financial and Insurance Activities,115530.0,19936300000.0,211300371.1,5030.0,120560.0
2021,Ireland,Industry (excl. Construction),294130.0,160488520000.0,582310048.6,20160.0,314290.0
2021,Ireland,Industry - of which Manufacturing,264530.0,153880800000.0,524646852.50000006,18950.0,283470.0
2021,Ireland,Information and Communication,138120.0,79588820000.0,284323587.0,15180.0,153290.0
2021,Ireland,"Professional, Admin and Support Services",207480.0,44558300000.0,437996447.8,50370.0,257850.00000000003
2021,Ireland,"Public Admin, Education and Health",628900.0,39731550000.0,979719116.4000001,30000.0,658890.0
2021,Ireland,Real Estate Activities,8220.0,22215840000.0,22106856.790000003,4560.0,12780.0
2021,Northern and Western,"Agriculture, Forestry and Fishing",5380.0,791200000.0,88273269.43,30430.0,35810.0
2021,Northern and Western,All Sectors,317760.0,33731699999.999996,662513364.9000001,76570.0,394330.0
2021,Northern and Western,"Arts, Entertainment and Other Services",11190.0,410030000.0,20263678.790000003,3810.0,14990.0
2021,Northern and Western,Construction,16219.999999999998,1503380000.0,44101823.01,8750.0,24970.0
2021,Northern and Western,"Distribution, Transport, Hotels and Restaurants",75370.0,5094890000.0,137763167.3,14260.0,89630.0
2021,Northern and Western,Financial and Insurance Activities,10260.0,858100000.0,18643531.45,850.0,11120.0
2021,Northern and Western,Industry (excl. Construction),58930.0,11403230000.0,114546840.1,3920.0,62850.0
2021,Northern and Western,Industry - of which Manufacturing,54180.0,10457170000.0,105286800.8,3820.0,58000.0
2021,Northern and Western,Information and Communication,11920.0,1618800000.0,24685839.27,1560.0,13480.0
2021,Northern and Western,"Professional, Admin and Support Services",23170.0,2779390000.0,48497843.12,6480.0,29650.0
2021,Northern and Western,"Public Admin, Education and Health",104220.0,6583480000.0,161441442.4,5510.0,109720.0
2021,Northern and Western,Real Estate Activities,1100.0,2689200000.0,4295930.073000001,1010.0,2110.0
2021,Southern,"Agriculture, Forestry and Fishing",11290.0,2712390000.0,120146172.9,37140.0,48420.0
2021,Southern,All Sectors,634100.0,155715330000.0,1244091480.0,125890.0,759990.0
2021,Southern,"Arts, Entertainment and Other Services",23890.0,1196010000.0,42810761.36,9890.0,33780.0
2021,Southern,Construction,32560.000000000004,3083460000.0,85234983.45,15340.0,47900.0
2021,Southern,"Distribution, Transport, Hotels and Restaurants",152830.0,10197530000.0,248390880.29999998,21450.0,174270.0
2021,Southern,Financial and Insurance Activities,20240.0,2020410000.0,35954847.300000004,1200.0,21440.0
2021,Southern,Industry (excl. Construction),115370.0,107478100000.0,229072138.10000002,8400.0,123770.0
2021,Southern,Industry - of which Manufacturing,105530.0,105476730000.0,209412853.29999998,7780.0,113310.0
2021,Southern,Information and Communication,27930.0,3404790000.0,57106160.64,3830.0,31760.0
2021,Southern,"Professional, Admin and Support Services",56320.0,8569980000.0,122413622.2,17280.0,73600.0
2021,Southern,"Public Admin, Education and Health",191700.0,12278940000.0,296828027.40000004,9420.0,201120.0
2021,Southern,Real Estate Activities,1980.0,4773710000.0,6133886.692,1950.0,3920.0
2022,Eastern and Midland,"Agriculture, Forestry and Fishing",7390.0,1507330000.0,55945620.94,15280.0,22670.0
2022,Eastern and Midland,All Sectors,1202900.0,271079060000.0,2281242027.0,157910.0,1360810.0
2022,Eastern and Midland,"Arts, Entertainment and Other Services",43470.0,3720440000.0,88651753.19,17270.0,60740.0
2022,Eastern and Midland,Construction,62140.0,6932140000.0,163065330.6,21900.0,84040.0
2022,Eastern and Midland,"Distribution, Transport, Hotels and Restaurants",280070.0,28524620000.0,502435878.2,33480.0,313560.0
2022,Eastern and Midland,Financial and Insurance Activities,88450.0,14506280000.0,164589232.5,3380.0,91830.0
2022,Eastern and Midland,Industry (excl. Construction),128120.0,54544360000.0,256276596.6,8310.0,136420.0
2022,Eastern and Midland,Industry - of which Manufacturing,106910.0,50797520000.0,211985355.4,7820.0,114730.0
2022,Eastern and Midland,Information and Communication,109660.0,82051590000.0,221468955.6,10700.0,120360.0
2022,Eastern and Midland,"Professional, Admin and Support Services",138770.0,38506550000.0,285134067.2,28730.0,167500.0
2022,Eastern and Midland,"Public Admin, Education and Health",338580.0,23345960000.0,529062050.3,16880.0,355460.0
2022,Eastern and Midland,Real Estate Activities,6240.0,17439780000.0,14612542.149999999,1990.0,8230.0
2022,Ireland,"Agriculture, Forestry and Fishing",24460.0,6107060000.0,261999625.0,79700.0,104160.0
2022,Ireland,All Sectors,2230130.0,496977930000.0,4365419032.0,364400.0,2594530.0
2022,Ireland,"Arts, Entertainment and Other Services",79230.0,5763170000.0,167135786.7,34530.0,113760.0
2022,Ireland,Construction,119140.0,12242540000.0,326056784.3,49600.0,168740.0
2022,Ireland,"Distribution, Transport, Hotels and Restaurants",533390.0,46522280000.0,953886614.0,69820.0,603210.0
2022,Ireland,Financial and Insurance Activities,116230.0,17573330000.0,216326330.7,5460.0,121690.0
2022,Ireland,Industry (excl. Construction),307800.0,199983780000.0,605408961.4,20540.0,328350.0
2022,Ireland,Industry - of which Manufacturing,271600.0,193176310000.0,534677920.7,18500.0,290100.0
2022,Ireland,Information and Communication,152890.0,87796020000.0,310910859.3,15510.0,168400.0
2022,Ireland,"Professional, Admin and Support Services",224870.0,52032950000.0,470345012.40000004,54160.0,279030.0
2022,Ireland,"Public Admin, Education and Health",662980.0,43440890000.0,1030770222.0,31440.0,694420.0
2022,Ireland,Real Estate Activities,9130.0,25515910000.0,22578836.69,3630.0,12770.0
2022,Northern and Western,"Agriculture, Forestry and Fishing",5020.0,939820000.0,79691140.10000001,26790.0,31800.0
2022,Northern and Western,All Sectors,340710.0,38799570000.0,705623752.8000001,75710.0,416420.0
2022,Northern and Western,"Arts, Entertainment and Other Services",12580.0,527549999.99999994,27241165.05,6150.0,18740.0
2022,Northern and Western,Construction,19120.0,1841520000.0,57764069.69,10950.0,30070.0
2022,Northern and Western,"Distribution, Transport, Hotels and Restaurants",83740.0,6001200000.0,154002335.6,13510.0,97250.0
2022,Northern and Western,Financial and Insurance Activities,8290.0,899650000.0,15171875.14,260.0,8550.0
2022,Northern and Western,Industry (excl. Construction),59680.0,13928310000.0,112344566.7,4010.0,63690.0
2022,Northern and Western,Industry - of which Manufacturing,54820.0,12947620000.0,105245733.60000001,3450.0,58270.0
2022,Northern and Western,Information and Communication,11190.0,1731660000.0,22008221.05,740.0,11930.0
2022,Northern and Western,"Professional, Admin and Support Services",27220.0,2965200000.0,56421499.77,7610.0,34840.0
2022,Northern and Western,"Public Admin, Education and Health",112960.0,7032890000.0,177611288.20000002,4970.0,117930.0
2022,Northern and Western,Real Estate Activities,900.0,2931780000.0,3367591.579,730.0,1630.0
2022,Southern,"Agriculture, Forestry and Fishing",12060.0,3659920000.0,126362864.0,37630.0,49690.0
2022,Southern,All Sectors,686520.0,187099310000.0,1378553252.0,130770.00000000001,817290.0
2022,Southern,"Arts, Entertainment and Other Services",23170.0,1515180000.0,51242868.46,11110.0,34280.0
2022,Southern,Construction,37880.0,3468890000.0,105227384.1,16760.0,54630.0
2022,Southern,"Distribution, Transport, Hotels and Restaurants",169570.0,11996460000.0,297448400.2,22830.0,192400.0
2022,Southern,Financial and Insurance Activities,19490.0,2167390000.0,36565223.05,1820.0,21310.0
2022,Southern,Industry (excl. Construction),120010.0,131511100000.0,236787798.10000002,8230.0,128240.00000000001
2022,Southern,Industry - of which Manufacturing,109870.0,129431170000.0,217446831.6,7230.0,117100.0
2022,Southern,Information and Communication,32030.0,4012770000.0,67433682.63,4080.0,36110.0
2022,Southern,"Professional, Admin and Support Services",58870.0,10561200000.0,128789445.5,17820.0,76690.0
2022,Southern,"Public Admin, Education and Health",211440.0,13062050000.0,324096883.3,9590.0,221030.0
2022,Southern,Real Estate Activities,1990.0,5144350000.0,4598702.9629999995,920.0,2900.0
2023,Eastern and Midland,"Agriculture, Forestry and Fishing",8220.0,1231240000.0,51516573.3,14440.0,22660.0
2023,Eastern and Midland,All Sectors,1245890.0,283381670000.0,2317380846.0,151660.0,1397550.0
2023,Eastern and Midland,"Arts, Entertainment and Other Services",47920.0,3949960000.0,96662110.55,17620.0,65540.0
2023,Eastern and Midland,Construction,61430.0,7472910000.0,148499246.4,18050.0,79480.0
2023,Eastern and Midland,"Distribution, Transport, Hotels and Restaurants",291500.0,31702500000.0,509390367.90000004,32350.0,323850.0
2023,Eastern and Midland,Financial and Insurance Activities,90080.0,19455260000.0,167041888.10000002,3860.0,93940.0
2023,Eastern and Midland,Industry (excl. Construction),123150.0,37920620000.0,242324269.6,8140.000000000001,131280.0
2023,Eastern and Midland,Industry - of which Manufacturing,101780.0,33014420000.0,197448755.10000002,7820.0,109600.0
2023,Eastern and Midland,Information and Communication,112350.0,95429510000.0,222783946.7,10310.0,122660.0
2023,Eastern and Midland,"Professional, Admin and Support Services",146690.0,41632170000.0,295737663.1,25730.0,172410.0
2023,Eastern and Midland,"Public Admin, Education and Health",359750.0,25687780000.0,571981735.8000001,19380.0,379120.0
2023,Eastern and Midland,Real Estate Activities,4820.0,18899720000.0,11443044.5,1790.0,6610.0
2023,Ireland,"Agriculture, Forestry and Fishing",27240.0,4443980000.0,262381585.8,80890.0,108140.0
2023,Ireland,All Sectors,2315120.0,499273900000.0,4439802281.0,369090.0,2684200.0
2023,Ireland,"Arts, Entertainment and Other Services",85510.0,6060540000.0,179033618.4,37540.0,123060.0
2023,Ireland,Construction,120340.0,13563690000.0,315329080.5,46570.0,166920.0
2023,Ireland,"Distribution, Transport, Hotels and Restaurants",561480.0,51785150000.0,973864078.0,68920.0,630400.0
2023,Ireland,Financial and Insurance Activities,119740.0,23162580000.0,221118363.4,5630.0,125380.0
2023,Ireland,Industry (excl. Construction),304850.0,164863510000.0,586707819.4000001,21270.0,326120.0
2023,Ireland,Industry - of which Manufacturing,268660.0,156393060000.0,520430327.2,19940.0,288600.0
2023,Ireland,Information and Communication,157660.0,101202120000.0,317506680.79999995,16930.0,174590.0
2023,Ireland,"Professional, Admin and Support Services",238380.0,58992290000.0,492835765.20000005,52520.0,290910.0
2023,Ireland,"Public Admin, Education and Health",692520.0,47771060000.0,1071996858.0,35090.0,727610.0
2023,Ireland,Real Estate Activities,7390.0,27428970000.0,19028432.31,3710.0,11100.0
2023,Northern and Western,"Agriculture, Forestry and Fishing",5790.0,762370000.0,73539921.9,26110.0,31900.0
2023,Northern and Western,All Sectors,355710.0,42256790000.0,708506803.7,79630.0,435330.0
2023,Northern and Western,"Arts, Entertainment and Other Services",11260.0,561900000.0,25992563.419999998,5810.0,17070.0
2023,Northern and Western,Construction,20300.0,2099489999.9999998,57439996.010000005,10990.0,31290.0
2023,Northern and Western,"Distribution, Transport, Hotels and Restaurants",85150.0,6531130000.0,152909830.3,15360.0,100500.0
2023,Northern and Western,Financial and Insurance Activities,10960.0,1158850000.0,19768398.509999998,450.0,11410.0
2023,Northern and Western,Industry (excl. Construction),62320.0,15691310000.0,112116971.60000001,4100.0,66420.0
2023,Northern and Western,Industry - of which Manufacturing,57990.0,14650560000.0,110682007.3,3760.0,61750.0
2023,Northern and Western,Information and Communication,15110.0,1816960000.0,30888142.42,2200.0,17310.0
2023,Northern and Western,"Professional, Admin and Support Services",26700.0,3348670000.0,56185233.3,8300.0,35000.0
2023,Northern and Western,"Public Admin, Education and Health",117320.0,7744460000.0,176888479.4,5720.0,123040.0
2023,Northern and Western,Real Estate Activities,800.0,2541660000.0,2777266.865,580.0,1380.0
2023,Southern,"Agriculture, Forestry and Fishing",13230.0,2450370000.0,137325090.6,40340.0,53580.0
2023,Southern,All Sectors,713520.0,173635430000.0,1413914632.0,137800.0,851320.0
2023,Southern,"Arts, Entertainment and Other Services",26330.0,1548690000.0,56378944.39,14110.0,40440.0
2023,Southern,Construction,38610.0,3991290000.0,109389838.1,17530.0,56140.0
2023,Southern,"Distribution, Transport, Hotels and Restaurants",184840.0,13551520000.0,311563879.7,21210.0,206050.0
2023,Southern,Financial and Insurance Activities,18700.0,2548460000.0,34308076.77,1320.0,20020.0
2023,Southern,Industry (excl. Construction),119390.0,111251590000.0,232266578.2,9030.0,128419.99999999999
2023,Southern,Industry - of which Manufacturing,108890.0,108728070000.0,212299564.9,8360.0,117250.0
2023,Southern,Information and Communication,30200.0,3955650000.0,63834591.73,4420.0,34620.0
2023,Southern,"Professional, Admin and Support Services",65000.0,14011460000.0,140912868.79999998,18490.0,83490.0
2023,Southern,"Public Admin, Education and Health",215450.0,14338810000.0,323126642.40000004,10000.0,225450.0
2023,Southern,Real Estate Activities,1770.0,5987600000.0,4808120.946,1340.0,3110.0
