"Statistic Label","Year","Economic Activity","UNIT","VALUE"
"Gross Value Added at Current Basic Prices","1995","Agriculture, forestry and fishing (A)","Euro Million","3058"
"Gross Value Added at Current Basic Prices","1995","Crop and animal production, hunting and related service activities (01)","Euro Million","2747"
"Gross Value Added at Current Basic Prices","1995","Forestry and logging (02)","Euro Million","71"
"Gross Value Added at Current Basic Prices","1995","Fishing and aquaculture (03)","Euro Million","241"
"Gross Value Added at Current Basic Prices","1995","Mining and quarrying (B)","Euro Million","315"
"Gross Value Added at Current Basic Prices","1995","Mining and quarrying (05 to 09)","Euro Million","315"
"Gross Value Added at Current Basic Prices","1995","Manufacturing (C)","Euro Million","11328"
"Gross Value Added at Current Basic Prices","1995","Food products, beverages and tobacco (10 to 12)","Euro Million","1886"
"Gross Value Added at Current Basic Prices","1995","Textiles, wearing apparel and leather products (13 to 15)","Euro Million","407"
"Gross Value Added at Current Basic Prices","1995","Wood and wood products, except furniture (16)","Euro Million","179"
"Gross Value Added at Current Basic Prices","1995","Pulp, paper and paper products (17)","Euro Million","195"
"Gross Value Added at Current Basic Prices","1995","Printing and reproduction of recorded media (18)","Euro Million","230"
"Gross Value Added at Current Basic Prices","1995","Coke and refined petroleum products (19)","Euro Million",""
"Gross Value Added at Current Basic Prices","1995","Chemicals and chemical products (20)","Euro Million",""
"Gross Value Added at Current Basic Prices","1995","Basic pharmaceutical products and preparations (21)","Euro Million","3098"
"Gross Value Added at Current Basic Prices","1995","Rubber and plastic products (22)","Euro Million","357"
"Gross Value Added at Current Basic Prices","1995","Other non-metallic mineral products (23)","Euro Million","442"
"Gross Value Added at Current Basic Prices","1995","Basic metals (24)","Euro Million","118"
"Gross Value Added at Current Basic Prices","1995","Fabricated metal products (25)","Euro Million","362"
"Gross Value Added at Current Basic Prices","1995","Computer, electronic and optical products (26)","Euro Million","1483"
"Gross Value Added at Current Basic Prices","1995","Electrical equipment (27)","Euro Million","252"
"Gross Value Added at Current Basic Prices","1995","Manufacture of machinery and equipment n.e.c. (28)","Euro Million","362"
"Gross Value Added at Current Basic Prices","1995","Motor vehicles, trailers and semi-trailers (29)","Euro Million","141"
"Gross Value Added at Current Basic Prices","1995","Other transport equipment (30)","Euro Million","129"
"Gross Value Added at Current Basic Prices","1995","Furniture and other manufacturing (31,32)","Euro Million","822"
"Gross Value Added at Current Basic Prices","1995","Repair and installation of machinery and equipment (33 )","Euro Million","97"
"Gross Value Added at Current Basic Prices","1995","Electricity, gas, steam and air conditioning supply (D)","Euro Million","910"
"Gross Value Added at Current Basic Prices","1995","Electricity, gas, steam and air conditioning supply (35)","Euro Million","910"
"Gross Value Added at Current Basic Prices","1995","Water supply; sewerage, waste management and remediation activities (E)","Euro Million","370"
"Gross Value Added at Current Basic Prices","1995","Water collection, treatment and supply (36)","Euro Million","117"
"Gross Value Added at Current Basic Prices","1995","Sewerage, waste management and remediation activities (37 to 39)","Euro Million","254"
"Gross Value Added at Current Basic Prices","1995","Construction (F)","Euro Million","2923"
"Gross Value Added at Current Basic Prices","1995","Construction (41 to 43)","Euro Million","2923"
"Gross Value Added at Current Basic Prices","1995","Wholesale and retail trade; repair of motor vehicles and motorcycles (G)","Euro Million","5363"
"Gross Value Added at Current Basic Prices","1995","Wholesale and retail trade and repair of vehicles  (45)","Euro Million","645"
"Gross Value Added at Current Basic Prices","1995","Wholesale trade (46)","Euro Million","1945"
"Gross Value Added at Current Basic Prices","1995","Retail trade (47)","Euro Million","2773"
"Gross Value Added at Current Basic Prices","1995","Transportation and storage (H)","Euro Million","1724"
"Gross Value Added at Current Basic Prices","1995","Land transport (49)","Euro Million","628"
"Gross Value Added at Current Basic Prices","1995","Water transport (50)","Euro Million","62"
"Gross Value Added at Current Basic Prices","1995","Air transport (51)","Euro Million","313"
"Gross Value Added at Current Basic Prices","1995","Warehousing and support activities for transportation (52)","Euro Million","245"
"Gross Value Added at Current Basic Prices","1995","Postal and courier activities (53)","Euro Million","475"
"Gross Value Added at Current Basic Prices","1995","Accommodation and food service activities (I)","Euro Million","974"
"Gross Value Added at Current Basic Prices","1995","Accommodation and food service activities (55,56)","Euro Million","974"
"Gross Value Added at Current Basic Prices","1995","Information and communication (J)","Euro Million","3249"
"Gross Value Added at Current Basic Prices","1995","Publishing activities (58)","Euro Million","1051"
"Gross Value Added at Current Basic Prices","1995","Audiovisual and broadcasting services (59,60)","Euro Million","156"
"Gross Value Added at Current Basic Prices","1995","Telecommunications (61)","Euro Million","1321"
"Gross Value Added at Current Basic Prices","1995","Computer programming, consultancy and Information service activities (62,63)","Euro Million","722"
"Gross Value Added at Current Basic Prices","1995","Financial and insurance activities (K)","Euro Million","4155"
"Gross Value Added at Current Basic Prices","1995","Financial service activities (64)","Euro Million","2730"
"Gross Value Added at Current Basic Prices","1995","Insurance, reinsurance and pension funding, except compulsory social security (65)","Euro Million","822"
"Gross Value Added at Current Basic Prices","1995","Activities auxiliary to financial services and insurance activities (66)","Euro Million","603"
"Gross Value Added at Current Basic Prices","1995","Real estate activities (L)","Euro Million","2780"
"Gross Value Added at Current Basic Prices","1995","Real estate activities (68)","Euro Million","2780"
"Gross Value Added at Current Basic Prices","1995","Real estate activities of which: imputed rents of owner-occupied dwellings","Euro Million","2028"
"Gross Value Added at Current Basic Prices","1995","Professional, scientific and technical activities (M)","Euro Million","1279"
"Gross Value Added at Current Basic Prices","1995","Legal and accounting activities; head offices and management consultancy activities (69,70)","Euro Million","546"
"Gross Value Added at Current Basic Prices","1995","Architectural and engineering activities; technical testing and analysis (71)","Euro Million","277"
"Gross Value Added at Current Basic Prices","1995","Scientific research and development (72)","Euro Million","62"
"Gross Value Added at Current Basic Prices","1995","Advertising and market research (73)","Euro Million","90"
"Gross Value Added at Current Basic Prices","1995","Other professional, scientific, technical and veterinary activities (74,75)","Euro Million","303"
"Gross Value Added at Current Basic Prices","1995","Administrative and support service activities (N)","Euro Million","1267"
"Gross Value Added at Current Basic Prices","1995","Rental and leasing activities  (77)","Euro Million","711"
"Gross Value Added at Current Basic Prices","1995","Employment activities (78)","Euro Million","79"
"Gross Value Added at Current Basic Prices","1995","Travel agency and tourism service activities (79)","Euro Million","92"
"Gross Value Added at Current Basic Prices","1995","Administrative and support service activities (80 to 82)","Euro Million","385"
"Gross Value Added at Current Basic Prices","1995","Public administration and defence; compulsory social security (O)","Euro Million","2736"
"Gross Value Added at Current Basic Prices","1995","Public administration and defence; compulsory social security (84)","Euro Million","2736"
"Gross Value Added at Current Basic Prices","1995","Education (P)","Euro Million","2819"
"Gross Value Added at Current Basic Prices","1995","Education (85)","Euro Million","2819"
"Gross Value Added at Current Basic Prices","1995","Human health and social work activities (Q)","Euro Million","2947"
"Gross Value Added at Current Basic Prices","1995","Human health activities (86)","Euro Million","2453"
"Gross Value Added at Current Basic Prices","1995","Residential care and social work activities (87,88)","Euro Million","494"
"Gross Value Added at Current Basic Prices","1995","Arts, entertainment and recreation (R)","Euro Million","734"
"Gross Value Added at Current Basic Prices","1995","Arts, entertainment and recreation (90 to 92)","Euro Million","538"
"Gross Value Added at Current Basic Prices","1995","Sports activities and amusement and recreation activities (93)","Euro Million","196"
"Gross Value Added at Current Basic Prices","1995","Other service activities (S)","Euro Million","440"
"Gross Value Added at Current Basic Prices","1995","Activities of membership organisations (94)","Euro Million","163"
"Gross Value Added at Current Basic Prices","1995","Repair of computers and personal and household goods (95)","Euro Million","21"
"Gross Value Added at Current Basic Prices","1995","Other personal service activities (96)","Euro Million","255"
"Gross Value Added at Current Basic Prices","1995","Activities of households as employers; producing activities of households for own use (T)","Euro Million","78"
"Gross Value Added at Current Basic Prices","1995","Activities of households as employers; producing activities of households for own use (97,98)","Euro Million","78"
"Gross Value Added at Current Basic Prices","1995","Activities of extraterritorial organisations and bodies (U)","Euro Million","0"
"Gross Value Added at Current Basic Prices","1995","Activities of extraterritorial organisations and bodies (99)","Euro Million","0"
"Gross Value Added at Current Basic Prices","1996","Agriculture, forestry and fishing (A)","Euro Million","2825"
"Gross Value Added at Current Basic Prices","1996","Crop and animal production, hunting and related service activities (01)","Euro Million","2528"
"Gross Value Added at Current Basic Prices","1996","Forestry and logging (02)","Euro Million","65"
"Gross Value Added at Current Basic Prices","1996","Fishing and aquaculture (03)","Euro Million","232"
"Gross Value Added at Current Basic Prices","1996","Mining and quarrying (B)","Euro Million","312"
"Gross Value Added at Current Basic Prices","1996","Mining and quarrying (05 to 09)","Euro Million","312"
"Gross Value Added at Current Basic Prices","1996","Manufacturing (C)","Euro Million","12294"
"Gross Value Added at Current Basic Prices","1996","Food products, beverages and tobacco (10 to 12)","Euro Million","2139"
"Gross Value Added at Current Basic Prices","1996","Textiles, wearing apparel and leather products (13 to 15)","Euro Million","380"
"Gross Value Added at Current Basic Prices","1996","Wood and wood products, except furniture (16)","Euro Million","198"
"Gross Value Added at Current Basic Prices","1996","Pulp, paper and paper products (17)","Euro Million","209"
"Gross Value Added at Current Basic Prices","1996","Printing and reproduction of recorded media (18)","Euro Million","252"
"Gross Value Added at Current Basic Prices","1996","Coke and refined petroleum products (19)","Euro Million",""
"Gross Value Added at Current Basic Prices","1996","Chemicals and chemical products (20)","Euro Million",""
"Gross Value Added at Current Basic Prices","1996","Basic pharmaceutical products and preparations (21)","Euro Million","3236"
"Gross Value Added at Current Basic Prices","1996","Rubber and plastic products (22)","Euro Million","374"
"Gross Value Added at Current Basic Prices","1996","Other non-metallic mineral products (23)","Euro Million","454"
"Gross Value Added at Current Basic Prices","1996","Basic metals (24)","Euro Million","126"
"Gross Value Added at Current Basic Prices","1996","Fabricated metal products (25)","Euro Million","393"
"Gross Value Added at Current Basic Prices","1996","Computer, electronic and optical products (26)","Euro Million","1695"
"Gross Value Added at Current Basic Prices","1996","Electrical equipment (27)","Euro Million","315"
"Gross Value Added at Current Basic Prices","1996","Manufacture of machinery and equipment n.e.c. (28)","Euro Million","389"
"Gross Value Added at Current Basic Prices","1996","Motor vehicles, trailers and semi-trailers (29)","Euro Million","166"
"Gross Value Added at Current Basic Prices","1996","Other transport equipment (30)","Euro Million","146"
"Gross Value Added at Current Basic Prices","1996","Furniture and other manufacturing (31,32)","Euro Million","897"
"Gross Value Added at Current Basic Prices","1996","Repair and installation of machinery and equipment (33 )","Euro Million","108"
"Gross Value Added at Current Basic Prices","1996","Electricity, gas, steam and air conditioning supply (D)","Euro Million","811"
"Gross Value Added at Current Basic Prices","1996","Electricity, gas, steam and air conditioning supply (35)","Euro Million","811"
"Gross Value Added at Current Basic Prices","1996","Water supply; sewerage, waste management and remediation activities (E)","Euro Million","415"
"Gross Value Added at Current Basic Prices","1996","Water collection, treatment and supply (36)","Euro Million","127"
"Gross Value Added at Current Basic Prices","1996","Sewerage, waste management and remediation activities (37 to 39)","Euro Million","288"
"Gross Value Added at Current Basic Prices","1996","Construction (F)","Euro Million","3186"
"Gross Value Added at Current Basic Prices","1996","Construction (41 to 43)","Euro Million","3186"
"Gross Value Added at Current Basic Prices","1996","Wholesale and retail trade; repair of motor vehicles and motorcycles (G)","Euro Million","6448"
"Gross Value Added at Current Basic Prices","1996","Wholesale and retail trade and repair of vehicles  (45)","Euro Million","717"
"Gross Value Added at Current Basic Prices","1996","Wholesale trade (46)","Euro Million","2628"
"Gross Value Added at Current Basic Prices","1996","Retail trade (47)","Euro Million","3103"
"Gross Value Added at Current Basic Prices","1996","Transportation and storage (H)","Euro Million","1925"
"Gross Value Added at Current Basic Prices","1996","Land transport (49)","Euro Million","714"
"Gross Value Added at Current Basic Prices","1996","Water transport (50)","Euro Million","73"
"Gross Value Added at Current Basic Prices","1996","Air transport (51)","Euro Million","325"
"Gross Value Added at Current Basic Prices","1996","Warehousing and support activities for transportation (52)","Euro Million","278"
"Gross Value Added at Current Basic Prices","1996","Postal and courier activities (53)","Euro Million","535"
"Gross Value Added at Current Basic Prices","1996","Accommodation and food service activities (I)","Euro Million","1089"
"Gross Value Added at Current Basic Prices","1996","Accommodation and food service activities (55,56)","Euro Million","1089"
"Gross Value Added at Current Basic Prices","1996","Information and communication (J)","Euro Million","3585"
"Gross Value Added at Current Basic Prices","1996","Publishing activities (58)","Euro Million","1127"
"Gross Value Added at Current Basic Prices","1996","Audiovisual and broadcasting services (59,60)","Euro Million","151"
"Gross Value Added at Current Basic Prices","1996","Telecommunications (61)","Euro Million","1507"
"Gross Value Added at Current Basic Prices","1996","Computer programming, consultancy and Information service activities (62,63)","Euro Million","800"
"Gross Value Added at Current Basic Prices","1996","Financial and insurance activities (K)","Euro Million","3992"
"Gross Value Added at Current Basic Prices","1996","Financial service activities (64)","Euro Million","2773"
"Gross Value Added at Current Basic Prices","1996","Insurance, reinsurance and pension funding, except compulsory social security (65)","Euro Million","825"
"Gross Value Added at Current Basic Prices","1996","Activities auxiliary to financial services and insurance activities (66)","Euro Million","395"
"Gross Value Added at Current Basic Prices","1996","Real estate activities (L)","Euro Million","3193"
"Gross Value Added at Current Basic Prices","1996","Real estate activities (68)","Euro Million","3193"
"Gross Value Added at Current Basic Prices","1996","Real estate activities of which: imputed rents of owner-occupied dwellings","Euro Million","2351"
"Gross Value Added at Current Basic Prices","1996","Professional, scientific and technical activities (M)","Euro Million","1459"
"Gross Value Added at Current Basic Prices","1996","Legal and accounting activities; head offices and management consultancy activities (69,70)","Euro Million","626"
"Gross Value Added at Current Basic Prices","1996","Architectural and engineering activities; technical testing and analysis (71)","Euro Million","316"
"Gross Value Added at Current Basic Prices","1996","Scientific research and development (72)","Euro Million","68"
"Gross Value Added at Current Basic Prices","1996","Advertising and market research (73)","Euro Million","99"
"Gross Value Added at Current Basic Prices","1996","Other professional, scientific, technical and veterinary activities (74,75)","Euro Million","349"
"Gross Value Added at Current Basic Prices","1996","Administrative and support service activities (N)","Euro Million","1430"
"Gross Value Added at Current Basic Prices","1996","Rental and leasing activities  (77)","Euro Million","817"
"Gross Value Added at Current Basic Prices","1996","Employment activities (78)","Euro Million","86"
"Gross Value Added at Current Basic Prices","1996","Travel agency and tourism service activities (79)","Euro Million","105"
"Gross Value Added at Current Basic Prices","1996","Administrative and support service activities (80 to 82)","Euro Million","423"
"Gross Value Added at Current Basic Prices","1996","Public administration and defence; compulsory social security (O)","Euro Million","2888"
"Gross Value Added at Current Basic Prices","1996","Public administration and defence; compulsory social security (84)","Euro Million","2888"
"Gross Value Added at Current Basic Prices","1996","Education (P)","Euro Million","2981"
"Gross Value Added at Current Basic Prices","1996","Education (85)","Euro Million","2981"
"Gross Value Added at Current Basic Prices","1996","Human health and social work activities (Q)","Euro Million","3349"
"Gross Value Added at Current Basic Prices","1996","Human health activities (86)","Euro Million","2784"
"Gross Value Added at Current Basic Prices","1996","Residential care and social work activities (87,88)","Euro Million","565"
"Gross Value Added at Current Basic Prices","1996","Arts, entertainment and recreation (R)","Euro Million","770"
"Gross Value Added at Current Basic Prices","1996","Arts, entertainment and recreation (90 to 92)","Euro Million","566"
"Gross Value Added at Current Basic Prices","1996","Sports activities and amusement and recreation activities (93)","Euro Million","204"
"Gross Value Added at Current Basic Prices","1996","Other service activities (S)","Euro Million","483"
"Gross Value Added at Current Basic Prices","1996","Activities of membership organisations (94)","Euro Million","184"
"Gross Value Added at Current Basic Prices","1996","Repair of computers and personal and household goods (95)","Euro Million","31"
"Gross Value Added at Current Basic Prices","1996","Other personal service activities (96)","Euro Million","268"
"Gross Value Added at Current Basic Prices","1996","Activities of households as employers; producing activities of households for own use (T)","Euro Million","80"
"Gross Value Added at Current Basic Prices","1996","Activities of households as employers; producing activities of households for own use (97,98)","Euro Million","80"
"Gross Value Added at Current Basic Prices","1996","Activities of extraterritorial organisations and bodies (U)","Euro Million","0"
"Gross Value Added at Current Basic Prices","1996","Activities of extraterritorial organisations and bodies (99)","Euro Million","0"
"Gross Value Added at Current Basic Prices","1997","Agriculture, forestry and fishing (A)","Euro Million","2721"
"Gross Value Added at Current Basic Prices","1997","Crop and animal production, hunting and related service activities (01)","Euro Million","2476"
"Gross Value Added at Current Basic Prices","1997","Forestry and logging (02)","Euro Million","34"
"Gross Value Added at Current Basic Prices","1997","Fishing and aquaculture (03)","Euro Million","210"
"Gross Value Added at Current Basic Prices","1997","Mining and quarrying (B)","Euro Million","458"
"Gross Value Added at Current Basic Prices","1997","Mining and quarrying (05 to 09)","Euro Million","458"
"Gross Value Added at Current Basic Prices","1997","Manufacturing (C)","Euro Million","15122"
"Gross Value Added at Current Basic Prices","1997","Food products, beverages and tobacco (10 to 12)","Euro Million","2389"
"Gross Value Added at Current Basic Prices","1997","Textiles, wearing apparel and leather products (13 to 15)","Euro Million","377"
"Gross Value Added at Current Basic Prices","1997","Wood and wood products, except furniture (16)","Euro Million","244"
"Gross Value Added at Current Basic Prices","1997","Pulp, paper and paper products (17)","Euro Million","236"
"Gross Value Added at Current Basic Prices","1997","Printing and reproduction of recorded media (18)","Euro Million","291"
"Gross Value Added at Current Basic Prices","1997","Coke and refined petroleum products (19)","Euro Million",""
"Gross Value Added at Current Basic Prices","1997","Chemicals and chemical products (20)","Euro Million",""
"Gross Value Added at Current Basic Prices","1997","Basic pharmaceutical products and preparations (21)","Euro Million","4490"
"Gross Value Added at Current Basic Prices","1997","Rubber and plastic products (22)","Euro Million","403"
"Gross Value Added at Current Basic Prices","1997","Other non-metallic mineral products (23)","Euro Million","531"
"Gross Value Added at Current Basic Prices","1997","Basic metals (24)","Euro Million","137"
"Gross Value Added at Current Basic Prices","1997","Fabricated metal products (25)","Euro Million","436"
"Gross Value Added at Current Basic Prices","1997","Computer, electronic and optical products (26)","Euro Million","2188"
"Gross Value Added at Current Basic Prices","1997","Electrical equipment (27)","Euro Million","363"
"Gross Value Added at Current Basic Prices","1997","Manufacture of machinery and equipment n.e.c. (28)","Euro Million","420"
"Gross Value Added at Current Basic Prices","1997","Motor vehicles, trailers and semi-trailers (29)","Euro Million","173"
"Gross Value Added at Current Basic Prices","1997","Other transport equipment (30)","Euro Million","147"
"Gross Value Added at Current Basic Prices","1997","Furniture and other manufacturing (31,32)","Euro Million","1100"
"Gross Value Added at Current Basic Prices","1997","Repair and installation of machinery and equipment (33 )","Euro Million","126"
"Gross Value Added at Current Basic Prices","1997","Electricity, gas, steam and air conditioning supply (D)","Euro Million","892"
"Gross Value Added at Current Basic Prices","1997","Electricity, gas, steam and air conditioning supply (35)","Euro Million","892"
"Gross Value Added at Current Basic Prices","1997","Water supply; sewerage, waste management and remediation activities (E)","Euro Million","375"
"Gross Value Added at Current Basic Prices","1997","Water collection, treatment and supply (36)","Euro Million","115"
"Gross Value Added at Current Basic Prices","1997","Sewerage, waste management and remediation activities (37 to 39)","Euro Million","260"
"Gross Value Added at Current Basic Prices","1997","Construction (F)","Euro Million","3761"
"Gross Value Added at Current Basic Prices","1997","Construction (41 to 43)","Euro Million","3761"
"Gross Value Added at Current Basic Prices","1997","Wholesale and retail trade; repair of motor vehicles and motorcycles (G)","Euro Million","7445"
"Gross Value Added at Current Basic Prices","1997","Wholesale and retail trade and repair of vehicles  (45)","Euro Million","827"
"Gross Value Added at Current Basic Prices","1997","Wholesale trade (46)","Euro Million","3082"
"Gross Value Added at Current Basic Prices","1997","Retail trade (47)","Euro Million","3536"
"Gross Value Added at Current Basic Prices","1997","Transportation and storage (H)","Euro Million","2249"
"Gross Value Added at Current Basic Prices","1997","Land transport (49)","Euro Million","854"
"Gross Value Added at Current Basic Prices","1997","Water transport (50)","Euro Million","88"
"Gross Value Added at Current Basic Prices","1997","Air transport (51)","Euro Million","379"
"Gross Value Added at Current Basic Prices","1997","Warehousing and support activities for transportation (52)","Euro Million","324"
"Gross Value Added at Current Basic Prices","1997","Postal and courier activities (53)","Euro Million","605"
"Gross Value Added at Current Basic Prices","1997","Accommodation and food service activities (I)","Euro Million","1370"
"Gross Value Added at Current Basic Prices","1997","Accommodation and food service activities (55,56)","Euro Million","1370"
"Gross Value Added at Current Basic Prices","1997","Information and communication (J)","Euro Million","4619"
"Gross Value Added at Current Basic Prices","1997","Publishing activities (58)","Euro Million","1516"
"Gross Value Added at Current Basic Prices","1997","Audiovisual and broadcasting services (59,60)","Euro Million","169"
"Gross Value Added at Current Basic Prices","1997","Telecommunications (61)","Euro Million","1795"
"Gross Value Added at Current Basic Prices","1997","Computer programming, consultancy and Information service activities (62,63)","Euro Million","1138"
"Gross Value Added at Current Basic Prices","1997","Financial and insurance activities (K)","Euro Million","4043"
"Gross Value Added at Current Basic Prices","1997","Financial service activities (64)","Euro Million","2781"
"Gross Value Added at Current Basic Prices","1997","Insurance, reinsurance and pension funding, except compulsory social security (65)","Euro Million","855"
"Gross Value Added at Current Basic Prices","1997","Activities auxiliary to financial services and insurance activities (66)","Euro Million","407"
"Gross Value Added at Current Basic Prices","1997","Real estate activities (L)","Euro Million","3968"
"Gross Value Added at Current Basic Prices","1997","Real estate activities (68)","Euro Million","3968"
"Gross Value Added at Current Basic Prices","1997","Real estate activities of which: imputed rents of owner-occupied dwellings","Euro Million","2988"
"Gross Value Added at Current Basic Prices","1997","Professional, scientific and technical activities (M)","Euro Million","1788"
"Gross Value Added at Current Basic Prices","1997","Legal and accounting activities; head offices and management consultancy activities (69,70)","Euro Million","764"
"Gross Value Added at Current Basic Prices","1997","Architectural and engineering activities; technical testing and analysis (71)","Euro Million","397"
"Gross Value Added at Current Basic Prices","1997","Scientific research and development (72)","Euro Million","76"
"Gross Value Added at Current Basic Prices","1997","Advertising and market research (73)","Euro Million","121"
"Gross Value Added at Current Basic Prices","1997","Other professional, scientific, technical and veterinary activities (74,75)","Euro Million","430"
"Gross Value Added at Current Basic Prices","1997","Administrative and support service activities (N)","Euro Million","1678"
"Gross Value Added at Current Basic Prices","1997","Rental and leasing activities  (77)","Euro Million","945"
"Gross Value Added at Current Basic Prices","1997","Employment activities (78)","Euro Million","80"
"Gross Value Added at Current Basic Prices","1997","Travel agency and tourism service activities (79)","Euro Million","134"
"Gross Value Added at Current Basic Prices","1997","Administrative and support service activities (80 to 82)","Euro Million","518"
"Gross Value Added at Current Basic Prices","1997","Public administration and defence; compulsory social security (O)","Euro Million","3109"
"Gross Value Added at Current Basic Prices","1997","Public administration and defence; compulsory social security (84)","Euro Million","3109"
"Gross Value Added at Current Basic Prices","1997","Education (P)","Euro Million","3133"
"Gross Value Added at Current Basic Prices","1997","Education (85)","Euro Million","3133"
"Gross Value Added at Current Basic Prices","1997","Human health and social work activities (Q)","Euro Million","3611"
"Gross Value Added at Current Basic Prices","1997","Human health activities (86)","Euro Million","3004"
"Gross Value Added at Current Basic Prices","1997","Residential care and social work activities (87,88)","Euro Million","607"
"Gross Value Added at Current Basic Prices","1997","Arts, entertainment and recreation (R)","Euro Million","908"
"Gross Value Added at Current Basic Prices","1997","Arts, entertainment and recreation (90 to 92)","Euro Million","652"
"Gross Value Added at Current Basic Prices","1997","Sports activities and amusement and recreation activities (93)","Euro Million","256"
"Gross Value Added at Current Basic Prices","1997","Other service activities (S)","Euro Million","489"
"Gross Value Added at Current Basic Prices","1997","Activities of membership organisations (94)","Euro Million","179"
"Gross Value Added at Current Basic Prices","1997","Repair of computers and personal and household goods (95)","Euro Million","34"
"Gross Value Added at Current Basic Prices","1997","Other personal service activities (96)","Euro Million","276"
"Gross Value Added at Current Basic Prices","1997","Activities of households as employers; producing activities of households for own use (T)","Euro Million","107"
"Gross Value Added at Current Basic Prices","1997","Activities of households as employers; producing activities of households for own use (97,98)","Euro Million","107"
"Gross Value Added at Current Basic Prices","1997","Activities of extraterritorial organisations and bodies (U)","Euro Million","0"
"Gross Value Added at Current Basic Prices","1997","Activities of extraterritorial organisations and bodies (99)","Euro Million","0"
"Gross Value Added at Current Basic Prices","1998","Agriculture, forestry and fishing (A)","Euro Million","2805"
"Gross Value Added at Current Basic Prices","1998","Crop and animal production, hunting and related service activities (01)","Euro Million","2550"
"Gross Value Added at Current Basic Prices","1998","Forestry and logging (02)","Euro Million","50"
"Gross Value Added at Current Basic Prices","1998","Fishing and aquaculture (03)","Euro Million","206"
"Gross Value Added at Current Basic Prices","1998","Mining and quarrying (B)","Euro Million","395"
"Gross Value Added at Current Basic Prices","1998","Mining and quarrying (05 to 09)","Euro Million","395"
"Gross Value Added at Current Basic Prices","1998","Manufacturing (C)","Euro Million","18696"
"Gross Value Added at Current Basic Prices","1998","Food products, beverages and tobacco (10 to 12)","Euro Million","2827"
"Gross Value Added at Current Basic Prices","1998","Textiles, wearing apparel and leather products (13 to 15)","Euro Million","393"
"Gross Value Added at Current Basic Prices","1998","Wood and wood products, except furniture (16)","Euro Million","266"
"Gross Value Added at Current Basic Prices","1998","Pulp, paper and paper products (17)","Euro Million","268"
"Gross Value Added at Current Basic Prices","1998","Printing and reproduction of recorded media (18)","Euro Million","326"
"Gross Value Added at Current Basic Prices","1998","Coke and refined petroleum products (19)","Euro Million",""
"Gross Value Added at Current Basic Prices","1998","Chemicals and chemical products (20)","Euro Million",""
"Gross Value Added at Current Basic Prices","1998","Basic pharmaceutical products and preparations (21)","Euro Million","5746"
"Gross Value Added at Current Basic Prices","1998","Rubber and plastic products (22)","Euro Million","458"
"Gross Value Added at Current Basic Prices","1998","Other non-metallic mineral products (23)","Euro Million","630"
"Gross Value Added at Current Basic Prices","1998","Basic metals (24)","Euro Million","161"
"Gross Value Added at Current Basic Prices","1998","Fabricated metal products (25)","Euro Million","500"
"Gross Value Added at Current Basic Prices","1998","Computer, electronic and optical products (26)","Euro Million","2748"
"Gross Value Added at Current Basic Prices","1998","Electrical equipment (27)","Euro Million","452"
"Gross Value Added at Current Basic Prices","1998","Manufacture of machinery and equipment n.e.c. (28)","Euro Million","409"
"Gross Value Added at Current Basic Prices","1998","Motor vehicles, trailers and semi-trailers (29)","Euro Million","292"
"Gross Value Added at Current Basic Prices","1998","Other transport equipment (30)","Euro Million","155"
"Gross Value Added at Current Basic Prices","1998","Furniture and other manufacturing (31,32)","Euro Million","1561"
"Gross Value Added at Current Basic Prices","1998","Repair and installation of machinery and equipment (33 )","Euro Million","142"
"Gross Value Added at Current Basic Prices","1998","Electricity, gas, steam and air conditioning supply (D)","Euro Million","1007"
"Gross Value Added at Current Basic Prices","1998","Electricity, gas, steam and air conditioning supply (35)","Euro Million","1007"
"Gross Value Added at Current Basic Prices","1998","Water supply; sewerage, waste management and remediation activities (E)","Euro Million","472"
"Gross Value Added at Current Basic Prices","1998","Water collection, treatment and supply (36)","Euro Million","147"
"Gross Value Added at Current Basic Prices","1998","Sewerage, waste management and remediation activities (37 to 39)","Euro Million","325"
"Gross Value Added at Current Basic Prices","1998","Construction (F)","Euro Million","4597"
"Gross Value Added at Current Basic Prices","1998","Construction (41 to 43)","Euro Million","4597"
"Gross Value Added at Current Basic Prices","1998","Wholesale and retail trade; repair of motor vehicles and motorcycles (G)","Euro Million","8142"
"Gross Value Added at Current Basic Prices","1998","Wholesale and retail trade and repair of vehicles  (45)","Euro Million","906"
"Gross Value Added at Current Basic Prices","1998","Wholesale trade (46)","Euro Million","3601"
"Gross Value Added at Current Basic Prices","1998","Retail trade (47)","Euro Million","3634"
"Gross Value Added at Current Basic Prices","1998","Transportation and storage (H)","Euro Million","2702"
"Gross Value Added at Current Basic Prices","1998","Land transport (49)","Euro Million","1069"
"Gross Value Added at Current Basic Prices","1998","Water transport (50)","Euro Million","121"
"Gross Value Added at Current Basic Prices","1998","Air transport (51)","Euro Million","506"
"Gross Value Added at Current Basic Prices","1998","Warehousing and support activities for transportation (52)","Euro Million","402"
"Gross Value Added at Current Basic Prices","1998","Postal and courier activities (53)","Euro Million","604"
"Gross Value Added at Current Basic Prices","1998","Accommodation and food service activities (I)","Euro Million","1964"
"Gross Value Added at Current Basic Prices","1998","Accommodation and food service activities (55,56)","Euro Million","1964"
"Gross Value Added at Current Basic Prices","1998","Information and communication (J)","Euro Million","5711"
"Gross Value Added at Current Basic Prices","1998","Publishing activities (58)","Euro Million","1952"
"Gross Value Added at Current Basic Prices","1998","Audiovisual and broadcasting services (59,60)","Euro Million","184"
"Gross Value Added at Current Basic Prices","1998","Telecommunications (61)","Euro Million","2059"
"Gross Value Added at Current Basic Prices","1998","Computer programming, consultancy and Information service activities (62,63)","Euro Million","1516"
"Gross Value Added at Current Basic Prices","1998","Financial and insurance activities (K)","Euro Million","4910"
"Gross Value Added at Current Basic Prices","1998","Financial service activities (64)","Euro Million","3370"
"Gross Value Added at Current Basic Prices","1998","Insurance, reinsurance and pension funding, except compulsory social security (65)","Euro Million","1060"
"Gross Value Added at Current Basic Prices","1998","Activities auxiliary to financial services and insurance activities (66)","Euro Million","479"
"Gross Value Added at Current Basic Prices","1998","Real estate activities (L)","Euro Million","4980"
"Gross Value Added at Current Basic Prices","1998","Real estate activities (68)","Euro Million","4980"
"Gross Value Added at Current Basic Prices","1998","Real estate activities of which: imputed rents of owner-occupied dwellings","Euro Million","3745"
"Gross Value Added at Current Basic Prices","1998","Professional, scientific and technical activities (M)","Euro Million","2363"
"Gross Value Added at Current Basic Prices","1998","Legal and accounting activities; head offices and management consultancy activities (69,70)","Euro Million","1023"
"Gross Value Added at Current Basic Prices","1998","Architectural and engineering activities; technical testing and analysis (71)","Euro Million","538"
"Gross Value Added at Current Basic Prices","1998","Scientific research and development (72)","Euro Million","106"
"Gross Value Added at Current Basic Prices","1998","Advertising and market research (73)","Euro Million","155"
"Gross Value Added at Current Basic Prices","1998","Other professional, scientific, technical and veterinary activities (74,75)","Euro Million","540"
"Gross Value Added at Current Basic Prices","1998","Administrative and support service activities (N)","Euro Million","2106"
"Gross Value Added at Current Basic Prices","1998","Rental and leasing activities  (77)","Euro Million","1112"
"Gross Value Added at Current Basic Prices","1998","Employment activities (78)","Euro Million","110"
"Gross Value Added at Current Basic Prices","1998","Travel agency and tourism service activities (79)","Euro Million","171"
"Gross Value Added at Current Basic Prices","1998","Administrative and support service activities (80 to 82)","Euro Million","713"
"Gross Value Added at Current Basic Prices","1998","Public administration and defence; compulsory social security (O)","Euro Million","3235"
"Gross Value Added at Current Basic Prices","1998","Public administration and defence; compulsory social security (84)","Euro Million","3235"
"Gross Value Added at Current Basic Prices","1998","Education (P)","Euro Million","3300"
"Gross Value Added at Current Basic Prices","1998","Education (85)","Euro Million","3300"
"Gross Value Added at Current Basic Prices","1998","Human health and social work activities (Q)","Euro Million","3756"
"Gross Value Added at Current Basic Prices","1998","Human health activities (86)","Euro Million","3088"
"Gross Value Added at Current Basic Prices","1998","Residential care and social work activities (87,88)","Euro Million","667"
"Gross Value Added at Current Basic Prices","1998","Arts, entertainment and recreation (R)","Euro Million","1038"
"Gross Value Added at Current Basic Prices","1998","Arts, entertainment and recreation (90 to 92)","Euro Million","761"
"Gross Value Added at Current Basic Prices","1998","Sports activities and amusement and recreation activities (93)","Euro Million","277"
"Gross Value Added at Current Basic Prices","1998","Other service activities (S)","Euro Million","474"
"Gross Value Added at Current Basic Prices","1998","Activities of membership organisations (94)","Euro Million","170"
"Gross Value Added at Current Basic Prices","1998","Repair of computers and personal and household goods (95)","Euro Million","50"
"Gross Value Added at Current Basic Prices","1998","Other personal service activities (96)","Euro Million","254"
"Gross Value Added at Current Basic Prices","1998","Activities of households as employers; producing activities of households for own use (T)","Euro Million","104"
"Gross Value Added at Current Basic Prices","1998","Activities of households as employers; producing activities of households for own use (97,98)","Euro Million","104"
"Gross Value Added at Current Basic Prices","1998","Activities of extraterritorial organisations and bodies (U)","Euro Million","0"
"Gross Value Added at Current Basic Prices","1998","Activities of extraterritorial organisations and bodies (99)","Euro Million","0"
"Gross Value Added at Current Basic Prices","1999","Agriculture, forestry and fishing (A)","Euro Million","2395"
"Gross Value Added at Current Basic Prices","1999","Crop and animal production, hunting and related service activities (01)","Euro Million","2154"
"Gross Value Added at Current Basic Prices","1999","Forestry and logging (02)","Euro Million","59"
"Gross Value Added at Current Basic Prices","1999","Fishing and aquaculture (03)","Euro Million","182"
"Gross Value Added at Current Basic Prices","1999","Mining and quarrying (B)","Euro Million","390"
"Gross Value Added at Current Basic Prices","1999","Mining and quarrying (05 to 09)","Euro Million","390"
"Gross Value Added at Current Basic Prices","1999","Manufacturing (C)","Euro Million","21835"
"Gross Value Added at Current Basic Prices","1999","Food products, beverages and tobacco (10 to 12)","Euro Million","3110"
"Gross Value Added at Current Basic Prices","1999","Textiles, wearing apparel and leather products (13 to 15)","Euro Million","352"
"Gross Value Added at Current Basic Prices","1999","Wood and wood products, except furniture (16)","Euro Million","312"
"Gross Value Added at Current Basic Prices","1999","Pulp, paper and paper products (17)","Euro Million","271"
"Gross Value Added at Current Basic Prices","1999","Printing and reproduction of recorded media (18)","Euro Million","368"
"Gross Value Added at Current Basic Prices","1999","Coke and refined petroleum products (19)","Euro Million",""
"Gross Value Added at Current Basic Prices","1999","Chemicals and chemical products (20)","Euro Million",""
"Gross Value Added at Current Basic Prices","1999","Basic pharmaceutical products and preparations (21)","Euro Million","7240"
"Gross Value Added at Current Basic Prices","1999","Rubber and plastic products (22)","Euro Million","477"
"Gross Value Added at Current Basic Prices","1999","Other non-metallic mineral products (23)","Euro Million","711"
"Gross Value Added at Current Basic Prices","1999","Basic metals (24)","Euro Million","172"
"Gross Value Added at Current Basic Prices","1999","Fabricated metal products (25)","Euro Million","577"
"Gross Value Added at Current Basic Prices","1999","Computer, electronic and optical products (26)","Euro Million","3132"
"Gross Value Added at Current Basic Prices","1999","Electrical equipment (27)","Euro Million","483"
"Gross Value Added at Current Basic Prices","1999","Manufacture of machinery and equipment n.e.c. (28)","Euro Million","555"
"Gross Value Added at Current Basic Prices","1999","Motor vehicles, trailers and semi-trailers (29)","Euro Million","136"
"Gross Value Added at Current Basic Prices","1999","Other transport equipment (30)","Euro Million","154"
"Gross Value Added at Current Basic Prices","1999","Furniture and other manufacturing (31,32)","Euro Million","1997"
"Gross Value Added at Current Basic Prices","1999","Repair and installation of machinery and equipment (33 )","Euro Million","166"
"Gross Value Added at Current Basic Prices","1999","Electricity, gas, steam and air conditioning supply (D)","Euro Million","794"
"Gross Value Added at Current Basic Prices","1999","Electricity, gas, steam and air conditioning supply (35)","Euro Million","794"
"Gross Value Added at Current Basic Prices","1999","Water supply; sewerage, waste management and remediation activities (E)","Euro Million","507"
"Gross Value Added at Current Basic Prices","1999","Water collection, treatment and supply (36)","Euro Million","151"
"Gross Value Added at Current Basic Prices","1999","Sewerage, waste management and remediation activities (37 to 39)","Euro Million","356"
"Gross Value Added at Current Basic Prices","1999","Construction (F)","Euro Million","5583"
"Gross Value Added at Current Basic Prices","1999","Construction (41 to 43)","Euro Million","5583"
"Gross Value Added at Current Basic Prices","1999","Wholesale and retail trade; repair of motor vehicles and motorcycles (G)","Euro Million","9099"
"Gross Value Added at Current Basic Prices","1999","Wholesale and retail trade and repair of vehicles  (45)","Euro Million","1037"
"Gross Value Added at Current Basic Prices","1999","Wholesale trade (46)","Euro Million","3880"
"Gross Value Added at Current Basic Prices","1999","Retail trade (47)","Euro Million","4182"
"Gross Value Added at Current Basic Prices","1999","Transportation and storage (H)","Euro Million","3055"
"Gross Value Added at Current Basic Prices","1999","Land transport (49)","Euro Million","1184"
"Gross Value Added at Current Basic Prices","1999","Water transport (50)","Euro Million","138"
"Gross Value Added at Current Basic Prices","1999","Air transport (51)","Euro Million","642"
"Gross Value Added at Current Basic Prices","1999","Warehousing and support activities for transportation (52)","Euro Million","465"
"Gross Value Added at Current Basic Prices","1999","Postal and courier activities (53)","Euro Million","626"
"Gross Value Added at Current Basic Prices","1999","Accommodation and food service activities (I)","Euro Million","2133"
"Gross Value Added at Current Basic Prices","1999","Accommodation and food service activities (55,56)","Euro Million","2133"
"Gross Value Added at Current Basic Prices","1999","Information and communication (J)","Euro Million","6913"
"Gross Value Added at Current Basic Prices","1999","Publishing activities (58)","Euro Million","2465"
"Gross Value Added at Current Basic Prices","1999","Audiovisual and broadcasting services (59,60)","Euro Million","139"
"Gross Value Added at Current Basic Prices","1999","Telecommunications (61)","Euro Million","2294"
"Gross Value Added at Current Basic Prices","1999","Computer programming, consultancy and Information service activities (62,63)","Euro Million","2016"
"Gross Value Added at Current Basic Prices","1999","Financial and insurance activities (K)","Euro Million","5935"
"Gross Value Added at Current Basic Prices","1999","Financial service activities (64)","Euro Million","4282"
"Gross Value Added at Current Basic Prices","1999","Insurance, reinsurance and pension funding, except compulsory social security (65)","Euro Million","1004"
"Gross Value Added at Current Basic Prices","1999","Activities auxiliary to financial services and insurance activities (66)","Euro Million","649"
"Gross Value Added at Current Basic Prices","1999","Real estate activities (L)","Euro Million","5679"
"Gross Value Added at Current Basic Prices","1999","Real estate activities (68)","Euro Million","5679"
"Gross Value Added at Current Basic Prices","1999","Real estate activities of which: imputed rents of owner-occupied dwellings","Euro Million","4283"
"Gross Value Added at Current Basic Prices","1999","Professional, scientific and technical activities (M)","Euro Million","2820"
"Gross Value Added at Current Basic Prices","1999","Legal and accounting activities; head offices and management consultancy activities (69,70)","Euro Million","1226"
"Gross Value Added at Current Basic Prices","1999","Architectural and engineering activities; technical testing and analysis (71)","Euro Million","623"
"Gross Value Added at Current Basic Prices","1999","Scientific research and development (72)","Euro Million","106"
"Gross Value Added at Current Basic Prices","1999","Advertising and market research (73)","Euro Million","195"
"Gross Value Added at Current Basic Prices","1999","Other professional, scientific, technical and veterinary activities (74,75)","Euro Million","671"
"Gross Value Added at Current Basic Prices","1999","Administrative and support service activities (N)","Euro Million","2510"
"Gross Value Added at Current Basic Prices","1999","Rental and leasing activities  (77)","Euro Million","1276"
"Gross Value Added at Current Basic Prices","1999","Employment activities (78)","Euro Million","165"
"Gross Value Added at Current Basic Prices","1999","Travel agency and tourism service activities (79)","Euro Million","183"
"Gross Value Added at Current Basic Prices","1999","Administrative and support service activities (80 to 82)","Euro Million","887"
"Gross Value Added at Current Basic Prices","1999","Public administration and defence; compulsory social security (O)","Euro Million","3421"
"Gross Value Added at Current Basic Prices","1999","Public administration and defence; compulsory social security (84)","Euro Million","3421"
"Gross Value Added at Current Basic Prices","1999","Education (P)","Euro Million","3465"
"Gross Value Added at Current Basic Prices","1999","Education (85)","Euro Million","3465"
"Gross Value Added at Current Basic Prices","1999","Human health and social work activities (Q)","Euro Million","4277"
"Gross Value Added at Current Basic Prices","1999","Human health activities (86)","Euro Million","3444"
"Gross Value Added at Current Basic Prices","1999","Residential care and social work activities (87,88)","Euro Million","833"
"Gross Value Added at Current Basic Prices","1999","Arts, entertainment and recreation (R)","Euro Million","1188"
"Gross Value Added at Current Basic Prices","1999","Arts, entertainment and recreation (90 to 92)","Euro Million","849"
"Gross Value Added at Current Basic Prices","1999","Sports activities and amusement and recreation activities (93)","Euro Million","339"
"Gross Value Added at Current Basic Prices","1999","Other service activities (S)","Euro Million","561"
"Gross Value Added at Current Basic Prices","1999","Activities of membership organisations (94)","Euro Million","171"
"Gross Value Added at Current Basic Prices","1999","Repair of computers and personal and household goods (95)","Euro Million","48"
"Gross Value Added at Current Basic Prices","1999","Other personal service activities (96)","Euro Million","342"
"Gross Value Added at Current Basic Prices","1999","Activities of households as employers; producing activities of households for own use (T)","Euro Million","110"
"Gross Value Added at Current Basic Prices","1999","Activities of households as employers; producing activities of households for own use (97,98)","Euro Million","110"
"Gross Value Added at Current Basic Prices","1999","Activities of extraterritorial organisations and bodies (U)","Euro Million","0"
"Gross Value Added at Current Basic Prices","1999","Activities of extraterritorial organisations and bodies (99)","Euro Million","0"
"Gross Value Added at Current Basic Prices","2000","Agriculture, forestry and fishing (A)","Euro Million","2726"
"Gross Value Added at Current Basic Prices","2000","Crop and animal production, hunting and related service activities (01)","Euro Million","2472"
"Gross Value Added at Current Basic Prices","2000","Forestry and logging (02)","Euro Million","82"
"Gross Value Added at Current Basic Prices","2000","Fishing and aquaculture (03)","Euro Million","172"
"Gross Value Added at Current Basic Prices","2000","Mining and quarrying (B)","Euro Million","479"
"Gross Value Added at Current Basic Prices","2000","Mining and quarrying (05 to 09)","Euro Million","479"
"Gross Value Added at Current Basic Prices","2000","Manufacturing (C)","Euro Million","25083"
"Gross Value Added at Current Basic Prices","2000","Food products, beverages and tobacco (10 to 12)","Euro Million","3602"
"Gross Value Added at Current Basic Prices","2000","Textiles, wearing apparel and leather products (13 to 15)","Euro Million","344"
"Gross Value Added at Current Basic Prices","2000","Wood and wood products, except furniture (16)","Euro Million","374"
"Gross Value Added at Current Basic Prices","2000","Pulp, paper and paper products (17)","Euro Million","272"
"Gross Value Added at Current Basic Prices","2000","Printing and reproduction of recorded media (18)","Euro Million","393"
"Gross Value Added at Current Basic Prices","2000","Coke and refined petroleum products (19)","Euro Million",""
"Gross Value Added at Current Basic Prices","2000","Chemicals and chemical products (20)","Euro Million",""
"Gross Value Added at Current Basic Prices","2000","Basic pharmaceutical products and preparations (21)","Euro Million","8632"
"Gross Value Added at Current Basic Prices","2000","Rubber and plastic products (22)","Euro Million","528"
"Gross Value Added at Current Basic Prices","2000","Other non-metallic mineral products (23)","Euro Million","799"
"Gross Value Added at Current Basic Prices","2000","Basic metals (24)","Euro Million","193"
"Gross Value Added at Current Basic Prices","2000","Fabricated metal products (25)","Euro Million","625"
"Gross Value Added at Current Basic Prices","2000","Computer, electronic and optical products (26)","Euro Million","3668"
"Gross Value Added at Current Basic Prices","2000","Electrical equipment (27)","Euro Million","567"
"Gross Value Added at Current Basic Prices","2000","Manufacture of machinery and equipment n.e.c. (28)","Euro Million","541"
"Gross Value Added at Current Basic Prices","2000","Motor vehicles, trailers and semi-trailers (29)","Euro Million","162"
"Gross Value Added at Current Basic Prices","2000","Other transport equipment (30)","Euro Million","188"
"Gross Value Added at Current Basic Prices","2000","Furniture and other manufacturing (31,32)","Euro Million","2087"
"Gross Value Added at Current Basic Prices","2000","Repair and installation of machinery and equipment (33 )","Euro Million","184"
"Gross Value Added at Current Basic Prices","2000","Electricity, gas, steam and air conditioning supply (D)","Euro Million","1095"
"Gross Value Added at Current Basic Prices","2000","Electricity, gas, steam and air conditioning supply (35)","Euro Million","1095"
"Gross Value Added at Current Basic Prices","2000","Water supply; sewerage, waste management and remediation activities (E)","Euro Million","590"
"Gross Value Added at Current Basic Prices","2000","Water collection, treatment and supply (36)","Euro Million","160"
"Gross Value Added at Current Basic Prices","2000","Sewerage, waste management and remediation activities (37 to 39)","Euro Million","430"
"Gross Value Added at Current Basic Prices","2000","Construction (F)","Euro Million","6931"
"Gross Value Added at Current Basic Prices","2000","Construction (41 to 43)","Euro Million","6931"
"Gross Value Added at Current Basic Prices","2000","Wholesale and retail trade; repair of motor vehicles and motorcycles (G)","Euro Million","10526"
"Gross Value Added at Current Basic Prices","2000","Wholesale and retail trade and repair of vehicles  (45)","Euro Million","1262"
"Gross Value Added at Current Basic Prices","2000","Wholesale trade (46)","Euro Million","4741"
"Gross Value Added at Current Basic Prices","2000","Retail trade (47)","Euro Million","4524"
"Gross Value Added at Current Basic Prices","2000","Transportation and storage (H)","Euro Million","3635"
"Gross Value Added at Current Basic Prices","2000","Land transport (49)","Euro Million","1458"
"Gross Value Added at Current Basic Prices","2000","Water transport (50)","Euro Million","153"
"Gross Value Added at Current Basic Prices","2000","Air transport (51)","Euro Million","712"
"Gross Value Added at Current Basic Prices","2000","Warehousing and support activities for transportation (52)","Euro Million","633"
"Gross Value Added at Current Basic Prices","2000","Postal and courier activities (53)","Euro Million","680"
"Gross Value Added at Current Basic Prices","2000","Accommodation and food service activities (I)","Euro Million","2663"
"Gross Value Added at Current Basic Prices","2000","Accommodation and food service activities (55,56)","Euro Million","2663"
"Gross Value Added at Current Basic Prices","2000","Information and communication (J)","Euro Million","7763"
"Gross Value Added at Current Basic Prices","2000","Publishing activities (58)","Euro Million","2943"
"Gross Value Added at Current Basic Prices","2000","Audiovisual and broadcasting services (59,60)","Euro Million","209"
"Gross Value Added at Current Basic Prices","2000","Telecommunications (61)","Euro Million","2307"
"Gross Value Added at Current Basic Prices","2000","Computer programming, consultancy and Information service activities (62,63)","Euro Million","2304"
"Gross Value Added at Current Basic Prices","2000","Financial and insurance activities (K)","Euro Million","7201"
"Gross Value Added at Current Basic Prices","2000","Financial service activities (64)","Euro Million","5045"
"Gross Value Added at Current Basic Prices","2000","Insurance, reinsurance and pension funding, except compulsory social security (65)","Euro Million","1296"
"Gross Value Added at Current Basic Prices","2000","Activities auxiliary to financial services and insurance activities (66)","Euro Million","860"
"Gross Value Added at Current Basic Prices","2000","Real estate activities (L)","Euro Million","6868"
"Gross Value Added at Current Basic Prices","2000","Real estate activities (68)","Euro Million","6868"
"Gross Value Added at Current Basic Prices","2000","Real estate activities of which: imputed rents of owner-occupied dwellings","Euro Million","5360"
"Gross Value Added at Current Basic Prices","2000","Professional, scientific and technical activities (M)","Euro Million","3742"
"Gross Value Added at Current Basic Prices","2000","Legal and accounting activities; head offices and management consultancy activities (69,70)","Euro Million","1739"
"Gross Value Added at Current Basic Prices","2000","Architectural and engineering activities; technical testing and analysis (71)","Euro Million","854"
"Gross Value Added at Current Basic Prices","2000","Scientific research and development (72)","Euro Million","109"
"Gross Value Added at Current Basic Prices","2000","Advertising and market research (73)","Euro Million","211"
"Gross Value Added at Current Basic Prices","2000","Other professional, scientific, technical and veterinary activities (74,75)","Euro Million","830"
"Gross Value Added at Current Basic Prices","2000","Administrative and support service activities (N)","Euro Million","2498"
"Gross Value Added at Current Basic Prices","2000","Rental and leasing activities  (77)","Euro Million","1310"
"Gross Value Added at Current Basic Prices","2000","Employment activities (78)","Euro Million","156"
"Gross Value Added at Current Basic Prices","2000","Travel agency and tourism service activities (79)","Euro Million","195"
"Gross Value Added at Current Basic Prices","2000","Administrative and support service activities (80 to 82)","Euro Million","836"
"Gross Value Added at Current Basic Prices","2000","Public administration and defence; compulsory social security (O)","Euro Million","3830"
"Gross Value Added at Current Basic Prices","2000","Public administration and defence; compulsory social security (84)","Euro Million","3830"
"Gross Value Added at Current Basic Prices","2000","Education (P)","Euro Million","3838"
"Gross Value Added at Current Basic Prices","2000","Education (85)","Euro Million","3838"
"Gross Value Added at Current Basic Prices","2000","Human health and social work activities (Q)","Euro Million","5186"
"Gross Value Added at Current Basic Prices","2000","Human health activities (86)","Euro Million","4417"
"Gross Value Added at Current Basic Prices","2000","Residential care and social work activities (87,88)","Euro Million","769"
"Gross Value Added at Current Basic Prices","2000","Arts, entertainment and recreation (R)","Euro Million","1390"
"Gross Value Added at Current Basic Prices","2000","Arts, entertainment and recreation (90 to 92)","Euro Million","1014"
"Gross Value Added at Current Basic Prices","2000","Sports activities and amusement and recreation activities (93)","Euro Million","376"
"Gross Value Added at Current Basic Prices","2000","Other service activities (S)","Euro Million","593"
"Gross Value Added at Current Basic Prices","2000","Activities of membership organisations (94)","Euro Million","180"
"Gross Value Added at Current Basic Prices","2000","Repair of computers and personal and household goods (95)","Euro Million","60"
"Gross Value Added at Current Basic Prices","2000","Other personal service activities (96)","Euro Million","353"
"Gross Value Added at Current Basic Prices","2000","Activities of households as employers; producing activities of households for own use (T)","Euro Million","86"
"Gross Value Added at Current Basic Prices","2000","Activities of households as employers; producing activities of households for own use (97,98)","Euro Million","86"
"Gross Value Added at Current Basic Prices","2000","Activities of extraterritorial organisations and bodies (U)","Euro Million","4"
"Gross Value Added at Current Basic Prices","2000","Activities of extraterritorial organisations and bodies (99)","Euro Million","4"
"Gross Value Added at Current Basic Prices","2001","Agriculture, forestry and fishing (A)","Euro Million","2440"
"Gross Value Added at Current Basic Prices","2001","Crop and animal production, hunting and related service activities (01)","Euro Million","2169"
"Gross Value Added at Current Basic Prices","2001","Forestry and logging (02)","Euro Million","94"
"Gross Value Added at Current Basic Prices","2001","Fishing and aquaculture (03)","Euro Million","178"
"Gross Value Added at Current Basic Prices","2001","Mining and quarrying (B)","Euro Million","609"
"Gross Value Added at Current Basic Prices","2001","Mining and quarrying (05 to 09)","Euro Million","609"
"Gross Value Added at Current Basic Prices","2001","Manufacturing (C)","Euro Million","30827"
"Gross Value Added at Current Basic Prices","2001","Food products, beverages and tobacco (10 to 12)","Euro Million","4543"
"Gross Value Added at Current Basic Prices","2001","Textiles, wearing apparel and leather products (13 to 15)","Euro Million","375"
"Gross Value Added at Current Basic Prices","2001","Wood and wood products, except furniture (16)","Euro Million","319"
"Gross Value Added at Current Basic Prices","2001","Pulp, paper and paper products (17)","Euro Million","274"
"Gross Value Added at Current Basic Prices","2001","Printing and reproduction of recorded media (18)","Euro Million","660"
"Gross Value Added at Current Basic Prices","2001","Coke and refined petroleum products (19)","Euro Million",""
"Gross Value Added at Current Basic Prices","2001","Chemicals and chemical products (20)","Euro Million",""
"Gross Value Added at Current Basic Prices","2001","Basic pharmaceutical products and preparations (21)","Euro Million","12508"
"Gross Value Added at Current Basic Prices","2001","Rubber and plastic products (22)","Euro Million","608"
"Gross Value Added at Current Basic Prices","2001","Other non-metallic mineral products (23)","Euro Million","810"
"Gross Value Added at Current Basic Prices","2001","Basic metals (24)","Euro Million","231"
"Gross Value Added at Current Basic Prices","2001","Fabricated metal products (25)","Euro Million","625"
"Gross Value Added at Current Basic Prices","2001","Computer, electronic and optical products (26)","Euro Million","4753"
"Gross Value Added at Current Basic Prices","2001","Electrical equipment (27)","Euro Million","590"
"Gross Value Added at Current Basic Prices","2001","Manufacture of machinery and equipment n.e.c. (28)","Euro Million","611"
"Gross Value Added at Current Basic Prices","2001","Motor vehicles, trailers and semi-trailers (29)","Euro Million","161"
"Gross Value Added at Current Basic Prices","2001","Other transport equipment (30)","Euro Million","199"
"Gross Value Added at Current Basic Prices","2001","Furniture and other manufacturing (31,32)","Euro Million","2605"
"Gross Value Added at Current Basic Prices","2001","Repair and installation of machinery and equipment (33 )","Euro Million","165"
"Gross Value Added at Current Basic Prices","2001","Electricity, gas, steam and air conditioning supply (D)","Euro Million","1368"
"Gross Value Added at Current Basic Prices","2001","Electricity, gas, steam and air conditioning supply (35)","Euro Million","1368"
"Gross Value Added at Current Basic Prices","2001","Water supply; sewerage, waste management and remediation activities (E)","Euro Million","726"
"Gross Value Added at Current Basic Prices","2001","Water collection, treatment and supply (36)","Euro Million","202"
"Gross Value Added at Current Basic Prices","2001","Sewerage, waste management and remediation activities (37 to 39)","Euro Million","524"
"Gross Value Added at Current Basic Prices","2001","Construction (F)","Euro Million","8081"
"Gross Value Added at Current Basic Prices","2001","Construction (41 to 43)","Euro Million","8081"
"Gross Value Added at Current Basic Prices","2001","Wholesale and retail trade; repair of motor vehicles and motorcycles (G)","Euro Million","9867"
"Gross Value Added at Current Basic Prices","2001","Wholesale and retail trade and repair of vehicles  (45)","Euro Million","1208"
"Gross Value Added at Current Basic Prices","2001","Wholesale trade (46)","Euro Million","3851"
"Gross Value Added at Current Basic Prices","2001","Retail trade (47)","Euro Million","4808"
"Gross Value Added at Current Basic Prices","2001","Transportation and storage (H)","Euro Million","3913"
"Gross Value Added at Current Basic Prices","2001","Land transport (49)","Euro Million","1655"
"Gross Value Added at Current Basic Prices","2001","Water transport (50)","Euro Million","162"
"Gross Value Added at Current Basic Prices","2001","Air transport (51)","Euro Million","540"
"Gross Value Added at Current Basic Prices","2001","Warehousing and support activities for transportation (52)","Euro Million","779"
"Gross Value Added at Current Basic Prices","2001","Postal and courier activities (53)","Euro Million","778"
"Gross Value Added at Current Basic Prices","2001","Accommodation and food service activities (I)","Euro Million","2795"
"Gross Value Added at Current Basic Prices","2001","Accommodation and food service activities (55,56)","Euro Million","2795"
"Gross Value Added at Current Basic Prices","2001","Information and communication (J)","Euro Million","7843"
"Gross Value Added at Current Basic Prices","2001","Publishing activities (58)","Euro Million","3012"
"Gross Value Added at Current Basic Prices","2001","Audiovisual and broadcasting services (59,60)","Euro Million","230"
"Gross Value Added at Current Basic Prices","2001","Telecommunications (61)","Euro Million","1798"
"Gross Value Added at Current Basic Prices","2001","Computer programming, consultancy and Information service activities (62,63)","Euro Million","2804"
"Gross Value Added at Current Basic Prices","2001","Financial and insurance activities (K)","Euro Million","8151"
"Gross Value Added at Current Basic Prices","2001","Financial service activities (64)","Euro Million","5637"
"Gross Value Added at Current Basic Prices","2001","Insurance, reinsurance and pension funding, except compulsory social security (65)","Euro Million","1613"
"Gross Value Added at Current Basic Prices","2001","Activities auxiliary to financial services and insurance activities (66)","Euro Million","901"
"Gross Value Added at Current Basic Prices","2001","Real estate activities (L)","Euro Million","8046"
"Gross Value Added at Current Basic Prices","2001","Real estate activities (68)","Euro Million","8046"
"Gross Value Added at Current Basic Prices","2001","Real estate activities of which: imputed rents of owner-occupied dwellings","Euro Million","6277"
"Gross Value Added at Current Basic Prices","2001","Professional, scientific and technical activities (M)","Euro Million","4103"
"Gross Value Added at Current Basic Prices","2001","Legal and accounting activities; head offices and management consultancy activities (69,70)","Euro Million","1890"
"Gross Value Added at Current Basic Prices","2001","Architectural and engineering activities; technical testing and analysis (71)","Euro Million","953"
"Gross Value Added at Current Basic Prices","2001","Scientific research and development (72)","Euro Million","94"
"Gross Value Added at Current Basic Prices","2001","Advertising and market research (73)","Euro Million","210"
"Gross Value Added at Current Basic Prices","2001","Other professional, scientific, technical and veterinary activities (74,75)","Euro Million","955"
"Gross Value Added at Current Basic Prices","2001","Administrative and support service activities (N)","Euro Million","2818"
"Gross Value Added at Current Basic Prices","2001","Rental and leasing activities  (77)","Euro Million","1395"
"Gross Value Added at Current Basic Prices","2001","Employment activities (78)","Euro Million","167"
"Gross Value Added at Current Basic Prices","2001","Travel agency and tourism service activities (79)","Euro Million","247"
"Gross Value Added at Current Basic Prices","2001","Administrative and support service activities (80 to 82)","Euro Million","1009"
"Gross Value Added at Current Basic Prices","2001","Public administration and defence; compulsory social security (O)","Euro Million","4305"
"Gross Value Added at Current Basic Prices","2001","Public administration and defence; compulsory social security (84)","Euro Million","4305"
"Gross Value Added at Current Basic Prices","2001","Education (P)","Euro Million","4438"
"Gross Value Added at Current Basic Prices","2001","Education (85)","Euro Million","4438"
"Gross Value Added at Current Basic Prices","2001","Human health and social work activities (Q)","Euro Million","6117"
"Gross Value Added at Current Basic Prices","2001","Human health activities (86)","Euro Million","5335"
"Gross Value Added at Current Basic Prices","2001","Residential care and social work activities (87,88)","Euro Million","782"
"Gross Value Added at Current Basic Prices","2001","Arts, entertainment and recreation (R)","Euro Million","1537"
"Gross Value Added at Current Basic Prices","2001","Arts, entertainment and recreation (90 to 92)","Euro Million","1103"
"Gross Value Added at Current Basic Prices","2001","Sports activities and amusement and recreation activities (93)","Euro Million","435"
"Gross Value Added at Current Basic Prices","2001","Other service activities (S)","Euro Million","735"
"Gross Value Added at Current Basic Prices","2001","Activities of membership organisations (94)","Euro Million","220"
"Gross Value Added at Current Basic Prices","2001","Repair of computers and personal and household goods (95)","Euro Million","76"
"Gross Value Added at Current Basic Prices","2001","Other personal service activities (96)","Euro Million","439"
"Gross Value Added at Current Basic Prices","2001","Activities of households as employers; producing activities of households for own use (T)","Euro Million","92"
"Gross Value Added at Current Basic Prices","2001","Activities of households as employers; producing activities of households for own use (97,98)","Euro Million","92"
"Gross Value Added at Current Basic Prices","2001","Activities of extraterritorial organisations and bodies (U)","Euro Million","4"
"Gross Value Added at Current Basic Prices","2001","Activities of extraterritorial organisations and bodies (99)","Euro Million","4"
"Gross Value Added at Current Basic Prices","2002","Agriculture, forestry and fishing (A)","Euro Million","2368"
"Gross Value Added at Current Basic Prices","2002","Crop and animal production, hunting and related service activities (01)","Euro Million","2109"
"Gross Value Added at Current Basic Prices","2002","Forestry and logging (02)","Euro Million","90"
"Gross Value Added at Current Basic Prices","2002","Fishing and aquaculture (03)","Euro Million","169"
"Gross Value Added at Current Basic Prices","2002","Mining and quarrying (B)","Euro Million","553"
"Gross Value Added at Current Basic Prices","2002","Mining and quarrying (05 to 09)","Euro Million","553"
"Gross Value Added at Current Basic Prices","2002","Manufacturing (C)","Euro Million","36373"
"Gross Value Added at Current Basic Prices","2002","Food products, beverages and tobacco (10 to 12)","Euro Million","5027"
"Gross Value Added at Current Basic Prices","2002","Textiles, wearing apparel and leather products (13 to 15)","Euro Million","323"
"Gross Value Added at Current Basic Prices","2002","Wood and wood products, except furniture (16)","Euro Million","346"
"Gross Value Added at Current Basic Prices","2002","Pulp, paper and paper products (17)","Euro Million","306"
"Gross Value Added at Current Basic Prices","2002","Printing and reproduction of recorded media (18)","Euro Million","617"
"Gross Value Added at Current Basic Prices","2002","Coke and refined petroleum products (19)","Euro Million",""
"Gross Value Added at Current Basic Prices","2002","Chemicals and chemical products (20)","Euro Million",""
"Gross Value Added at Current Basic Prices","2002","Basic pharmaceutical products and preparations (21)","Euro Million","17409"
"Gross Value Added at Current Basic Prices","2002","Rubber and plastic products (22)","Euro Million","607"
"Gross Value Added at Current Basic Prices","2002","Other non-metallic mineral products (23)","Euro Million","787"
"Gross Value Added at Current Basic Prices","2002","Basic metals (24)","Euro Million","182"
"Gross Value Added at Current Basic Prices","2002","Fabricated metal products (25)","Euro Million","663"
"Gross Value Added at Current Basic Prices","2002","Computer, electronic and optical products (26)","Euro Million","4495"
"Gross Value Added at Current Basic Prices","2002","Electrical equipment (27)","Euro Million","522"
"Gross Value Added at Current Basic Prices","2002","Manufacture of machinery and equipment n.e.c. (28)","Euro Million","992"
"Gross Value Added at Current Basic Prices","2002","Motor vehicles, trailers and semi-trailers (29)","Euro Million","185"
"Gross Value Added at Current Basic Prices","2002","Other transport equipment (30)","Euro Million","164"
"Gross Value Added at Current Basic Prices","2002","Furniture and other manufacturing (31,32)","Euro Million","2743"
"Gross Value Added at Current Basic Prices","2002","Repair and installation of machinery and equipment (33 )","Euro Million","141"
"Gross Value Added at Current Basic Prices","2002","Electricity, gas, steam and air conditioning supply (D)","Euro Million","1373"
"Gross Value Added at Current Basic Prices","2002","Electricity, gas, steam and air conditioning supply (35)","Euro Million","1373"
"Gross Value Added at Current Basic Prices","2002","Water supply; sewerage, waste management and remediation activities (E)","Euro Million","772"
"Gross Value Added at Current Basic Prices","2002","Water collection, treatment and supply (36)","Euro Million","218"
"Gross Value Added at Current Basic Prices","2002","Sewerage, waste management and remediation activities (37 to 39)","Euro Million","553"
"Gross Value Added at Current Basic Prices","2002","Construction (F)","Euro Million","8672"
"Gross Value Added at Current Basic Prices","2002","Construction (41 to 43)","Euro Million","8672"
"Gross Value Added at Current Basic Prices","2002","Wholesale and retail trade; repair of motor vehicles and motorcycles (G)","Euro Million","11089"
"Gross Value Added at Current Basic Prices","2002","Wholesale and retail trade and repair of vehicles  (45)","Euro Million","1205"
"Gross Value Added at Current Basic Prices","2002","Wholesale trade (46)","Euro Million","4910"
"Gross Value Added at Current Basic Prices","2002","Retail trade (47)","Euro Million","4974"
"Gross Value Added at Current Basic Prices","2002","Transportation and storage (H)","Euro Million","4143"
"Gross Value Added at Current Basic Prices","2002","Land transport (49)","Euro Million","1680"
"Gross Value Added at Current Basic Prices","2002","Water transport (50)","Euro Million","197"
"Gross Value Added at Current Basic Prices","2002","Air transport (51)","Euro Million","773"
"Gross Value Added at Current Basic Prices","2002","Warehousing and support activities for transportation (52)","Euro Million","689"
"Gross Value Added at Current Basic Prices","2002","Postal and courier activities (53)","Euro Million","803"
"Gross Value Added at Current Basic Prices","2002","Accommodation and food service activities (I)","Euro Million","2812"
"Gross Value Added at Current Basic Prices","2002","Accommodation and food service activities (55,56)","Euro Million","2812"
"Gross Value Added at Current Basic Prices","2002","Information and communication (J)","Euro Million","7784"
"Gross Value Added at Current Basic Prices","2002","Publishing activities (58)","Euro Million","2815"
"Gross Value Added at Current Basic Prices","2002","Audiovisual and broadcasting services (59,60)","Euro Million","273"
"Gross Value Added at Current Basic Prices","2002","Telecommunications (61)","Euro Million","1645"
"Gross Value Added at Current Basic Prices","2002","Computer programming, consultancy and Information service activities (62,63)","Euro Million","3050"
"Gross Value Added at Current Basic Prices","2002","Financial and insurance activities (K)","Euro Million","8867"
"Gross Value Added at Current Basic Prices","2002","Financial service activities (64)","Euro Million","5399"
"Gross Value Added at Current Basic Prices","2002","Insurance, reinsurance and pension funding, except compulsory social security (65)","Euro Million","2124"
"Gross Value Added at Current Basic Prices","2002","Activities auxiliary to financial services and insurance activities (66)","Euro Million","1344"
"Gross Value Added at Current Basic Prices","2002","Real estate activities (L)","Euro Million","9265"
"Gross Value Added at Current Basic Prices","2002","Real estate activities (68)","Euro Million","9265"
"Gross Value Added at Current Basic Prices","2002","Real estate activities of which: imputed rents of owner-occupied dwellings","Euro Million","7181"
"Gross Value Added at Current Basic Prices","2002","Professional, scientific and technical activities (M)","Euro Million","4285"
"Gross Value Added at Current Basic Prices","2002","Legal and accounting activities; head offices and management consultancy activities (69,70)","Euro Million","1893"
"Gross Value Added at Current Basic Prices","2002","Architectural and engineering activities; technical testing and analysis (71)","Euro Million","1080"
"Gross Value Added at Current Basic Prices","2002","Scientific research and development (72)","Euro Million","103"
"Gross Value Added at Current Basic Prices","2002","Advertising and market research (73)","Euro Million","224"
"Gross Value Added at Current Basic Prices","2002","Other professional, scientific, technical and veterinary activities (74,75)","Euro Million","985"
"Gross Value Added at Current Basic Prices","2002","Administrative and support service activities (N)","Euro Million","2762"
"Gross Value Added at Current Basic Prices","2002","Rental and leasing activities  (77)","Euro Million","1341"
"Gross Value Added at Current Basic Prices","2002","Employment activities (78)","Euro Million","182"
"Gross Value Added at Current Basic Prices","2002","Travel agency and tourism service activities (79)","Euro Million","264"
"Gross Value Added at Current Basic Prices","2002","Administrative and support service activities (80 to 82)","Euro Million","975"
"Gross Value Added at Current Basic Prices","2002","Public administration and defence; compulsory social security (O)","Euro Million","4819"
"Gross Value Added at Current Basic Prices","2002","Public administration and defence; compulsory social security (84)","Euro Million","4819"
"Gross Value Added at Current Basic Prices","2002","Education (P)","Euro Million","5172"
"Gross Value Added at Current Basic Prices","2002","Education (85)","Euro Million","5172"
"Gross Value Added at Current Basic Prices","2002","Human health and social work activities (Q)","Euro Million","6869"
"Gross Value Added at Current Basic Prices","2002","Human health activities (86)","Euro Million","5846"
"Gross Value Added at Current Basic Prices","2002","Residential care and social work activities (87,88)","Euro Million","1023"
"Gross Value Added at Current Basic Prices","2002","Arts, entertainment and recreation (R)","Euro Million","1634"
"Gross Value Added at Current Basic Prices","2002","Arts, entertainment and recreation (90 to 92)","Euro Million","1134"
"Gross Value Added at Current Basic Prices","2002","Sports activities and amusement and recreation activities (93)","Euro Million","500"
"Gross Value Added at Current Basic Prices","2002","Other service activities (S)","Euro Million","901"
"Gross Value Added at Current Basic Prices","2002","Activities of membership organisations (94)","Euro Million","224"
"Gross Value Added at Current Basic Prices","2002","Repair of computers and personal and household goods (95)","Euro Million","175"
"Gross Value Added at Current Basic Prices","2002","Other personal service activities (96)","Euro Million","501"
"Gross Value Added at Current Basic Prices","2002","Activities of households as employers; producing activities of households for own use (T)","Euro Million","94"
"Gross Value Added at Current Basic Prices","2002","Activities of households as employers; producing activities of households for own use (97,98)","Euro Million","94"
"Gross Value Added at Current Basic Prices","2002","Activities of extraterritorial organisations and bodies (U)","Euro Million","4"
"Gross Value Added at Current Basic Prices","2002","Activities of extraterritorial organisations and bodies (99)","Euro Million","4"
"Gross Value Added at Current Basic Prices","2003","Agriculture, forestry and fishing (A)","Euro Million","2162"
"Gross Value Added at Current Basic Prices","2003","Crop and animal production, hunting and related service activities (01)","Euro Million","1915"
"Gross Value Added at Current Basic Prices","2003","Forestry and logging (02)","Euro Million","102"
"Gross Value Added at Current Basic Prices","2003","Fishing and aquaculture (03)","Euro Million","144"
"Gross Value Added at Current Basic Prices","2003","Mining and quarrying (B)","Euro Million","620"
"Gross Value Added at Current Basic Prices","2003","Mining and quarrying (05 to 09)","Euro Million","620"
"Gross Value Added at Current Basic Prices","2003","Manufacturing (C)","Euro Million","34005"
"Gross Value Added at Current Basic Prices","2003","Food products, beverages and tobacco (10 to 12)","Euro Million","5918"
"Gross Value Added at Current Basic Prices","2003","Textiles, wearing apparel and leather products (13 to 15)","Euro Million","303"
"Gross Value Added at Current Basic Prices","2003","Wood and wood products, except furniture (16)","Euro Million","388"
"Gross Value Added at Current Basic Prices","2003","Pulp, paper and paper products (17)","Euro Million","324"
"Gross Value Added at Current Basic Prices","2003","Printing and reproduction of recorded media (18)","Euro Million","654"
"Gross Value Added at Current Basic Prices","2003","Coke and refined petroleum products (19)","Euro Million",""
"Gross Value Added at Current Basic Prices","2003","Chemicals and chemical products (20)","Euro Million",""
"Gross Value Added at Current Basic Prices","2003","Basic pharmaceutical products and preparations (21)","Euro Million","14178"
"Gross Value Added at Current Basic Prices","2003","Rubber and plastic products (22)","Euro Million","641"
"Gross Value Added at Current Basic Prices","2003","Other non-metallic mineral products (23)","Euro Million","840"
"Gross Value Added at Current Basic Prices","2003","Basic metals (24)","Euro Million","206"
"Gross Value Added at Current Basic Prices","2003","Fabricated metal products (25)","Euro Million","677"
"Gross Value Added at Current Basic Prices","2003","Computer, electronic and optical products (26)","Euro Million","4086"
"Gross Value Added at Current Basic Prices","2003","Electrical equipment (27)","Euro Million","352"
"Gross Value Added at Current Basic Prices","2003","Manufacture of machinery and equipment n.e.c. (28)","Euro Million","1013"
"Gross Value Added at Current Basic Prices","2003","Motor vehicles, trailers and semi-trailers (29)","Euro Million","175"
"Gross Value Added at Current Basic Prices","2003","Other transport equipment (30)","Euro Million","400"
"Gross Value Added at Current Basic Prices","2003","Furniture and other manufacturing (31,32)","Euro Million","3006"
"Gross Value Added at Current Basic Prices","2003","Repair and installation of machinery and equipment (33 )","Euro Million","139"
"Gross Value Added at Current Basic Prices","2003","Electricity, gas, steam and air conditioning supply (D)","Euro Million","1595"
"Gross Value Added at Current Basic Prices","2003","Electricity, gas, steam and air conditioning supply (35)","Euro Million","1595"
"Gross Value Added at Current Basic Prices","2003","Water supply; sewerage, waste management and remediation activities (E)","Euro Million","809"
"Gross Value Added at Current Basic Prices","2003","Water collection, treatment and supply (36)","Euro Million","267"
"Gross Value Added at Current Basic Prices","2003","Sewerage, waste management and remediation activities (37 to 39)","Euro Million","542"
"Gross Value Added at Current Basic Prices","2003","Construction (F)","Euro Million","9933"
"Gross Value Added at Current Basic Prices","2003","Construction (41 to 43)","Euro Million","9933"
"Gross Value Added at Current Basic Prices","2003","Wholesale and retail trade; repair of motor vehicles and motorcycles (G)","Euro Million","12543"
"Gross Value Added at Current Basic Prices","2003","Wholesale and retail trade and repair of vehicles  (45)","Euro Million","1215"
"Gross Value Added at Current Basic Prices","2003","Wholesale trade (46)","Euro Million","5615"
"Gross Value Added at Current Basic Prices","2003","Retail trade (47)","Euro Million","5714"
"Gross Value Added at Current Basic Prices","2003","Transportation and storage (H)","Euro Million","4596"
"Gross Value Added at Current Basic Prices","2003","Land transport (49)","Euro Million","1848"
"Gross Value Added at Current Basic Prices","2003","Water transport (50)","Euro Million","209"
"Gross Value Added at Current Basic Prices","2003","Air transport (51)","Euro Million","793"
"Gross Value Added at Current Basic Prices","2003","Warehousing and support activities for transportation (52)","Euro Million","959"
"Gross Value Added at Current Basic Prices","2003","Postal and courier activities (53)","Euro Million","787"
"Gross Value Added at Current Basic Prices","2003","Accommodation and food service activities (I)","Euro Million","3124"
"Gross Value Added at Current Basic Prices","2003","Accommodation and food service activities (55,56)","Euro Million","3124"
"Gross Value Added at Current Basic Prices","2003","Information and communication (J)","Euro Million","8437"
"Gross Value Added at Current Basic Prices","2003","Publishing activities (58)","Euro Million","2847"
"Gross Value Added at Current Basic Prices","2003","Audiovisual and broadcasting services (59,60)","Euro Million","267"
"Gross Value Added at Current Basic Prices","2003","Telecommunications (61)","Euro Million","2192"
"Gross Value Added at Current Basic Prices","2003","Computer programming, consultancy and Information service activities (62,63)","Euro Million","3131"
"Gross Value Added at Current Basic Prices","2003","Financial and insurance activities (K)","Euro Million","11444"
"Gross Value Added at Current Basic Prices","2003","Financial service activities (64)","Euro Million","6586"
"Gross Value Added at Current Basic Prices","2003","Insurance, reinsurance and pension funding, except compulsory social security (65)","Euro Million","3653"
"Gross Value Added at Current Basic Prices","2003","Activities auxiliary to financial services and insurance activities (66)","Euro Million","1204"
"Gross Value Added at Current Basic Prices","2003","Real estate activities (L)","Euro Million","9642"
"Gross Value Added at Current Basic Prices","2003","Real estate activities (68)","Euro Million","9642"
"Gross Value Added at Current Basic Prices","2003","Real estate activities of which: imputed rents of owner-occupied dwellings","Euro Million","7608"
"Gross Value Added at Current Basic Prices","2003","Professional, scientific and technical activities (M)","Euro Million","4899"
"Gross Value Added at Current Basic Prices","2003","Legal and accounting activities; head offices and management consultancy activities (69,70)","Euro Million","2151"
"Gross Value Added at Current Basic Prices","2003","Architectural and engineering activities; technical testing and analysis (71)","Euro Million","1341"
"Gross Value Added at Current Basic Prices","2003","Scientific research and development (72)","Euro Million","151"
"Gross Value Added at Current Basic Prices","2003","Advertising and market research (73)","Euro Million","212"
"Gross Value Added at Current Basic Prices","2003","Other professional, scientific, technical and veterinary activities (74,75)","Euro Million","1044"
"Gross Value Added at Current Basic Prices","2003","Administrative and support service activities (N)","Euro Million","3269"
"Gross Value Added at Current Basic Prices","2003","Rental and leasing activities  (77)","Euro Million","1805"
"Gross Value Added at Current Basic Prices","2003","Employment activities (78)","Euro Million","186"
"Gross Value Added at Current Basic Prices","2003","Travel agency and tourism service activities (79)","Euro Million","274"
"Gross Value Added at Current Basic Prices","2003","Administrative and support service activities (80 to 82)","Euro Million","1004"
"Gross Value Added at Current Basic Prices","2003","Public administration and defence; compulsory social security (O)","Euro Million","5186"
"Gross Value Added at Current Basic Prices","2003","Public administration and defence; compulsory social security (84)","Euro Million","5186"
"Gross Value Added at Current Basic Prices","2003","Education (P)","Euro Million","5895"
"Gross Value Added at Current Basic Prices","2003","Education (85)","Euro Million","5895"
"Gross Value Added at Current Basic Prices","2003","Human health and social work activities (Q)","Euro Million","7950"
"Gross Value Added at Current Basic Prices","2003","Human health activities (86)","Euro Million","6633"
"Gross Value Added at Current Basic Prices","2003","Residential care and social work activities (87,88)","Euro Million","1317"
"Gross Value Added at Current Basic Prices","2003","Arts, entertainment and recreation (R)","Euro Million","1853"
"Gross Value Added at Current Basic Prices","2003","Arts, entertainment and recreation (90 to 92)","Euro Million","1288"
"Gross Value Added at Current Basic Prices","2003","Sports activities and amusement and recreation activities (93)","Euro Million","565"
"Gross Value Added at Current Basic Prices","2003","Other service activities (S)","Euro Million","911"
"Gross Value Added at Current Basic Prices","2003","Activities of membership organisations (94)","Euro Million","255"
"Gross Value Added at Current Basic Prices","2003","Repair of computers and personal and household goods (95)","Euro Million","124"
"Gross Value Added at Current Basic Prices","2003","Other personal service activities (96)","Euro Million","532"
"Gross Value Added at Current Basic Prices","2003","Activities of households as employers; producing activities of households for own use (T)","Euro Million","113"
"Gross Value Added at Current Basic Prices","2003","Activities of households as employers; producing activities of households for own use (97,98)","Euro Million","113"
"Gross Value Added at Current Basic Prices","2003","Activities of extraterritorial organisations and bodies (U)","Euro Million","2"
"Gross Value Added at Current Basic Prices","2003","Activities of extraterritorial organisations and bodies (99)","Euro Million","2"
"Gross Value Added at Current Basic Prices","2004","Agriculture, forestry and fishing (A)","Euro Million","2329"
"Gross Value Added at Current Basic Prices","2004","Crop and animal production, hunting and related service activities (01)","Euro Million","2088"
"Gross Value Added at Current Basic Prices","2004","Forestry and logging (02)","Euro Million","109"
"Gross Value Added at Current Basic Prices","2004","Fishing and aquaculture (03)","Euro Million","132"
"Gross Value Added at Current Basic Prices","2004","Mining and quarrying (B)","Euro Million","456"
"Gross Value Added at Current Basic Prices","2004","Mining and quarrying (05 to 09)","Euro Million","456"
"Gross Value Added at Current Basic Prices","2004","Manufacturing (C)","Euro Million","33014"
"Gross Value Added at Current Basic Prices","2004","Food products, beverages and tobacco (10 to 12)","Euro Million","5807"
"Gross Value Added at Current Basic Prices","2004","Textiles, wearing apparel and leather products (13 to 15)","Euro Million","267"
"Gross Value Added at Current Basic Prices","2004","Wood and wood products, except furniture (16)","Euro Million","454"
"Gross Value Added at Current Basic Prices","2004","Pulp, paper and paper products (17)","Euro Million","272"
"Gross Value Added at Current Basic Prices","2004","Printing and reproduction of recorded media (18)","Euro Million","699"
"Gross Value Added at Current Basic Prices","2004","Coke and refined petroleum products (19)","Euro Million",""
"Gross Value Added at Current Basic Prices","2004","Chemicals and chemical products (20)","Euro Million",""
"Gross Value Added at Current Basic Prices","2004","Basic pharmaceutical products and preparations (21)","Euro Million","12510"
"Gross Value Added at Current Basic Prices","2004","Rubber and plastic products (22)","Euro Million","647"
"Gross Value Added at Current Basic Prices","2004","Other non-metallic mineral products (23)","Euro Million","897"
"Gross Value Added at Current Basic Prices","2004","Basic metals (24)","Euro Million","252"
"Gross Value Added at Current Basic Prices","2004","Fabricated metal products (25)","Euro Million","750"
"Gross Value Added at Current Basic Prices","2004","Computer, electronic and optical products (26)","Euro Million","4540"
"Gross Value Added at Current Basic Prices","2004","Electrical equipment (27)","Euro Million","151"
"Gross Value Added at Current Basic Prices","2004","Manufacture of machinery and equipment n.e.c. (28)","Euro Million","1197"
"Gross Value Added at Current Basic Prices","2004","Motor vehicles, trailers and semi-trailers (29)","Euro Million","196"
"Gross Value Added at Current Basic Prices","2004","Other transport equipment (30)","Euro Million","214"
"Gross Value Added at Current Basic Prices","2004","Furniture and other manufacturing (31,32)","Euro Million","3136"
"Gross Value Added at Current Basic Prices","2004","Repair and installation of machinery and equipment (33 )","Euro Million","149"
"Gross Value Added at Current Basic Prices","2004","Electricity, gas, steam and air conditioning supply (D)","Euro Million","1715"
"Gross Value Added at Current Basic Prices","2004","Electricity, gas, steam and air conditioning supply (35)","Euro Million","1715"
"Gross Value Added at Current Basic Prices","2004","Water supply; sewerage, waste management and remediation activities (E)","Euro Million","909"
"Gross Value Added at Current Basic Prices","2004","Water collection, treatment and supply (36)","Euro Million","326"
"Gross Value Added at Current Basic Prices","2004","Sewerage, waste management and remediation activities (37 to 39)","Euro Million","583"
"Gross Value Added at Current Basic Prices","2004","Construction (F)","Euro Million","11947"
"Gross Value Added at Current Basic Prices","2004","Construction (41 to 43)","Euro Million","11947"
"Gross Value Added at Current Basic Prices","2004","Wholesale and retail trade; repair of motor vehicles and motorcycles (G)","Euro Million","13171"
"Gross Value Added at Current Basic Prices","2004","Wholesale and retail trade and repair of vehicles  (45)","Euro Million","1401"
"Gross Value Added at Current Basic Prices","2004","Wholesale trade (46)","Euro Million","5679"
"Gross Value Added at Current Basic Prices","2004","Retail trade (47)","Euro Million","6091"
"Gross Value Added at Current Basic Prices","2004","Transportation and storage (H)","Euro Million","4954"
"Gross Value Added at Current Basic Prices","2004","Land transport (49)","Euro Million","2255"
"Gross Value Added at Current Basic Prices","2004","Water transport (50)","Euro Million","252"
"Gross Value Added at Current Basic Prices","2004","Air transport (51)","Euro Million","832"
"Gross Value Added at Current Basic Prices","2004","Warehousing and support activities for transportation (52)","Euro Million","934"
"Gross Value Added at Current Basic Prices","2004","Postal and courier activities (53)","Euro Million","681"
"Gross Value Added at Current Basic Prices","2004","Accommodation and food service activities (I)","Euro Million","3178"
"Gross Value Added at Current Basic Prices","2004","Accommodation and food service activities (55,56)","Euro Million","3178"
"Gross Value Added at Current Basic Prices","2004","Information and communication (J)","Euro Million","9487"
"Gross Value Added at Current Basic Prices","2004","Publishing activities (58)","Euro Million","3491"
"Gross Value Added at Current Basic Prices","2004","Audiovisual and broadcasting services (59,60)","Euro Million","344"
"Gross Value Added at Current Basic Prices","2004","Telecommunications (61)","Euro Million","2440"
"Gross Value Added at Current Basic Prices","2004","Computer programming, consultancy and Information service activities (62,63)","Euro Million","3212"
"Gross Value Added at Current Basic Prices","2004","Financial and insurance activities (K)","Euro Million","12830"
"Gross Value Added at Current Basic Prices","2004","Financial service activities (64)","Euro Million","7668"
"Gross Value Added at Current Basic Prices","2004","Insurance, reinsurance and pension funding, except compulsory social security (65)","Euro Million","3665"
"Gross Value Added at Current Basic Prices","2004","Activities auxiliary to financial services and insurance activities (66)","Euro Million","1497"
"Gross Value Added at Current Basic Prices","2004","Real estate activities (L)","Euro Million","9735"
"Gross Value Added at Current Basic Prices","2004","Real estate activities (68)","Euro Million","9735"
"Gross Value Added at Current Basic Prices","2004","Real estate activities of which: imputed rents of owner-occupied dwellings","Euro Million","7615"
"Gross Value Added at Current Basic Prices","2004","Professional, scientific and technical activities (M)","Euro Million","5865"
"Gross Value Added at Current Basic Prices","2004","Legal and accounting activities; head offices and management consultancy activities (69,70)","Euro Million","2389"
"Gross Value Added at Current Basic Prices","2004","Architectural and engineering activities; technical testing and analysis (71)","Euro Million","1601"
"Gross Value Added at Current Basic Prices","2004","Scientific research and development (72)","Euro Million","336"
"Gross Value Added at Current Basic Prices","2004","Advertising and market research (73)","Euro Million","245"
"Gross Value Added at Current Basic Prices","2004","Other professional, scientific, technical and veterinary activities (74,75)","Euro Million","1293"
"Gross Value Added at Current Basic Prices","2004","Administrative and support service activities (N)","Euro Million","3625"
"Gross Value Added at Current Basic Prices","2004","Rental and leasing activities  (77)","Euro Million","1793"
"Gross Value Added at Current Basic Prices","2004","Employment activities (78)","Euro Million","182"
"Gross Value Added at Current Basic Prices","2004","Travel agency and tourism service activities (79)","Euro Million","271"
"Gross Value Added at Current Basic Prices","2004","Administrative and support service activities (80 to 82)","Euro Million","1380"
"Gross Value Added at Current Basic Prices","2004","Public administration and defence; compulsory social security (O)","Euro Million","5761"
"Gross Value Added at Current Basic Prices","2004","Public administration and defence; compulsory social security (84)","Euro Million","5761"
"Gross Value Added at Current Basic Prices","2004","Education (P)","Euro Million","6308"
"Gross Value Added at Current Basic Prices","2004","Education (85)","Euro Million","6308"
"Gross Value Added at Current Basic Prices","2004","Human health and social work activities (Q)","Euro Million","8892"
"Gross Value Added at Current Basic Prices","2004","Human health activities (86)","Euro Million","7215"
"Gross Value Added at Current Basic Prices","2004","Residential care and social work activities (87,88)","Euro Million","1677"
"Gross Value Added at Current Basic Prices","2004","Arts, entertainment and recreation (R)","Euro Million","1873"
"Gross Value Added at Current Basic Prices","2004","Arts, entertainment and recreation (90 to 92)","Euro Million","1272"
"Gross Value Added at Current Basic Prices","2004","Sports activities and amusement and recreation activities (93)","Euro Million","601"
"Gross Value Added at Current Basic Prices","2004","Other service activities (S)","Euro Million","1030"
"Gross Value Added at Current Basic Prices","2004","Activities of membership organisations (94)","Euro Million","302"
"Gross Value Added at Current Basic Prices","2004","Repair of computers and personal and household goods (95)","Euro Million","42"
"Gross Value Added at Current Basic Prices","2004","Other personal service activities (96)","Euro Million","686"
"Gross Value Added at Current Basic Prices","2004","Activities of households as employers; producing activities of households for own use (T)","Euro Million","114"
"Gross Value Added at Current Basic Prices","2004","Activities of households as employers; producing activities of households for own use (97,98)","Euro Million","114"
"Gross Value Added at Current Basic Prices","2004","Activities of extraterritorial organisations and bodies (U)","Euro Million","3"
"Gross Value Added at Current Basic Prices","2004","Activities of extraterritorial organisations and bodies (99)","Euro Million","3"
"Gross Value Added at Current Basic Prices","2005","Agriculture, forestry and fishing (A)","Euro Million","1638"
"Gross Value Added at Current Basic Prices","2005","Crop and animal production, hunting and related service activities (01)","Euro Million","1416"
"Gross Value Added at Current Basic Prices","2005","Forestry and logging (02)","Euro Million","93"
"Gross Value Added at Current Basic Prices","2005","Fishing and aquaculture (03)","Euro Million","129"
"Gross Value Added at Current Basic Prices","2005","Mining and quarrying (B)","Euro Million","575"
"Gross Value Added at Current Basic Prices","2005","Mining and quarrying (05 to 09)","Euro Million","575"
"Gross Value Added at Current Basic Prices","2005","Manufacturing (C)","Euro Million","33367"
"Gross Value Added at Current Basic Prices","2005","Food products, beverages and tobacco (10 to 12)","Euro Million","5732"
"Gross Value Added at Current Basic Prices","2005","Textiles, wearing apparel and leather products (13 to 15)","Euro Million","261"
"Gross Value Added at Current Basic Prices","2005","Wood and wood products, except furniture (16)","Euro Million","464"
"Gross Value Added at Current Basic Prices","2005","Pulp, paper and paper products (17)","Euro Million","242"
"Gross Value Added at Current Basic Prices","2005","Printing and reproduction of recorded media (18)","Euro Million","830"
"Gross Value Added at Current Basic Prices","2005","Coke and refined petroleum products (19)","Euro Million",""
"Gross Value Added at Current Basic Prices","2005","Chemicals and chemical products (20)","Euro Million",""
"Gross Value Added at Current Basic Prices","2005","Basic pharmaceutical products and preparations (21)","Euro Million","12339"
"Gross Value Added at Current Basic Prices","2005","Rubber and plastic products (22)","Euro Million","667"
"Gross Value Added at Current Basic Prices","2005","Other non-metallic mineral products (23)","Euro Million","1015"
"Gross Value Added at Current Basic Prices","2005","Basic metals (24)","Euro Million","231"
"Gross Value Added at Current Basic Prices","2005","Fabricated metal products (25)","Euro Million","865"
"Gross Value Added at Current Basic Prices","2005","Computer, electronic and optical products (26)","Euro Million","4687"
"Gross Value Added at Current Basic Prices","2005","Electrical equipment (27)","Euro Million","250"
"Gross Value Added at Current Basic Prices","2005","Manufacture of machinery and equipment n.e.c. (28)","Euro Million","1275"
"Gross Value Added at Current Basic Prices","2005","Motor vehicles, trailers and semi-trailers (29)","Euro Million","223"
"Gross Value Added at Current Basic Prices","2005","Other transport equipment (30)","Euro Million","246"
"Gross Value Added at Current Basic Prices","2005","Furniture and other manufacturing (31,32)","Euro Million","3133"
"Gross Value Added at Current Basic Prices","2005","Repair and installation of machinery and equipment (33 )","Euro Million","158"
"Gross Value Added at Current Basic Prices","2005","Electricity, gas, steam and air conditioning supply (D)","Euro Million","1603"
"Gross Value Added at Current Basic Prices","2005","Electricity, gas, steam and air conditioning supply (35)","Euro Million","1603"
"Gross Value Added at Current Basic Prices","2005","Water supply; sewerage, waste management and remediation activities (E)","Euro Million","946"
"Gross Value Added at Current Basic Prices","2005","Water collection, treatment and supply (36)","Euro Million","332"
"Gross Value Added at Current Basic Prices","2005","Sewerage, waste management and remediation activities (37 to 39)","Euro Million","615"
"Gross Value Added at Current Basic Prices","2005","Construction (F)","Euro Million","14622"
"Gross Value Added at Current Basic Prices","2005","Construction (41 to 43)","Euro Million","14622"
"Gross Value Added at Current Basic Prices","2005","Wholesale and retail trade; repair of motor vehicles and motorcycles (G)","Euro Million","14901"
"Gross Value Added at Current Basic Prices","2005","Wholesale and retail trade and repair of vehicles  (45)","Euro Million","1606"
"Gross Value Added at Current Basic Prices","2005","Wholesale trade (46)","Euro Million","6635"
"Gross Value Added at Current Basic Prices","2005","Retail trade (47)","Euro Million","6660"
"Gross Value Added at Current Basic Prices","2005","Transportation and storage (H)","Euro Million","5286"
"Gross Value Added at Current Basic Prices","2005","Land transport (49)","Euro Million","2341"
"Gross Value Added at Current Basic Prices","2005","Water transport (50)","Euro Million","157"
"Gross Value Added at Current Basic Prices","2005","Air transport (51)","Euro Million","832"
"Gross Value Added at Current Basic Prices","2005","Warehousing and support activities for transportation (52)","Euro Million","1148"
"Gross Value Added at Current Basic Prices","2005","Postal and courier activities (53)","Euro Million","807"
"Gross Value Added at Current Basic Prices","2005","Accommodation and food service activities (I)","Euro Million","3486"
"Gross Value Added at Current Basic Prices","2005","Accommodation and food service activities (55,56)","Euro Million","3486"
"Gross Value Added at Current Basic Prices","2005","Information and communication (J)","Euro Million","10231"
"Gross Value Added at Current Basic Prices","2005","Publishing activities (58)","Euro Million","3356"
"Gross Value Added at Current Basic Prices","2005","Audiovisual and broadcasting services (59,60)","Euro Million","374"
"Gross Value Added at Current Basic Prices","2005","Telecommunications (61)","Euro Million","2613"
"Gross Value Added at Current Basic Prices","2005","Computer programming, consultancy and Information service activities (62,63)","Euro Million","3888"
"Gross Value Added at Current Basic Prices","2005","Financial and insurance activities (K)","Euro Million","14604"
"Gross Value Added at Current Basic Prices","2005","Financial service activities (64)","Euro Million","9201"
"Gross Value Added at Current Basic Prices","2005","Insurance, reinsurance and pension funding, except compulsory social security (65)","Euro Million","3568"
"Gross Value Added at Current Basic Prices","2005","Activities auxiliary to financial services and insurance activities (66)","Euro Million","1836"
"Gross Value Added at Current Basic Prices","2005","Real estate activities (L)","Euro Million","10014"
"Gross Value Added at Current Basic Prices","2005","Real estate activities (68)","Euro Million","10014"
"Gross Value Added at Current Basic Prices","2005","Real estate activities of which: imputed rents of owner-occupied dwellings","Euro Million","7715"
"Gross Value Added at Current Basic Prices","2005","Professional, scientific and technical activities (M)","Euro Million","6573"
"Gross Value Added at Current Basic Prices","2005","Legal and accounting activities; head offices and management consultancy activities (69,70)","Euro Million","2591"
"Gross Value Added at Current Basic Prices","2005","Architectural and engineering activities; technical testing and analysis (71)","Euro Million","1884"
"Gross Value Added at Current Basic Prices","2005","Scientific research and development (72)","Euro Million","456"
"Gross Value Added at Current Basic Prices","2005","Advertising and market research (73)","Euro Million","302"
"Gross Value Added at Current Basic Prices","2005","Other professional, scientific, technical and veterinary activities (74,75)","Euro Million","1341"
"Gross Value Added at Current Basic Prices","2005","Administrative and support service activities (N)","Euro Million","5570"
"Gross Value Added at Current Basic Prices","2005","Rental and leasing activities  (77)","Euro Million","3193"
"Gross Value Added at Current Basic Prices","2005","Employment activities (78)","Euro Million","201"
"Gross Value Added at Current Basic Prices","2005","Travel agency and tourism service activities (79)","Euro Million","300"
"Gross Value Added at Current Basic Prices","2005","Administrative and support service activities (80 to 82)","Euro Million","1875"
"Gross Value Added at Current Basic Prices","2005","Public administration and defence; compulsory social security (O)","Euro Million","6023"
"Gross Value Added at Current Basic Prices","2005","Public administration and defence; compulsory social security (84)","Euro Million","6023"
"Gross Value Added at Current Basic Prices","2005","Education (P)","Euro Million","6939"
"Gross Value Added at Current Basic Prices","2005","Education (85)","Euro Million","6939"
"Gross Value Added at Current Basic Prices","2005","Human health and social work activities (Q)","Euro Million","9713"
"Gross Value Added at Current Basic Prices","2005","Human health activities (86)","Euro Million","7858"
"Gross Value Added at Current Basic Prices","2005","Residential care and social work activities (87,88)","Euro Million","1854"
"Gross Value Added at Current Basic Prices","2005","Arts, entertainment and recreation (R)","Euro Million","1999"
"Gross Value Added at Current Basic Prices","2005","Arts, entertainment and recreation (90 to 92)","Euro Million","1340"
"Gross Value Added at Current Basic Prices","2005","Sports activities and amusement and recreation activities (93)","Euro Million","659"
"Gross Value Added at Current Basic Prices","2005","Other service activities (S)","Euro Million","1060"
"Gross Value Added at Current Basic Prices","2005","Activities of membership organisations (94)","Euro Million","275"
"Gross Value Added at Current Basic Prices","2005","Repair of computers and personal and household goods (95)","Euro Million","73"
"Gross Value Added at Current Basic Prices","2005","Other personal service activities (96)","Euro Million","712"
"Gross Value Added at Current Basic Prices","2005","Activities of households as employers; producing activities of households for own use (T)","Euro Million","144"
"Gross Value Added at Current Basic Prices","2005","Activities of households as employers; producing activities of households for own use (97,98)","Euro Million","144"
"Gross Value Added at Current Basic Prices","2005","Activities of extraterritorial organisations and bodies (U)","Euro Million","3"
"Gross Value Added at Current Basic Prices","2005","Activities of extraterritorial organisations and bodies (99)","Euro Million","3"
"Gross Value Added at Current Basic Prices","2006","Agriculture, forestry and fishing (A)","Euro Million","1616"
"Gross Value Added at Current Basic Prices","2006","Crop and animal production, hunting and related service activities (01)","Euro Million","1357"
"Gross Value Added at Current Basic Prices","2006","Forestry and logging (02)","Euro Million","146"
"Gross Value Added at Current Basic Prices","2006","Fishing and aquaculture (03)","Euro Million","113"
"Gross Value Added at Current Basic Prices","2006","Mining and quarrying (B)","Euro Million","933"
"Gross Value Added at Current Basic Prices","2006","Mining and quarrying (05 to 09)","Euro Million","933"
"Gross Value Added at Current Basic Prices","2006","Manufacturing (C)","Euro Million","34345"
"Gross Value Added at Current Basic Prices","2006","Food products, beverages and tobacco (10 to 12)","Euro Million","6129"
"Gross Value Added at Current Basic Prices","2006","Textiles, wearing apparel and leather products (13 to 15)","Euro Million","241"
"Gross Value Added at Current Basic Prices","2006","Wood and wood products, except furniture (16)","Euro Million","519"
"Gross Value Added at Current Basic Prices","2006","Pulp, paper and paper products (17)","Euro Million","230"
"Gross Value Added at Current Basic Prices","2006","Printing and reproduction of recorded media (18)","Euro Million","844"
"Gross Value Added at Current Basic Prices","2006","Coke and refined petroleum products (19)","Euro Million",""
"Gross Value Added at Current Basic Prices","2006","Chemicals and chemical products (20)","Euro Million",""
"Gross Value Added at Current Basic Prices","2006","Basic pharmaceutical products and preparations (21)","Euro Million","11939"
"Gross Value Added at Current Basic Prices","2006","Rubber and plastic products (22)","Euro Million","708"
"Gross Value Added at Current Basic Prices","2006","Other non-metallic mineral products (23)","Euro Million","1098"
"Gross Value Added at Current Basic Prices","2006","Basic metals (24)","Euro Million","343"
"Gross Value Added at Current Basic Prices","2006","Fabricated metal products (25)","Euro Million","957"
"Gross Value Added at Current Basic Prices","2006","Computer, electronic and optical products (26)","Euro Million","4823"
"Gross Value Added at Current Basic Prices","2006","Electrical equipment (27)","Euro Million","310"
"Gross Value Added at Current Basic Prices","2006","Manufacture of machinery and equipment n.e.c. (28)","Euro Million","1300"
"Gross Value Added at Current Basic Prices","2006","Motor vehicles, trailers and semi-trailers (29)","Euro Million","218"
"Gross Value Added at Current Basic Prices","2006","Other transport equipment (30)","Euro Million","210"
"Gross Value Added at Current Basic Prices","2006","Furniture and other manufacturing (31,32)","Euro Million","3593"
"Gross Value Added at Current Basic Prices","2006","Repair and installation of machinery and equipment (33 )","Euro Million","165"
"Gross Value Added at Current Basic Prices","2006","Electricity, gas, steam and air conditioning supply (D)","Euro Million","1800"
"Gross Value Added at Current Basic Prices","2006","Electricity, gas, steam and air conditioning supply (35)","Euro Million","1800"
"Gross Value Added at Current Basic Prices","2006","Water supply; sewerage, waste management and remediation activities (E)","Euro Million","1156"
"Gross Value Added at Current Basic Prices","2006","Water collection, treatment and supply (36)","Euro Million","375"
"Gross Value Added at Current Basic Prices","2006","Sewerage, waste management and remediation activities (37 to 39)","Euro Million","781"
"Gross Value Added at Current Basic Prices","2006","Construction (F)","Euro Million","17365"
"Gross Value Added at Current Basic Prices","2006","Construction (41 to 43)","Euro Million","17365"
"Gross Value Added at Current Basic Prices","2006","Wholesale and retail trade; repair of motor vehicles and motorcycles (G)","Euro Million","16466"
"Gross Value Added at Current Basic Prices","2006","Wholesale and retail trade and repair of vehicles  (45)","Euro Million","1750"
"Gross Value Added at Current Basic Prices","2006","Wholesale trade (46)","Euro Million","7300"
"Gross Value Added at Current Basic Prices","2006","Retail trade (47)","Euro Million","7416"
"Gross Value Added at Current Basic Prices","2006","Transportation and storage (H)","Euro Million","5854"
"Gross Value Added at Current Basic Prices","2006","Land transport (49)","Euro Million","2400"
"Gross Value Added at Current Basic Prices","2006","Water transport (50)","Euro Million","154"
"Gross Value Added at Current Basic Prices","2006","Air transport (51)","Euro Million","1075"
"Gross Value Added at Current Basic Prices","2006","Warehousing and support activities for transportation (52)","Euro Million","1241"
"Gross Value Added at Current Basic Prices","2006","Postal and courier activities (53)","Euro Million","984"
"Gross Value Added at Current Basic Prices","2006","Accommodation and food service activities (I)","Euro Million","3760"
"Gross Value Added at Current Basic Prices","2006","Accommodation and food service activities (55,56)","Euro Million","3760"
"Gross Value Added at Current Basic Prices","2006","Information and communication (J)","Euro Million","10281"
"Gross Value Added at Current Basic Prices","2006","Publishing activities (58)","Euro Million","3684"
"Gross Value Added at Current Basic Prices","2006","Audiovisual and broadcasting services (59,60)","Euro Million","464"
"Gross Value Added at Current Basic Prices","2006","Telecommunications (61)","Euro Million","2171"
"Gross Value Added at Current Basic Prices","2006","Computer programming, consultancy and Information service activities (62,63)","Euro Million","3962"
"Gross Value Added at Current Basic Prices","2006","Financial and insurance activities (K)","Euro Million","15869"
"Gross Value Added at Current Basic Prices","2006","Financial service activities (64)","Euro Million","10641"
"Gross Value Added at Current Basic Prices","2006","Insurance, reinsurance and pension funding, except compulsory social security (65)","Euro Million","3315"
"Gross Value Added at Current Basic Prices","2006","Activities auxiliary to financial services and insurance activities (66)","Euro Million","1913"
"Gross Value Added at Current Basic Prices","2006","Real estate activities (L)","Euro Million","11083"
"Gross Value Added at Current Basic Prices","2006","Real estate activities (68)","Euro Million","11083"
"Gross Value Added at Current Basic Prices","2006","Real estate activities of which: imputed rents of owner-occupied dwellings","Euro Million","8526"
"Gross Value Added at Current Basic Prices","2006","Professional, scientific and technical activities (M)","Euro Million","7144"
"Gross Value Added at Current Basic Prices","2006","Legal and accounting activities; head offices and management consultancy activities (69,70)","Euro Million","2800"
"Gross Value Added at Current Basic Prices","2006","Architectural and engineering activities; technical testing and analysis (71)","Euro Million","2058"
"Gross Value Added at Current Basic Prices","2006","Scientific research and development (72)","Euro Million","441"
"Gross Value Added at Current Basic Prices","2006","Advertising and market research (73)","Euro Million","323"
"Gross Value Added at Current Basic Prices","2006","Other professional, scientific, technical and veterinary activities (74,75)","Euro Million","1521"
"Gross Value Added at Current Basic Prices","2006","Administrative and support service activities (N)","Euro Million","6160"
"Gross Value Added at Current Basic Prices","2006","Rental and leasing activities  (77)","Euro Million","3692"
"Gross Value Added at Current Basic Prices","2006","Employment activities (78)","Euro Million","196"
"Gross Value Added at Current Basic Prices","2006","Travel agency and tourism service activities (79)","Euro Million","327"
"Gross Value Added at Current Basic Prices","2006","Administrative and support service activities (80 to 82)","Euro Million","1945"
"Gross Value Added at Current Basic Prices","2006","Public administration and defence; compulsory social security (O)","Euro Million","6283"
"Gross Value Added at Current Basic Prices","2006","Public administration and defence; compulsory social security (84)","Euro Million","6283"
"Gross Value Added at Current Basic Prices","2006","Education (P)","Euro Million","7720"
"Gross Value Added at Current Basic Prices","2006","Education (85)","Euro Million","7720"
"Gross Value Added at Current Basic Prices","2006","Human health and social work activities (Q)","Euro Million","10826"
"Gross Value Added at Current Basic Prices","2006","Human health activities (86)","Euro Million","8608"
"Gross Value Added at Current Basic Prices","2006","Residential care and social work activities (87,88)","Euro Million","2218"
"Gross Value Added at Current Basic Prices","2006","Arts, entertainment and recreation (R)","Euro Million","2363"
"Gross Value Added at Current Basic Prices","2006","Arts, entertainment and recreation (90 to 92)","Euro Million","1601"
"Gross Value Added at Current Basic Prices","2006","Sports activities and amusement and recreation activities (93)","Euro Million","761"
"Gross Value Added at Current Basic Prices","2006","Other service activities (S)","Euro Million","1101"
"Gross Value Added at Current Basic Prices","2006","Activities of membership organisations (94)","Euro Million","299"
"Gross Value Added at Current Basic Prices","2006","Repair of computers and personal and household goods (95)","Euro Million","44"
"Gross Value Added at Current Basic Prices","2006","Other personal service activities (96)","Euro Million","758"
"Gross Value Added at Current Basic Prices","2006","Activities of households as employers; producing activities of households for own use (T)","Euro Million","196"
"Gross Value Added at Current Basic Prices","2006","Activities of households as employers; producing activities of households for own use (97,98)","Euro Million","196"
"Gross Value Added at Current Basic Prices","2006","Activities of extraterritorial organisations and bodies (U)","Euro Million","3"
"Gross Value Added at Current Basic Prices","2006","Activities of extraterritorial organisations and bodies (99)","Euro Million","3"
"Gross Value Added at Current Basic Prices","2007","Agriculture, forestry and fishing (A)","Euro Million","1963"
"Gross Value Added at Current Basic Prices","2007","Crop and animal production, hunting and related service activities (01)","Euro Million","1685"
"Gross Value Added at Current Basic Prices","2007","Forestry and logging (02)","Euro Million","162"
"Gross Value Added at Current Basic Prices","2007","Fishing and aquaculture (03)","Euro Million","117"
"Gross Value Added at Current Basic Prices","2007","Mining and quarrying (B)","Euro Million","1208"
"Gross Value Added at Current Basic Prices","2007","Mining and quarrying (05 to 09)","Euro Million","1208"
"Gross Value Added at Current Basic Prices","2007","Manufacturing (C)","Euro Million","35419"
"Gross Value Added at Current Basic Prices","2007","Food products, beverages and tobacco (10 to 12)","Euro Million","6345"
"Gross Value Added at Current Basic Prices","2007","Textiles, wearing apparel and leather products (13 to 15)","Euro Million","262"
"Gross Value Added at Current Basic Prices","2007","Wood and wood products, except furniture (16)","Euro Million","552"
"Gross Value Added at Current Basic Prices","2007","Pulp, paper and paper products (17)","Euro Million","231"
"Gross Value Added at Current Basic Prices","2007","Printing and reproduction of recorded media (18)","Euro Million","495"
"Gross Value Added at Current Basic Prices","2007","Coke and refined petroleum products (19)","Euro Million",""
"Gross Value Added at Current Basic Prices","2007","Chemicals and chemical products (20)","Euro Million",""
"Gross Value Added at Current Basic Prices","2007","Basic pharmaceutical products and preparations (21)","Euro Million","12606"
"Gross Value Added at Current Basic Prices","2007","Rubber and plastic products (22)","Euro Million","676"
"Gross Value Added at Current Basic Prices","2007","Other non-metallic mineral products (23)","Euro Million","1190"
"Gross Value Added at Current Basic Prices","2007","Basic metals (24)","Euro Million","260"
"Gross Value Added at Current Basic Prices","2007","Fabricated metal products (25)","Euro Million","1079"
"Gross Value Added at Current Basic Prices","2007","Computer, electronic and optical products (26)","Euro Million","3857"
"Gross Value Added at Current Basic Prices","2007","Electrical equipment (27)","Euro Million","310"
"Gross Value Added at Current Basic Prices","2007","Manufacture of machinery and equipment n.e.c. (28)","Euro Million","1522"
"Gross Value Added at Current Basic Prices","2007","Motor vehicles, trailers and semi-trailers (29)","Euro Million","249"
"Gross Value Added at Current Basic Prices","2007","Other transport equipment (30)","Euro Million","205"
"Gross Value Added at Current Basic Prices","2007","Furniture and other manufacturing (31,32)","Euro Million","3569"
"Gross Value Added at Current Basic Prices","2007","Repair and installation of machinery and equipment (33 )","Euro Million","173"
"Gross Value Added at Current Basic Prices","2007","Electricity, gas, steam and air conditioning supply (D)","Euro Million","2242"
"Gross Value Added at Current Basic Prices","2007","Electricity, gas, steam and air conditioning supply (35)","Euro Million","2242"
"Gross Value Added at Current Basic Prices","2007","Water supply; sewerage, waste management and remediation activities (E)","Euro Million","1286"
"Gross Value Added at Current Basic Prices","2007","Water collection, treatment and supply (36)","Euro Million","359"
"Gross Value Added at Current Basic Prices","2007","Sewerage, waste management and remediation activities (37 to 39)","Euro Million","927"
"Gross Value Added at Current Basic Prices","2007","Construction (F)","Euro Million","16062"
"Gross Value Added at Current Basic Prices","2007","Construction (41 to 43)","Euro Million","16062"
"Gross Value Added at Current Basic Prices","2007","Wholesale and retail trade; repair of motor vehicles and motorcycles (G)","Euro Million","18162"
"Gross Value Added at Current Basic Prices","2007","Wholesale and retail trade and repair of vehicles  (45)","Euro Million","1903"
"Gross Value Added at Current Basic Prices","2007","Wholesale trade (46)","Euro Million","7215"
"Gross Value Added at Current Basic Prices","2007","Retail trade (47)","Euro Million","9045"
"Gross Value Added at Current Basic Prices","2007","Transportation and storage (H)","Euro Million","6359"
"Gross Value Added at Current Basic Prices","2007","Land transport (49)","Euro Million","2628"
"Gross Value Added at Current Basic Prices","2007","Water transport (50)","Euro Million","187"
"Gross Value Added at Current Basic Prices","2007","Air transport (51)","Euro Million","1337"
"Gross Value Added at Current Basic Prices","2007","Warehousing and support activities for transportation (52)","Euro Million","1226"
"Gross Value Added at Current Basic Prices","2007","Postal and courier activities (53)","Euro Million","981"
"Gross Value Added at Current Basic Prices","2007","Accommodation and food service activities (I)","Euro Million","4330"
"Gross Value Added at Current Basic Prices","2007","Accommodation and food service activities (55,56)","Euro Million","4330"
"Gross Value Added at Current Basic Prices","2007","Information and communication (J)","Euro Million","11367"
"Gross Value Added at Current Basic Prices","2007","Publishing activities (58)","Euro Million","4527"
"Gross Value Added at Current Basic Prices","2007","Audiovisual and broadcasting services (59,60)","Euro Million","482"
"Gross Value Added at Current Basic Prices","2007","Telecommunications (61)","Euro Million","2246"
"Gross Value Added at Current Basic Prices","2007","Computer programming, consultancy and Information service activities (62,63)","Euro Million","4111"
"Gross Value Added at Current Basic Prices","2007","Financial and insurance activities (K)","Euro Million","17407"
"Gross Value Added at Current Basic Prices","2007","Financial service activities (64)","Euro Million","11723"
"Gross Value Added at Current Basic Prices","2007","Insurance, reinsurance and pension funding, except compulsory social security (65)","Euro Million","3936"
"Gross Value Added at Current Basic Prices","2007","Activities auxiliary to financial services and insurance activities (66)","Euro Million","1747"
"Gross Value Added at Current Basic Prices","2007","Real estate activities (L)","Euro Million","12884"
"Gross Value Added at Current Basic Prices","2007","Real estate activities (68)","Euro Million","12884"
"Gross Value Added at Current Basic Prices","2007","Real estate activities of which: imputed rents of owner-occupied dwellings","Euro Million","9882"
"Gross Value Added at Current Basic Prices","2007","Professional, scientific and technical activities (M)","Euro Million","7906"
"Gross Value Added at Current Basic Prices","2007","Legal and accounting activities; head offices and management consultancy activities (69,70)","Euro Million","3092"
"Gross Value Added at Current Basic Prices","2007","Architectural and engineering activities; technical testing and analysis (71)","Euro Million","2181"
"Gross Value Added at Current Basic Prices","2007","Scientific research and development (72)","Euro Million","606"
"Gross Value Added at Current Basic Prices","2007","Advertising and market research (73)","Euro Million","485"
"Gross Value Added at Current Basic Prices","2007","Other professional, scientific, technical and veterinary activities (74,75)","Euro Million","1542"
"Gross Value Added at Current Basic Prices","2007","Administrative and support service activities (N)","Euro Million","6927"
"Gross Value Added at Current Basic Prices","2007","Rental and leasing activities  (77)","Euro Million","4032"
"Gross Value Added at Current Basic Prices","2007","Employment activities (78)","Euro Million","257"
"Gross Value Added at Current Basic Prices","2007","Travel agency and tourism service activities (79)","Euro Million","368"
"Gross Value Added at Current Basic Prices","2007","Administrative and support service activities (80 to 82)","Euro Million","2269"
"Gross Value Added at Current Basic Prices","2007","Public administration and defence; compulsory social security (O)","Euro Million","6880"
"Gross Value Added at Current Basic Prices","2007","Public administration and defence; compulsory social security (84)","Euro Million","6880"
"Gross Value Added at Current Basic Prices","2007","Education (P)","Euro Million","8446"
"Gross Value Added at Current Basic Prices","2007","Education (85)","Euro Million","8446"
"Gross Value Added at Current Basic Prices","2007","Human health and social work activities (Q)","Euro Million","11891"
"Gross Value Added at Current Basic Prices","2007","Human health activities (86)","Euro Million","9260"
"Gross Value Added at Current Basic Prices","2007","Residential care and social work activities (87,88)","Euro Million","2631"
"Gross Value Added at Current Basic Prices","2007","Arts, entertainment and recreation (R)","Euro Million","2705"
"Gross Value Added at Current Basic Prices","2007","Arts, entertainment and recreation (90 to 92)","Euro Million","1808"
"Gross Value Added at Current Basic Prices","2007","Sports activities and amusement and recreation activities (93)","Euro Million","897"
"Gross Value Added at Current Basic Prices","2007","Other service activities (S)","Euro Million","1132"
"Gross Value Added at Current Basic Prices","2007","Activities of membership organisations (94)","Euro Million","299"
"Gross Value Added at Current Basic Prices","2007","Repair of computers and personal and household goods (95)","Euro Million","41"
"Gross Value Added at Current Basic Prices","2007","Other personal service activities (96)","Euro Million","792"
"Gross Value Added at Current Basic Prices","2007","Activities of households as employers; producing activities of households for own use (T)","Euro Million","236"
"Gross Value Added at Current Basic Prices","2007","Activities of households as employers; producing activities of households for own use (97,98)","Euro Million","236"
"Gross Value Added at Current Basic Prices","2007","Activities of extraterritorial organisations and bodies (U)","Euro Million","4"
"Gross Value Added at Current Basic Prices","2007","Activities of extraterritorial organisations and bodies (99)","Euro Million","4"
"Gross Value Added at Current Basic Prices","2008","Agriculture, forestry and fishing (A)","Euro Million","1486"
"Gross Value Added at Current Basic Prices","2008","Crop and animal production, hunting and related service activities (01)","Euro Million","1340"
"Gross Value Added at Current Basic Prices","2008","Forestry and logging (02)","Euro Million","100"
"Gross Value Added at Current Basic Prices","2008","Fishing and aquaculture (03)","Euro Million","46"
"Gross Value Added at Current Basic Prices","2008","Mining and quarrying (B)","Euro Million","913"
"Gross Value Added at Current Basic Prices","2008","Mining and quarrying (05 to 09)","Euro Million","913"
"Gross Value Added at Current Basic Prices","2008","Manufacturing (C)","Euro Million","32885"
"Gross Value Added at Current Basic Prices","2008","Food products, beverages and tobacco (10 to 12)","Euro Million","6143"
"Gross Value Added at Current Basic Prices","2008","Textiles, wearing apparel and leather products (13 to 15)","Euro Million","214"
"Gross Value Added at Current Basic Prices","2008","Wood and wood products, except furniture (16)","Euro Million","316"
"Gross Value Added at Current Basic Prices","2008","Pulp, paper and paper products (17)","Euro Million","203"
"Gross Value Added at Current Basic Prices","2008","Printing and reproduction of recorded media (18)","Euro Million","443"
"Gross Value Added at Current Basic Prices","2008","Coke and refined petroleum products (19)","Euro Million",""
"Gross Value Added at Current Basic Prices","2008","Chemicals and chemical products (20)","Euro Million",""
"Gross Value Added at Current Basic Prices","2008","Basic pharmaceutical products and preparations (21)","Euro Million","12139"
"Gross Value Added at Current Basic Prices","2008","Rubber and plastic products (22)","Euro Million","559"
"Gross Value Added at Current Basic Prices","2008","Other non-metallic mineral products (23)","Euro Million","861"
"Gross Value Added at Current Basic Prices","2008","Basic metals (24)","Euro Million","229"
"Gross Value Added at Current Basic Prices","2008","Fabricated metal products (25)","Euro Million","1015"
"Gross Value Added at Current Basic Prices","2008","Computer, electronic and optical products (26)","Euro Million","3119"
"Gross Value Added at Current Basic Prices","2008","Electrical equipment (27)","Euro Million","362"
"Gross Value Added at Current Basic Prices","2008","Manufacture of machinery and equipment n.e.c. (28)","Euro Million","1401"
"Gross Value Added at Current Basic Prices","2008","Motor vehicles, trailers and semi-trailers (29)","Euro Million","190"
"Gross Value Added at Current Basic Prices","2008","Other transport equipment (30)","Euro Million","239"
"Gross Value Added at Current Basic Prices","2008","Furniture and other manufacturing (31,32)","Euro Million","3682"
"Gross Value Added at Current Basic Prices","2008","Repair and installation of machinery and equipment (33 )","Euro Million","210"
"Gross Value Added at Current Basic Prices","2008","Electricity, gas, steam and air conditioning supply (D)","Euro Million","2422"
"Gross Value Added at Current Basic Prices","2008","Electricity, gas, steam and air conditioning supply (35)","Euro Million","2422"
"Gross Value Added at Current Basic Prices","2008","Water supply; sewerage, waste management and remediation activities (E)","Euro Million","1284"
"Gross Value Added at Current Basic Prices","2008","Water collection, treatment and supply (36)","Euro Million","415"
"Gross Value Added at Current Basic Prices","2008","Sewerage, waste management and remediation activities (37 to 39)","Euro Million","869"
"Gross Value Added at Current Basic Prices","2008","Construction (F)","Euro Million","11049"
"Gross Value Added at Current Basic Prices","2008","Construction (41 to 43)","Euro Million","11049"
"Gross Value Added at Current Basic Prices","2008","Wholesale and retail trade; repair of motor vehicles and motorcycles (G)","Euro Million","17451"
"Gross Value Added at Current Basic Prices","2008","Wholesale and retail trade and repair of vehicles  (45)","Euro Million","1501"
"Gross Value Added at Current Basic Prices","2008","Wholesale trade (46)","Euro Million","7262"
"Gross Value Added at Current Basic Prices","2008","Retail trade (47)","Euro Million","8687"
"Gross Value Added at Current Basic Prices","2008","Transportation and storage (H)","Euro Million","5855"
"Gross Value Added at Current Basic Prices","2008","Land transport (49)","Euro Million","2631"
"Gross Value Added at Current Basic Prices","2008","Water transport (50)","Euro Million","90"
"Gross Value Added at Current Basic Prices","2008","Air transport (51)","Euro Million","834"
"Gross Value Added at Current Basic Prices","2008","Warehousing and support activities for transportation (52)","Euro Million","1405"
"Gross Value Added at Current Basic Prices","2008","Postal and courier activities (53)","Euro Million","895"
"Gross Value Added at Current Basic Prices","2008","Accommodation and food service activities (I)","Euro Million","3934"
"Gross Value Added at Current Basic Prices","2008","Accommodation and food service activities (55,56)","Euro Million","3934"
"Gross Value Added at Current Basic Prices","2008","Information and communication (J)","Euro Million","12736"
"Gross Value Added at Current Basic Prices","2008","Publishing activities (58)","Euro Million","4734"
"Gross Value Added at Current Basic Prices","2008","Audiovisual and broadcasting services (59,60)","Euro Million","302"
"Gross Value Added at Current Basic Prices","2008","Telecommunications (61)","Euro Million","2765"
"Gross Value Added at Current Basic Prices","2008","Computer programming, consultancy and Information service activities (62,63)","Euro Million","4935"
"Gross Value Added at Current Basic Prices","2008","Financial and insurance activities (K)","Euro Million","16421"
"Gross Value Added at Current Basic Prices","2008","Financial service activities (64)","Euro Million","10748"
"Gross Value Added at Current Basic Prices","2008","Insurance, reinsurance and pension funding, except compulsory social security (65)","Euro Million","4048"
"Gross Value Added at Current Basic Prices","2008","Activities auxiliary to financial services and insurance activities (66)","Euro Million","1625"
"Gross Value Added at Current Basic Prices","2008","Real estate activities (L)","Euro Million","12790"
"Gross Value Added at Current Basic Prices","2008","Real estate activities (68)","Euro Million","12790"
"Gross Value Added at Current Basic Prices","2008","Real estate activities of which: imputed rents of owner-occupied dwellings","Euro Million","10782"
"Gross Value Added at Current Basic Prices","2008","Professional, scientific and technical activities (M)","Euro Million","7517"
"Gross Value Added at Current Basic Prices","2008","Legal and accounting activities; head offices and management consultancy activities (69,70)","Euro Million","2839"
"Gross Value Added at Current Basic Prices","2008","Architectural and engineering activities; technical testing and analysis (71)","Euro Million","2067"
"Gross Value Added at Current Basic Prices","2008","Scientific research and development (72)","Euro Million","494"
"Gross Value Added at Current Basic Prices","2008","Advertising and market research (73)","Euro Million","582"
"Gross Value Added at Current Basic Prices","2008","Other professional, scientific, technical and veterinary activities (74,75)","Euro Million","1535"
"Gross Value Added at Current Basic Prices","2008","Administrative and support service activities (N)","Euro Million","6886"
"Gross Value Added at Current Basic Prices","2008","Rental and leasing activities  (77)","Euro Million","4135"
"Gross Value Added at Current Basic Prices","2008","Employment activities (78)","Euro Million","232"
"Gross Value Added at Current Basic Prices","2008","Travel agency and tourism service activities (79)","Euro Million","304"
"Gross Value Added at Current Basic Prices","2008","Administrative and support service activities (80 to 82)","Euro Million","2215"
"Gross Value Added at Current Basic Prices","2008","Public administration and defence; compulsory social security (O)","Euro Million","7281"
"Gross Value Added at Current Basic Prices","2008","Public administration and defence; compulsory social security (84)","Euro Million","7281"
"Gross Value Added at Current Basic Prices","2008","Education (P)","Euro Million","9182"
"Gross Value Added at Current Basic Prices","2008","Education (85)","Euro Million","9182"
"Gross Value Added at Current Basic Prices","2008","Human health and social work activities (Q)","Euro Million","13045"
"Gross Value Added at Current Basic Prices","2008","Human health activities (86)","Euro Million","10122"
"Gross Value Added at Current Basic Prices","2008","Residential care and social work activities (87,88)","Euro Million","2923"
"Gross Value Added at Current Basic Prices","2008","Arts, entertainment and recreation (R)","Euro Million","2613"
"Gross Value Added at Current Basic Prices","2008","Arts, entertainment and recreation (90 to 92)","Euro Million","1733"
"Gross Value Added at Current Basic Prices","2008","Sports activities and amusement and recreation activities (93)","Euro Million","879"
"Gross Value Added at Current Basic Prices","2008","Other service activities (S)","Euro Million","1103"
"Gross Value Added at Current Basic Prices","2008","Activities of membership organisations (94)","Euro Million","300"
"Gross Value Added at Current Basic Prices","2008","Repair of computers and personal and household goods (95)","Euro Million","16"
"Gross Value Added at Current Basic Prices","2008","Other personal service activities (96)","Euro Million","786"
"Gross Value Added at Current Basic Prices","2008","Activities of households as employers; producing activities of households for own use (T)","Euro Million","226"
"Gross Value Added at Current Basic Prices","2008","Activities of households as employers; producing activities of households for own use (97,98)","Euro Million","226"
"Gross Value Added at Current Basic Prices","2008","Activities of extraterritorial organisations and bodies (U)","Euro Million","4"
"Gross Value Added at Current Basic Prices","2008","Activities of extraterritorial organisations and bodies (99)","Euro Million","4"
"Gross Value Added at Current Basic Prices","2009","Agriculture, forestry and fishing (A)","Euro Million","833"
"Gross Value Added at Current Basic Prices","2009","Crop and animal production, hunting and related service activities (01)","Euro Million","640"
"Gross Value Added at Current Basic Prices","2009","Forestry and logging (02)","Euro Million","115"
"Gross Value Added at Current Basic Prices","2009","Fishing and aquaculture (03)","Euro Million","78"
"Gross Value Added at Current Basic Prices","2009","Mining and quarrying (B)","Euro Million","916"
"Gross Value Added at Current Basic Prices","2009","Mining and quarrying (05 to 09)","Euro Million","916"
"Gross Value Added at Current Basic Prices","2009","Manufacturing (C)","Euro Million","34563"
"Gross Value Added at Current Basic Prices","2009","Food products, beverages and tobacco (10 to 12)","Euro Million","5935"
"Gross Value Added at Current Basic Prices","2009","Textiles, wearing apparel and leather products (13 to 15)","Euro Million","186"
"Gross Value Added at Current Basic Prices","2009","Wood and wood products, except furniture (16)","Euro Million","202"
"Gross Value Added at Current Basic Prices","2009","Pulp, paper and paper products (17)","Euro Million","169"
"Gross Value Added at Current Basic Prices","2009","Printing and reproduction of recorded media (18)","Euro Million","458"
"Gross Value Added at Current Basic Prices","2009","Coke and refined petroleum products (19)","Euro Million",""
"Gross Value Added at Current Basic Prices","2009","Chemicals and chemical products (20)","Euro Million",""
"Gross Value Added at Current Basic Prices","2009","Basic pharmaceutical products and preparations (21)","Euro Million","15025"
"Gross Value Added at Current Basic Prices","2009","Rubber and plastic products (22)","Euro Million","423"
"Gross Value Added at Current Basic Prices","2009","Other non-metallic mineral products (23)","Euro Million","536"
"Gross Value Added at Current Basic Prices","2009","Basic metals (24)","Euro Million","132"
"Gross Value Added at Current Basic Prices","2009","Fabricated metal products (25)","Euro Million","711"
"Gross Value Added at Current Basic Prices","2009","Computer, electronic and optical products (26)","Euro Million","3456"
"Gross Value Added at Current Basic Prices","2009","Electrical equipment (27)","Euro Million","305"
"Gross Value Added at Current Basic Prices","2009","Manufacture of machinery and equipment n.e.c. (28)","Euro Million","963"
"Gross Value Added at Current Basic Prices","2009","Motor vehicles, trailers and semi-trailers (29)","Euro Million","141"
"Gross Value Added at Current Basic Prices","2009","Other transport equipment (30)","Euro Million","101"
"Gross Value Added at Current Basic Prices","2009","Furniture and other manufacturing (31,32)","Euro Million","3864"
"Gross Value Added at Current Basic Prices","2009","Repair and installation of machinery and equipment (33 )","Euro Million","192"
"Gross Value Added at Current Basic Prices","2009","Electricity, gas, steam and air conditioning supply (D)","Euro Million","2588"
"Gross Value Added at Current Basic Prices","2009","Electricity, gas, steam and air conditioning supply (35)","Euro Million","2588"
"Gross Value Added at Current Basic Prices","2009","Water supply; sewerage, waste management and remediation activities (E)","Euro Million","1179"
"Gross Value Added at Current Basic Prices","2009","Water collection, treatment and supply (36)","Euro Million","471"
"Gross Value Added at Current Basic Prices","2009","Sewerage, waste management and remediation activities (37 to 39)","Euro Million","707"
"Gross Value Added at Current Basic Prices","2009","Construction (F)","Euro Million","4170"
"Gross Value Added at Current Basic Prices","2009","Construction (41 to 43)","Euro Million","4170"
"Gross Value Added at Current Basic Prices","2009","Wholesale and retail trade; repair of motor vehicles and motorcycles (G)","Euro Million","14802"
"Gross Value Added at Current Basic Prices","2009","Wholesale and retail trade and repair of vehicles  (45)","Euro Million","1112"
"Gross Value Added at Current Basic Prices","2009","Wholesale trade (46)","Euro Million","5374"
"Gross Value Added at Current Basic Prices","2009","Retail trade (47)","Euro Million","8316"
"Gross Value Added at Current Basic Prices","2009","Transportation and storage (H)","Euro Million","6141"
"Gross Value Added at Current Basic Prices","2009","Land transport (49)","Euro Million","2399"
"Gross Value Added at Current Basic Prices","2009","Water transport (50)","Euro Million","160"
"Gross Value Added at Current Basic Prices","2009","Air transport (51)","Euro Million","1376"
"Gross Value Added at Current Basic Prices","2009","Warehousing and support activities for transportation (52)","Euro Million","1354"
"Gross Value Added at Current Basic Prices","2009","Postal and courier activities (53)","Euro Million","852"
"Gross Value Added at Current Basic Prices","2009","Accommodation and food service activities (I)","Euro Million","3686"
"Gross Value Added at Current Basic Prices","2009","Accommodation and food service activities (55,56)","Euro Million","3686"
"Gross Value Added at Current Basic Prices","2009","Information and communication (J)","Euro Million","12736"
"Gross Value Added at Current Basic Prices","2009","Publishing activities (58)","Euro Million","5594"
"Gross Value Added at Current Basic Prices","2009","Audiovisual and broadcasting services (59,60)","Euro Million","238"
"Gross Value Added at Current Basic Prices","2009","Telecommunications (61)","Euro Million","2588"
"Gross Value Added at Current Basic Prices","2009","Computer programming, consultancy and Information service activities (62,63)","Euro Million","4316"
"Gross Value Added at Current Basic Prices","2009","Financial and insurance activities (K)","Euro Million","16044"
"Gross Value Added at Current Basic Prices","2009","Financial service activities (64)","Euro Million","10964"
"Gross Value Added at Current Basic Prices","2009","Insurance, reinsurance and pension funding, except compulsory social security (65)","Euro Million","3279"
"Gross Value Added at Current Basic Prices","2009","Activities auxiliary to financial services and insurance activities (66)","Euro Million","1801"
"Gross Value Added at Current Basic Prices","2009","Real estate activities (L)","Euro Million","8276"
"Gross Value Added at Current Basic Prices","2009","Real estate activities (68)","Euro Million","8276"
"Gross Value Added at Current Basic Prices","2009","Real estate activities of which: imputed rents of owner-occupied dwellings","Euro Million","7394"
"Gross Value Added at Current Basic Prices","2009","Professional, scientific and technical activities (M)","Euro Million","6554"
"Gross Value Added at Current Basic Prices","2009","Legal and accounting activities; head offices and management consultancy activities (69,70)","Euro Million","2666"
"Gross Value Added at Current Basic Prices","2009","Architectural and engineering activities; technical testing and analysis (71)","Euro Million","1555"
"Gross Value Added at Current Basic Prices","2009","Scientific research and development (72)","Euro Million","380"
"Gross Value Added at Current Basic Prices","2009","Advertising and market research (73)","Euro Million","557"
"Gross Value Added at Current Basic Prices","2009","Other professional, scientific, technical and veterinary activities (74,75)","Euro Million","1396"
"Gross Value Added at Current Basic Prices","2009","Administrative and support service activities (N)","Euro Million","6552"
"Gross Value Added at Current Basic Prices","2009","Rental and leasing activities  (77)","Euro Million","4296"
"Gross Value Added at Current Basic Prices","2009","Employment activities (78)","Euro Million","202"
"Gross Value Added at Current Basic Prices","2009","Travel agency and tourism service activities (79)","Euro Million","256"
"Gross Value Added at Current Basic Prices","2009","Administrative and support service activities (80 to 82)","Euro Million","1799"
"Gross Value Added at Current Basic Prices","2009","Public administration and defence; compulsory social security (O)","Euro Million","6879"
"Gross Value Added at Current Basic Prices","2009","Public administration and defence; compulsory social security (84)","Euro Million","6879"
"Gross Value Added at Current Basic Prices","2009","Education (P)","Euro Million","9643"
"Gross Value Added at Current Basic Prices","2009","Education (85)","Euro Million","9643"
"Gross Value Added at Current Basic Prices","2009","Human health and social work activities (Q)","Euro Million","12941"
"Gross Value Added at Current Basic Prices","2009","Human health activities (86)","Euro Million","10000"
"Gross Value Added at Current Basic Prices","2009","Residential care and social work activities (87,88)","Euro Million","2941"
"Gross Value Added at Current Basic Prices","2009","Arts, entertainment and recreation (R)","Euro Million","2356"
"Gross Value Added at Current Basic Prices","2009","Arts, entertainment and recreation (90 to 92)","Euro Million","1539"
"Gross Value Added at Current Basic Prices","2009","Sports activities and amusement and recreation activities (93)","Euro Million","817"
"Gross Value Added at Current Basic Prices","2009","Other service activities (S)","Euro Million","1060"
"Gross Value Added at Current Basic Prices","2009","Activities of membership organisations (94)","Euro Million","325"
"Gross Value Added at Current Basic Prices","2009","Repair of computers and personal and household goods (95)","Euro Million","-13"
"Gross Value Added at Current Basic Prices","2009","Other personal service activities (96)","Euro Million","749"
"Gross Value Added at Current Basic Prices","2009","Activities of households as employers; producing activities of households for own use (T)","Euro Million","191"
"Gross Value Added at Current Basic Prices","2009","Activities of households as employers; producing activities of households for own use (97,98)","Euro Million","191"
"Gross Value Added at Current Basic Prices","2009","Activities of extraterritorial organisations and bodies (U)","Euro Million","4"
"Gross Value Added at Current Basic Prices","2009","Activities of extraterritorial organisations and bodies (99)","Euro Million","4"
"Gross Value Added at Current Basic Prices","2010","Agriculture, forestry and fishing (A)","Euro Million","1502"
"Gross Value Added at Current Basic Prices","2010","Crop and animal production, hunting and related service activities (01)","Euro Million","1227"
"Gross Value Added at Current Basic Prices","2010","Forestry and logging (02)","Euro Million","141"
"Gross Value Added at Current Basic Prices","2010","Fishing and aquaculture (03)","Euro Million","134"
"Gross Value Added at Current Basic Prices","2010","Mining and quarrying (B)","Euro Million","687"
"Gross Value Added at Current Basic Prices","2010","Mining and quarrying (05 to 09)","Euro Million","687"
"Gross Value Added at Current Basic Prices","2010","Manufacturing (C)","Euro Million","32629"
"Gross Value Added at Current Basic Prices","2010","Food products, beverages and tobacco (10 to 12)","Euro Million","6499"
"Gross Value Added at Current Basic Prices","2010","Textiles, wearing apparel and leather products (13 to 15)","Euro Million","152"
"Gross Value Added at Current Basic Prices","2010","Wood and wood products, except furniture (16)","Euro Million","164"
"Gross Value Added at Current Basic Prices","2010","Pulp, paper and paper products (17)","Euro Million","186"
"Gross Value Added at Current Basic Prices","2010","Printing and reproduction of recorded media (18)","Euro Million","387"
"Gross Value Added at Current Basic Prices","2010","Coke and refined petroleum products (19)","Euro Million",""
"Gross Value Added at Current Basic Prices","2010","Chemicals and chemical products (20)","Euro Million",""
"Gross Value Added at Current Basic Prices","2010","Basic pharmaceutical products and preparations (21)","Euro Million","14789"
"Gross Value Added at Current Basic Prices","2010","Rubber and plastic products (22)","Euro Million","362"
"Gross Value Added at Current Basic Prices","2010","Other non-metallic mineral products (23)","Euro Million","380"
"Gross Value Added at Current Basic Prices","2010","Basic metals (24)","Euro Million","183"
"Gross Value Added at Current Basic Prices","2010","Fabricated metal products (25)","Euro Million","550"
"Gross Value Added at Current Basic Prices","2010","Computer, electronic and optical products (26)","Euro Million","3166"
"Gross Value Added at Current Basic Prices","2010","Electrical equipment (27)","Euro Million","126"
"Gross Value Added at Current Basic Prices","2010","Manufacture of machinery and equipment n.e.c. (28)","Euro Million","672"
"Gross Value Added at Current Basic Prices","2010","Motor vehicles, trailers and semi-trailers (29)","Euro Million","148"
"Gross Value Added at Current Basic Prices","2010","Other transport equipment (30)","Euro Million","61"
"Gross Value Added at Current Basic Prices","2010","Furniture and other manufacturing (31,32)","Euro Million","2948"
"Gross Value Added at Current Basic Prices","2010","Repair and installation of machinery and equipment (33 )","Euro Million","231"
"Gross Value Added at Current Basic Prices","2010","Electricity, gas, steam and air conditioning supply (D)","Euro Million","2501"
"Gross Value Added at Current Basic Prices","2010","Electricity, gas, steam and air conditioning supply (35)","Euro Million","2501"
"Gross Value Added at Current Basic Prices","2010","Water supply; sewerage, waste management and remediation activities (E)","Euro Million","893"
"Gross Value Added at Current Basic Prices","2010","Water collection, treatment and supply (36)","Euro Million","226"
"Gross Value Added at Current Basic Prices","2010","Sewerage, waste management and remediation activities (37 to 39)","Euro Million","668"
"Gross Value Added at Current Basic Prices","2010","Construction (F)","Euro Million","2342"
"Gross Value Added at Current Basic Prices","2010","Construction (41 to 43)","Euro Million","2342"
"Gross Value Added at Current Basic Prices","2010","Wholesale and retail trade; repair of motor vehicles and motorcycles (G)","Euro Million","15871"
"Gross Value Added at Current Basic Prices","2010","Wholesale and retail trade and repair of vehicles  (45)","Euro Million","1149"
"Gross Value Added at Current Basic Prices","2010","Wholesale trade (46)","Euro Million","7137"
"Gross Value Added at Current Basic Prices","2010","Retail trade (47)","Euro Million","7584"
"Gross Value Added at Current Basic Prices","2010","Transportation and storage (H)","Euro Million","5676"
"Gross Value Added at Current Basic Prices","2010","Land transport (49)","Euro Million","2147"
"Gross Value Added at Current Basic Prices","2010","Water transport (50)","Euro Million","103"
"Gross Value Added at Current Basic Prices","2010","Air transport (51)","Euro Million","1435"
"Gross Value Added at Current Basic Prices","2010","Warehousing and support activities for transportation (52)","Euro Million","1136"
"Gross Value Added at Current Basic Prices","2010","Postal and courier activities (53)","Euro Million","855"
"Gross Value Added at Current Basic Prices","2010","Accommodation and food service activities (I)","Euro Million","3336"
"Gross Value Added at Current Basic Prices","2010","Accommodation and food service activities (55,56)","Euro Million","3336"
"Gross Value Added at Current Basic Prices","2010","Information and communication (J)","Euro Million","13996"
"Gross Value Added at Current Basic Prices","2010","Publishing activities (58)","Euro Million","7050"
"Gross Value Added at Current Basic Prices","2010","Audiovisual and broadcasting services (59,60)","Euro Million","218"
"Gross Value Added at Current Basic Prices","2010","Telecommunications (61)","Euro Million","2261"
"Gross Value Added at Current Basic Prices","2010","Computer programming, consultancy and Information service activities (62,63)","Euro Million","4467"
"Gross Value Added at Current Basic Prices","2010","Financial and insurance activities (K)","Euro Million","17479"
"Gross Value Added at Current Basic Prices","2010","Financial service activities (64)","Euro Million","10848"
"Gross Value Added at Current Basic Prices","2010","Insurance, reinsurance and pension funding, except compulsory social security (65)","Euro Million","3930"
"Gross Value Added at Current Basic Prices","2010","Activities auxiliary to financial services and insurance activities (66)","Euro Million","2701"
"Gross Value Added at Current Basic Prices","2010","Real estate activities (L)","Euro Million","9854"
"Gross Value Added at Current Basic Prices","2010","Real estate activities (68)","Euro Million","9854"
"Gross Value Added at Current Basic Prices","2010","Real estate activities of which: imputed rents of owner-occupied dwellings","Euro Million","7954"
"Gross Value Added at Current Basic Prices","2010","Professional, scientific and technical activities (M)","Euro Million","6357"
"Gross Value Added at Current Basic Prices","2010","Legal and accounting activities; head offices and management consultancy activities (69,70)","Euro Million","2880"
"Gross Value Added at Current Basic Prices","2010","Architectural and engineering activities; technical testing and analysis (71)","Euro Million","1556"
"Gross Value Added at Current Basic Prices","2010","Scientific research and development (72)","Euro Million","581"
"Gross Value Added at Current Basic Prices","2010","Advertising and market research (73)","Euro Million","525"
"Gross Value Added at Current Basic Prices","2010","Other professional, scientific, technical and veterinary activities (74,75)","Euro Million","814"
"Gross Value Added at Current Basic Prices","2010","Administrative and support service activities (N)","Euro Million","7518"
"Gross Value Added at Current Basic Prices","2010","Rental and leasing activities  (77)","Euro Million","4784"
"Gross Value Added at Current Basic Prices","2010","Employment activities (78)","Euro Million","541"
"Gross Value Added at Current Basic Prices","2010","Travel agency and tourism service activities (79)","Euro Million","220"
"Gross Value Added at Current Basic Prices","2010","Administrative and support service activities (80 to 82)","Euro Million","1972"
"Gross Value Added at Current Basic Prices","2010","Public administration and defence; compulsory social security (O)","Euro Million","6803"
"Gross Value Added at Current Basic Prices","2010","Public administration and defence; compulsory social security (84)","Euro Million","6803"
"Gross Value Added at Current Basic Prices","2010","Education (P)","Euro Million","9203"
"Gross Value Added at Current Basic Prices","2010","Education (85)","Euro Million","9203"
"Gross Value Added at Current Basic Prices","2010","Human health and social work activities (Q)","Euro Million","11891"
"Gross Value Added at Current Basic Prices","2010","Human health activities (86)","Euro Million","8992"
"Gross Value Added at Current Basic Prices","2010","Residential care and social work activities (87,88)","Euro Million","2898"
"Gross Value Added at Current Basic Prices","2010","Arts, entertainment and recreation (R)","Euro Million","2321"
"Gross Value Added at Current Basic Prices","2010","Arts, entertainment and recreation (90 to 92)","Euro Million","1554"
"Gross Value Added at Current Basic Prices","2010","Sports activities and amusement and recreation activities (93)","Euro Million","767"
"Gross Value Added at Current Basic Prices","2010","Other service activities (S)","Euro Million","1220"
"Gross Value Added at Current Basic Prices","2010","Activities of membership organisations (94)","Euro Million","513"
"Gross Value Added at Current Basic Prices","2010","Repair of computers and personal and household goods (95)","Euro Million","44"
"Gross Value Added at Current Basic Prices","2010","Other personal service activities (96)","Euro Million","663"
"Gross Value Added at Current Basic Prices","2010","Activities of households as employers; producing activities of households for own use (T)","Euro Million","35"
"Gross Value Added at Current Basic Prices","2010","Activities of households as employers; producing activities of households for own use (97,98)","Euro Million","35"
"Gross Value Added at Current Basic Prices","2010","Activities of extraterritorial organisations and bodies (U)","Euro Million","8"
"Gross Value Added at Current Basic Prices","2010","Activities of extraterritorial organisations and bodies (99)","Euro Million","8"
"Gross Value Added at Current Basic Prices","2011","Agriculture, forestry and fishing (A)","Euro Million","2048"
"Gross Value Added at Current Basic Prices","2011","Crop and animal production, hunting and related service activities (01)","Euro Million","1855"
"Gross Value Added at Current Basic Prices","2011","Forestry and logging (02)","Euro Million","36"
"Gross Value Added at Current Basic Prices","2011","Fishing and aquaculture (03)","Euro Million","157"
"Gross Value Added at Current Basic Prices","2011","Mining and quarrying (B)","Euro Million","726"
"Gross Value Added at Current Basic Prices","2011","Mining and quarrying (05 to 09)","Euro Million","726"
"Gross Value Added at Current Basic Prices","2011","Manufacturing (C)","Euro Million","35659"
"Gross Value Added at Current Basic Prices","2011","Food products, beverages and tobacco (10 to 12)","Euro Million","6434"
"Gross Value Added at Current Basic Prices","2011","Textiles, wearing apparel and leather products (13 to 15)","Euro Million","135"
"Gross Value Added at Current Basic Prices","2011","Wood and wood products, except furniture (16)","Euro Million","134"
"Gross Value Added at Current Basic Prices","2011","Pulp, paper and paper products (17)","Euro Million","158"
"Gross Value Added at Current Basic Prices","2011","Printing and reproduction of recorded media (18)","Euro Million","359"
"Gross Value Added at Current Basic Prices","2011","Coke and refined petroleum products (19)","Euro Million",""
"Gross Value Added at Current Basic Prices","2011","Chemicals and chemical products (20)","Euro Million",""
"Gross Value Added at Current Basic Prices","2011","Basic pharmaceutical products and preparations (21)","Euro Million","15886"
"Gross Value Added at Current Basic Prices","2011","Rubber and plastic products (22)","Euro Million","380"
"Gross Value Added at Current Basic Prices","2011","Other non-metallic mineral products (23)","Euro Million","435"
"Gross Value Added at Current Basic Prices","2011","Basic metals (24)","Euro Million","160"
"Gross Value Added at Current Basic Prices","2011","Fabricated metal products (25)","Euro Million","572"
"Gross Value Added at Current Basic Prices","2011","Computer, electronic and optical products (26)","Euro Million","2828"
"Gross Value Added at Current Basic Prices","2011","Electrical equipment (27)","Euro Million","239"
"Gross Value Added at Current Basic Prices","2011","Manufacture of machinery and equipment n.e.c. (28)","Euro Million","821"
"Gross Value Added at Current Basic Prices","2011","Motor vehicles, trailers and semi-trailers (29)","Euro Million","188"
"Gross Value Added at Current Basic Prices","2011","Other transport equipment (30)","Euro Million","35"
"Gross Value Added at Current Basic Prices","2011","Furniture and other manufacturing (31,32)","Euro Million","4186"
"Gross Value Added at Current Basic Prices","2011","Repair and installation of machinery and equipment (33 )","Euro Million","290"
"Gross Value Added at Current Basic Prices","2011","Electricity, gas, steam and air conditioning supply (D)","Euro Million","2803"
"Gross Value Added at Current Basic Prices","2011","Electricity, gas, steam and air conditioning supply (35)","Euro Million","2803"
"Gross Value Added at Current Basic Prices","2011","Water supply; sewerage, waste management and remediation activities (E)","Euro Million","747"
"Gross Value Added at Current Basic Prices","2011","Water collection, treatment and supply (36)","Euro Million","225"
"Gross Value Added at Current Basic Prices","2011","Sewerage, waste management and remediation activities (37 to 39)","Euro Million","522"
"Gross Value Added at Current Basic Prices","2011","Construction (F)","Euro Million","2070"
"Gross Value Added at Current Basic Prices","2011","Construction (41 to 43)","Euro Million","2070"
"Gross Value Added at Current Basic Prices","2011","Wholesale and retail trade; repair of motor vehicles and motorcycles (G)","Euro Million","17624"
"Gross Value Added at Current Basic Prices","2011","Wholesale and retail trade and repair of vehicles  (45)","Euro Million","1082"
"Gross Value Added at Current Basic Prices","2011","Wholesale trade (46)","Euro Million","8868"
"Gross Value Added at Current Basic Prices","2011","Retail trade (47)","Euro Million","7675"
"Gross Value Added at Current Basic Prices","2011","Transportation and storage (H)","Euro Million","5695"
"Gross Value Added at Current Basic Prices","2011","Land transport (49)","Euro Million","2139"
"Gross Value Added at Current Basic Prices","2011","Water transport (50)","Euro Million","71"
"Gross Value Added at Current Basic Prices","2011","Air transport (51)","Euro Million","1344"
"Gross Value Added at Current Basic Prices","2011","Warehousing and support activities for transportation (52)","Euro Million","1357"
"Gross Value Added at Current Basic Prices","2011","Postal and courier activities (53)","Euro Million","784"
"Gross Value Added at Current Basic Prices","2011","Accommodation and food service activities (I)","Euro Million","3376"
"Gross Value Added at Current Basic Prices","2011","Accommodation and food service activities (55,56)","Euro Million","3376"
"Gross Value Added at Current Basic Prices","2011","Information and communication (J)","Euro Million","14298"
"Gross Value Added at Current Basic Prices","2011","Publishing activities (58)","Euro Million","7468"
"Gross Value Added at Current Basic Prices","2011","Audiovisual and broadcasting services (59,60)","Euro Million","395"
"Gross Value Added at Current Basic Prices","2011","Telecommunications (61)","Euro Million","2203"
"Gross Value Added at Current Basic Prices","2011","Computer programming, consultancy and Information service activities (62,63)","Euro Million","4231"
"Gross Value Added at Current Basic Prices","2011","Financial and insurance activities (K)","Euro Million","15609"
"Gross Value Added at Current Basic Prices","2011","Financial service activities (64)","Euro Million","10303"
"Gross Value Added at Current Basic Prices","2011","Insurance, reinsurance and pension funding, except compulsory social security (65)","Euro Million","2402"
"Gross Value Added at Current Basic Prices","2011","Activities auxiliary to financial services and insurance activities (66)","Euro Million","2904"
"Gross Value Added at Current Basic Prices","2011","Real estate activities (L)","Euro Million","10280"
"Gross Value Added at Current Basic Prices","2011","Real estate activities (68)","Euro Million","10280"
"Gross Value Added at Current Basic Prices","2011","Real estate activities of which: imputed rents of owner-occupied dwellings","Euro Million","7945"
"Gross Value Added at Current Basic Prices","2011","Professional, scientific and technical activities (M)","Euro Million","7349"
"Gross Value Added at Current Basic Prices","2011","Legal and accounting activities; head offices and management consultancy activities (69,70)","Euro Million","4547"
"Gross Value Added at Current Basic Prices","2011","Architectural and engineering activities; technical testing and analysis (71)","Euro Million","1288"
"Gross Value Added at Current Basic Prices","2011","Scientific research and development (72)","Euro Million","285"
"Gross Value Added at Current Basic Prices","2011","Advertising and market research (73)","Euro Million","560"
"Gross Value Added at Current Basic Prices","2011","Other professional, scientific, technical and veterinary activities (74,75)","Euro Million","669"
"Gross Value Added at Current Basic Prices","2011","Administrative and support service activities (N)","Euro Million","8341"
"Gross Value Added at Current Basic Prices","2011","Rental and leasing activities  (77)","Euro Million","4947"
"Gross Value Added at Current Basic Prices","2011","Employment activities (78)","Euro Million","874"
"Gross Value Added at Current Basic Prices","2011","Travel agency and tourism service activities (79)","Euro Million","240"
"Gross Value Added at Current Basic Prices","2011","Administrative and support service activities (80 to 82)","Euro Million","2279"
"Gross Value Added at Current Basic Prices","2011","Public administration and defence; compulsory social security (O)","Euro Million","7997"
"Gross Value Added at Current Basic Prices","2011","Public administration and defence; compulsory social security (84)","Euro Million","7997"
"Gross Value Added at Current Basic Prices","2011","Education (P)","Euro Million","7701"
"Gross Value Added at Current Basic Prices","2011","Education (85)","Euro Million","7701"
"Gross Value Added at Current Basic Prices","2011","Human health and social work activities (Q)","Euro Million","12337"
"Gross Value Added at Current Basic Prices","2011","Human health activities (86)","Euro Million","9001"
"Gross Value Added at Current Basic Prices","2011","Residential care and social work activities (87,88)","Euro Million","3336"
"Gross Value Added at Current Basic Prices","2011","Arts, entertainment and recreation (R)","Euro Million","2053"
"Gross Value Added at Current Basic Prices","2011","Arts, entertainment and recreation (90 to 92)","Euro Million","1242"
"Gross Value Added at Current Basic Prices","2011","Sports activities and amusement and recreation activities (93)","Euro Million","811"
"Gross Value Added at Current Basic Prices","2011","Other service activities (S)","Euro Million","1275"
"Gross Value Added at Current Basic Prices","2011","Activities of membership organisations (94)","Euro Million","594"
"Gross Value Added at Current Basic Prices","2011","Repair of computers and personal and household goods (95)","Euro Million","56"
"Gross Value Added at Current Basic Prices","2011","Other personal service activities (96)","Euro Million","625"
"Gross Value Added at Current Basic Prices","2011","Activities of households as employers; producing activities of households for own use (T)","Euro Million","56"
"Gross Value Added at Current Basic Prices","2011","Activities of households as employers; producing activities of households for own use (97,98)","Euro Million","56"
"Gross Value Added at Current Basic Prices","2011","Activities of extraterritorial organisations and bodies (U)","Euro Million","5"
"Gross Value Added at Current Basic Prices","2011","Activities of extraterritorial organisations and bodies (99)","Euro Million","5"
"Gross Value Added at Current Basic Prices","2012","Agriculture, forestry and fishing (A)","Euro Million","1658"
"Gross Value Added at Current Basic Prices","2012","Crop and animal production, hunting and related service activities (01)","Euro Million","1460"
"Gross Value Added at Current Basic Prices","2012","Forestry and logging (02)","Euro Million","43"
"Gross Value Added at Current Basic Prices","2012","Fishing and aquaculture (03)","Euro Million","155"
"Gross Value Added at Current Basic Prices","2012","Mining and quarrying (B)","Euro Million","887"
"Gross Value Added at Current Basic Prices","2012","Mining and quarrying (05 to 09)","Euro Million","887"
"Gross Value Added at Current Basic Prices","2012","Manufacturing (C)","Euro Million","34628"
"Gross Value Added at Current Basic Prices","2012","Food products, beverages and tobacco (10 to 12)","Euro Million","6670"
"Gross Value Added at Current Basic Prices","2012","Textiles, wearing apparel and leather products (13 to 15)","Euro Million","131"
"Gross Value Added at Current Basic Prices","2012","Wood and wood products, except furniture (16)","Euro Million","139"
"Gross Value Added at Current Basic Prices","2012","Pulp, paper and paper products (17)","Euro Million","166"
"Gross Value Added at Current Basic Prices","2012","Printing and reproduction of recorded media (18)","Euro Million","306"
"Gross Value Added at Current Basic Prices","2012","Coke and refined petroleum products (19)","Euro Million",""
"Gross Value Added at Current Basic Prices","2012","Chemicals and chemical products (20)","Euro Million",""
"Gross Value Added at Current Basic Prices","2012","Basic pharmaceutical products and preparations (21)","Euro Million","14405"
"Gross Value Added at Current Basic Prices","2012","Rubber and plastic products (22)","Euro Million","399"
"Gross Value Added at Current Basic Prices","2012","Other non-metallic mineral products (23)","Euro Million","381"
"Gross Value Added at Current Basic Prices","2012","Basic metals (24)","Euro Million","151"
"Gross Value Added at Current Basic Prices","2012","Fabricated metal products (25)","Euro Million","601"
"Gross Value Added at Current Basic Prices","2012","Computer, electronic and optical products (26)","Euro Million","2896"
"Gross Value Added at Current Basic Prices","2012","Electrical equipment (27)","Euro Million","268"
"Gross Value Added at Current Basic Prices","2012","Manufacture of machinery and equipment n.e.c. (28)","Euro Million","907"
"Gross Value Added at Current Basic Prices","2012","Motor vehicles, trailers and semi-trailers (29)","Euro Million","182"
"Gross Value Added at Current Basic Prices","2012","Other transport equipment (30)","Euro Million","42"
"Gross Value Added at Current Basic Prices","2012","Furniture and other manufacturing (31,32)","Euro Million","3541"
"Gross Value Added at Current Basic Prices","2012","Repair and installation of machinery and equipment (33 )","Euro Million","295"
"Gross Value Added at Current Basic Prices","2012","Electricity, gas, steam and air conditioning supply (D)","Euro Million","3079"
"Gross Value Added at Current Basic Prices","2012","Electricity, gas, steam and air conditioning supply (35)","Euro Million","3079"
"Gross Value Added at Current Basic Prices","2012","Water supply; sewerage, waste management and remediation activities (E)","Euro Million","839"
"Gross Value Added at Current Basic Prices","2012","Water collection, treatment and supply (36)","Euro Million","219"
"Gross Value Added at Current Basic Prices","2012","Sewerage, waste management and remediation activities (37 to 39)","Euro Million","619"
"Gross Value Added at Current Basic Prices","2012","Construction (F)","Euro Million","3037"
"Gross Value Added at Current Basic Prices","2012","Construction (41 to 43)","Euro Million","3037"
"Gross Value Added at Current Basic Prices","2012","Wholesale and retail trade; repair of motor vehicles and motorcycles (G)","Euro Million","18342"
"Gross Value Added at Current Basic Prices","2012","Wholesale and retail trade and repair of vehicles  (45)","Euro Million","1065"
"Gross Value Added at Current Basic Prices","2012","Wholesale trade (46)","Euro Million","9228"
"Gross Value Added at Current Basic Prices","2012","Retail trade (47)","Euro Million","8049"
"Gross Value Added at Current Basic Prices","2012","Transportation and storage (H)","Euro Million","5660"
"Gross Value Added at Current Basic Prices","2012","Land transport (49)","Euro Million","2099"
"Gross Value Added at Current Basic Prices","2012","Water transport (50)","Euro Million","70"
"Gross Value Added at Current Basic Prices","2012","Air transport (51)","Euro Million","1399"
"Gross Value Added at Current Basic Prices","2012","Warehousing and support activities for transportation (52)","Euro Million","1360"
"Gross Value Added at Current Basic Prices","2012","Postal and courier activities (53)","Euro Million","732"
"Gross Value Added at Current Basic Prices","2012","Accommodation and food service activities (I)","Euro Million","3548"
"Gross Value Added at Current Basic Prices","2012","Accommodation and food service activities (55,56)","Euro Million","3548"
"Gross Value Added at Current Basic Prices","2012","Information and communication (J)","Euro Million","15753"
"Gross Value Added at Current Basic Prices","2012","Publishing activities (58)","Euro Million","8157"
"Gross Value Added at Current Basic Prices","2012","Audiovisual and broadcasting services (59,60)","Euro Million","445"
"Gross Value Added at Current Basic Prices","2012","Telecommunications (61)","Euro Million","2031"
"Gross Value Added at Current Basic Prices","2012","Computer programming, consultancy and Information service activities (62,63)","Euro Million","5119"
"Gross Value Added at Current Basic Prices","2012","Financial and insurance activities (K)","Euro Million","15020"
"Gross Value Added at Current Basic Prices","2012","Financial service activities (64)","Euro Million","8714"
"Gross Value Added at Current Basic Prices","2012","Insurance, reinsurance and pension funding, except compulsory social security (65)","Euro Million","3300"
"Gross Value Added at Current Basic Prices","2012","Activities auxiliary to financial services and insurance activities (66)","Euro Million","3006"
"Gross Value Added at Current Basic Prices","2012","Real estate activities (L)","Euro Million","11322"
"Gross Value Added at Current Basic Prices","2012","Real estate activities (68)","Euro Million","11322"
"Gross Value Added at Current Basic Prices","2012","Real estate activities of which: imputed rents of owner-occupied dwellings","Euro Million","8384"
"Gross Value Added at Current Basic Prices","2012","Professional, scientific and technical activities (M)","Euro Million","7325"
"Gross Value Added at Current Basic Prices","2012","Legal and accounting activities; head offices and management consultancy activities (69,70)","Euro Million","4839"
"Gross Value Added at Current Basic Prices","2012","Architectural and engineering activities; technical testing and analysis (71)","Euro Million","1067"
"Gross Value Added at Current Basic Prices","2012","Scientific research and development (72)","Euro Million","323"
"Gross Value Added at Current Basic Prices","2012","Advertising and market research (73)","Euro Million","399"
"Gross Value Added at Current Basic Prices","2012","Other professional, scientific, technical and veterinary activities (74,75)","Euro Million","696"
"Gross Value Added at Current Basic Prices","2012","Administrative and support service activities (N)","Euro Million","8688"
"Gross Value Added at Current Basic Prices","2012","Rental and leasing activities  (77)","Euro Million","5608"
"Gross Value Added at Current Basic Prices","2012","Employment activities (78)","Euro Million","952"
"Gross Value Added at Current Basic Prices","2012","Travel agency and tourism service activities (79)","Euro Million","248"
"Gross Value Added at Current Basic Prices","2012","Administrative and support service activities (80 to 82)","Euro Million","1879"
"Gross Value Added at Current Basic Prices","2012","Public administration and defence; compulsory social security (O)","Euro Million","7861"
"Gross Value Added at Current Basic Prices","2012","Public administration and defence; compulsory social security (84)","Euro Million","7861"
"Gross Value Added at Current Basic Prices","2012","Education (P)","Euro Million","7822"
"Gross Value Added at Current Basic Prices","2012","Education (85)","Euro Million","7822"
"Gross Value Added at Current Basic Prices","2012","Human health and social work activities (Q)","Euro Million","12495"
"Gross Value Added at Current Basic Prices","2012","Human health activities (86)","Euro Million","9003"
"Gross Value Added at Current Basic Prices","2012","Residential care and social work activities (87,88)","Euro Million","3492"
"Gross Value Added at Current Basic Prices","2012","Arts, entertainment and recreation (R)","Euro Million","1921"
"Gross Value Added at Current Basic Prices","2012","Arts, entertainment and recreation (90 to 92)","Euro Million","1192"
"Gross Value Added at Current Basic Prices","2012","Sports activities and amusement and recreation activities (93)","Euro Million","729"
"Gross Value Added at Current Basic Prices","2012","Other service activities (S)","Euro Million","1306"
"Gross Value Added at Current Basic Prices","2012","Activities of membership organisations (94)","Euro Million","615"
"Gross Value Added at Current Basic Prices","2012","Repair of computers and personal and household goods (95)","Euro Million","51"
"Gross Value Added at Current Basic Prices","2012","Other personal service activities (96)","Euro Million","640"
"Gross Value Added at Current Basic Prices","2012","Activities of households as employers; producing activities of households for own use (T)","Euro Million","62"
"Gross Value Added at Current Basic Prices","2012","Activities of households as employers; producing activities of households for own use (97,98)","Euro Million","62"
"Gross Value Added at Current Basic Prices","2012","Activities of extraterritorial organisations and bodies (U)","Euro Million","4"
"Gross Value Added at Current Basic Prices","2012","Activities of extraterritorial organisations and bodies (99)","Euro Million","4"
"Gross Value Added at Current Basic Prices","2013","Agriculture, forestry and fishing (A)","Euro Million","1893"
"Gross Value Added at Current Basic Prices","2013","Crop and animal production, hunting and related service activities (01)","Euro Million","1694"
"Gross Value Added at Current Basic Prices","2013","Forestry and logging (02)","Euro Million","51"
"Gross Value Added at Current Basic Prices","2013","Fishing and aquaculture (03)","Euro Million","148"
"Gross Value Added at Current Basic Prices","2013","Mining and quarrying (B)","Euro Million","752"
"Gross Value Added at Current Basic Prices","2013","Mining and quarrying (05 to 09)","Euro Million","752"
"Gross Value Added at Current Basic Prices","2013","Manufacturing (C)","Euro Million","34892"
"Gross Value Added at Current Basic Prices","2013","Food products, beverages and tobacco (10 to 12)","Euro Million","7592"
"Gross Value Added at Current Basic Prices","2013","Textiles, wearing apparel and leather products (13 to 15)","Euro Million","140"
"Gross Value Added at Current Basic Prices","2013","Wood and wood products, except furniture (16)","Euro Million","171"
"Gross Value Added at Current Basic Prices","2013","Pulp, paper and paper products (17)","Euro Million","178"
"Gross Value Added at Current Basic Prices","2013","Printing and reproduction of recorded media (18)","Euro Million","337"
"Gross Value Added at Current Basic Prices","2013","Coke and refined petroleum products (19)","Euro Million",""
"Gross Value Added at Current Basic Prices","2013","Chemicals and chemical products (20)","Euro Million",""
"Gross Value Added at Current Basic Prices","2013","Basic pharmaceutical products and preparations (21)","Euro Million","12473"
"Gross Value Added at Current Basic Prices","2013","Rubber and plastic products (22)","Euro Million","413"
"Gross Value Added at Current Basic Prices","2013","Other non-metallic mineral products (23)","Euro Million","508"
"Gross Value Added at Current Basic Prices","2013","Basic metals (24)","Euro Million","188"
"Gross Value Added at Current Basic Prices","2013","Fabricated metal products (25)","Euro Million","673"
"Gross Value Added at Current Basic Prices","2013","Computer, electronic and optical products (26)","Euro Million","2740"
"Gross Value Added at Current Basic Prices","2013","Electrical equipment (27)","Euro Million","299"
"Gross Value Added at Current Basic Prices","2013","Manufacture of machinery and equipment n.e.c. (28)","Euro Million","963"
"Gross Value Added at Current Basic Prices","2013","Motor vehicles, trailers and semi-trailers (29)","Euro Million","197"
"Gross Value Added at Current Basic Prices","2013","Other transport equipment (30)","Euro Million","54"
"Gross Value Added at Current Basic Prices","2013","Furniture and other manufacturing (31,32)","Euro Million","4015"
"Gross Value Added at Current Basic Prices","2013","Repair and installation of machinery and equipment (33 )","Euro Million","327"
"Gross Value Added at Current Basic Prices","2013","Electricity, gas, steam and air conditioning supply (D)","Euro Million","3217"
"Gross Value Added at Current Basic Prices","2013","Electricity, gas, steam and air conditioning supply (35)","Euro Million","3217"
"Gross Value Added at Current Basic Prices","2013","Water supply; sewerage, waste management and remediation activities (E)","Euro Million","882"
"Gross Value Added at Current Basic Prices","2013","Water collection, treatment and supply (36)","Euro Million","220"
"Gross Value Added at Current Basic Prices","2013","Sewerage, waste management and remediation activities (37 to 39)","Euro Million","662"
"Gross Value Added at Current Basic Prices","2013","Construction (F)","Euro Million","3814"
"Gross Value Added at Current Basic Prices","2013","Construction (41 to 43)","Euro Million","3814"
"Gross Value Added at Current Basic Prices","2013","Wholesale and retail trade; repair of motor vehicles and motorcycles (G)","Euro Million","20067"
"Gross Value Added at Current Basic Prices","2013","Wholesale and retail trade and repair of vehicles  (45)","Euro Million","1231"
"Gross Value Added at Current Basic Prices","2013","Wholesale trade (46)","Euro Million","10361"
"Gross Value Added at Current Basic Prices","2013","Retail trade (47)","Euro Million","8476"
"Gross Value Added at Current Basic Prices","2013","Transportation and storage (H)","Euro Million","5889"
"Gross Value Added at Current Basic Prices","2013","Land transport (49)","Euro Million","2077"
"Gross Value Added at Current Basic Prices","2013","Water transport (50)","Euro Million","83"
"Gross Value Added at Current Basic Prices","2013","Air transport (51)","Euro Million","1444"
"Gross Value Added at Current Basic Prices","2013","Warehousing and support activities for transportation (52)","Euro Million","1526"
"Gross Value Added at Current Basic Prices","2013","Postal and courier activities (53)","Euro Million","759"
"Gross Value Added at Current Basic Prices","2013","Accommodation and food service activities (I)","Euro Million","3809"
"Gross Value Added at Current Basic Prices","2013","Accommodation and food service activities (55,56)","Euro Million","3809"
"Gross Value Added at Current Basic Prices","2013","Information and communication (J)","Euro Million","17189"
"Gross Value Added at Current Basic Prices","2013","Publishing activities (58)","Euro Million","8895"
"Gross Value Added at Current Basic Prices","2013","Audiovisual and broadcasting services (59,60)","Euro Million","481"
"Gross Value Added at Current Basic Prices","2013","Telecommunications (61)","Euro Million","2063"
"Gross Value Added at Current Basic Prices","2013","Computer programming, consultancy and Information service activities (62,63)","Euro Million","5750"
"Gross Value Added at Current Basic Prices","2013","Financial and insurance activities (K)","Euro Million","13377"
"Gross Value Added at Current Basic Prices","2013","Financial service activities (64)","Euro Million","7984"
"Gross Value Added at Current Basic Prices","2013","Insurance, reinsurance and pension funding, except compulsory social security (65)","Euro Million","2531"
"Gross Value Added at Current Basic Prices","2013","Activities auxiliary to financial services and insurance activities (66)","Euro Million","2863"
"Gross Value Added at Current Basic Prices","2013","Real estate activities (L)","Euro Million","12066"
"Gross Value Added at Current Basic Prices","2013","Real estate activities (68)","Euro Million","12066"
"Gross Value Added at Current Basic Prices","2013","Real estate activities of which: imputed rents of owner-occupied dwellings","Euro Million","8606"
"Gross Value Added at Current Basic Prices","2013","Professional, scientific and technical activities (M)","Euro Million","8062"
"Gross Value Added at Current Basic Prices","2013","Legal and accounting activities; head offices and management consultancy activities (69,70)","Euro Million","4989"
"Gross Value Added at Current Basic Prices","2013","Architectural and engineering activities; technical testing and analysis (71)","Euro Million","1375"
"Gross Value Added at Current Basic Prices","2013","Scientific research and development (72)","Euro Million","413"
"Gross Value Added at Current Basic Prices","2013","Advertising and market research (73)","Euro Million","480"
"Gross Value Added at Current Basic Prices","2013","Other professional, scientific, technical and veterinary activities (74,75)","Euro Million","804"
"Gross Value Added at Current Basic Prices","2013","Administrative and support service activities (N)","Euro Million","11672"
"Gross Value Added at Current Basic Prices","2013","Rental and leasing activities  (77)","Euro Million","8358"
"Gross Value Added at Current Basic Prices","2013","Employment activities (78)","Euro Million","1049"
"Gross Value Added at Current Basic Prices","2013","Travel agency and tourism service activities (79)","Euro Million","281"
"Gross Value Added at Current Basic Prices","2013","Administrative and support service activities (80 to 82)","Euro Million","1984"
"Gross Value Added at Current Basic Prices","2013","Public administration and defence; compulsory social security (O)","Euro Million","7741"
"Gross Value Added at Current Basic Prices","2013","Public administration and defence; compulsory social security (84)","Euro Million","7741"
"Gross Value Added at Current Basic Prices","2013","Education (P)","Euro Million","7810"
"Gross Value Added at Current Basic Prices","2013","Education (85)","Euro Million","7810"
"Gross Value Added at Current Basic Prices","2013","Human health and social work activities (Q)","Euro Million","12277"
"Gross Value Added at Current Basic Prices","2013","Human health activities (86)","Euro Million","8711"
"Gross Value Added at Current Basic Prices","2013","Residential care and social work activities (87,88)","Euro Million","3566"
"Gross Value Added at Current Basic Prices","2013","Arts, entertainment and recreation (R)","Euro Million","2038"
"Gross Value Added at Current Basic Prices","2013","Arts, entertainment and recreation (90 to 92)","Euro Million","1261"
"Gross Value Added at Current Basic Prices","2013","Sports activities and amusement and recreation activities (93)","Euro Million","777"
"Gross Value Added at Current Basic Prices","2013","Other service activities (S)","Euro Million","1394"
"Gross Value Added at Current Basic Prices","2013","Activities of membership organisations (94)","Euro Million","648"
"Gross Value Added at Current Basic Prices","2013","Repair of computers and personal and household goods (95)","Euro Million","54"
"Gross Value Added at Current Basic Prices","2013","Other personal service activities (96)","Euro Million","692"
"Gross Value Added at Current Basic Prices","2013","Activities of households as employers; producing activities of households for own use (T)","Euro Million","53"
"Gross Value Added at Current Basic Prices","2013","Activities of households as employers; producing activities of households for own use (97,98)","Euro Million","53"
"Gross Value Added at Current Basic Prices","2013","Activities of extraterritorial organisations and bodies (U)","Euro Million","11"
"Gross Value Added at Current Basic Prices","2013","Activities of extraterritorial organisations and bodies (99)","Euro Million","11"
"Gross Value Added at Current Basic Prices","2014","Agriculture, forestry and fishing (A)","Euro Million","2386"
"Gross Value Added at Current Basic Prices","2014","Crop and animal production, hunting and related service activities (01)","Euro Million","2183"
"Gross Value Added at Current Basic Prices","2014","Forestry and logging (02)","Euro Million","52"
"Gross Value Added at Current Basic Prices","2014","Fishing and aquaculture (03)","Euro Million","152"
"Gross Value Added at Current Basic Prices","2014","Mining and quarrying (B)","Euro Million","909"
"Gross Value Added at Current Basic Prices","2014","Mining and quarrying (05 to 09)","Euro Million","909"
"Gross Value Added at Current Basic Prices","2014","Manufacturing (C)","Euro Million","39289"
"Gross Value Added at Current Basic Prices","2014","Food products, beverages and tobacco (10 to 12)","Euro Million","8493"
"Gross Value Added at Current Basic Prices","2014","Textiles, wearing apparel and leather products (13 to 15)","Euro Million","152"
"Gross Value Added at Current Basic Prices","2014","Wood and wood products, except furniture (16)","Euro Million","190"
"Gross Value Added at Current Basic Prices","2014","Pulp, paper and paper products (17)","Euro Million","203"
"Gross Value Added at Current Basic Prices","2014","Printing and reproduction of recorded media (18)","Euro Million","390"
"Gross Value Added at Current Basic Prices","2014","Coke and refined petroleum products (19)","Euro Million",""
"Gross Value Added at Current Basic Prices","2014","Chemicals and chemical products (20)","Euro Million",""
"Gross Value Added at Current Basic Prices","2014","Basic pharmaceutical products and preparations (21)","Euro Million","14337"
"Gross Value Added at Current Basic Prices","2014","Rubber and plastic products (22)","Euro Million","481"
"Gross Value Added at Current Basic Prices","2014","Other non-metallic mineral products (23)","Euro Million","670"
"Gross Value Added at Current Basic Prices","2014","Basic metals (24)","Euro Million","229"
"Gross Value Added at Current Basic Prices","2014","Fabricated metal products (25)","Euro Million","760"
"Gross Value Added at Current Basic Prices","2014","Computer, electronic and optical products (26)","Euro Million","2767"
"Gross Value Added at Current Basic Prices","2014","Electrical equipment (27)","Euro Million","345"
"Gross Value Added at Current Basic Prices","2014","Manufacture of machinery and equipment n.e.c. (28)","Euro Million","1031"
"Gross Value Added at Current Basic Prices","2014","Motor vehicles, trailers and semi-trailers (29)","Euro Million","208"
"Gross Value Added at Current Basic Prices","2014","Other transport equipment (30)","Euro Million","72"
"Gross Value Added at Current Basic Prices","2014","Furniture and other manufacturing (31,32)","Euro Million","4889"
"Gross Value Added at Current Basic Prices","2014","Repair and installation of machinery and equipment (33 )","Euro Million","366"
"Gross Value Added at Current Basic Prices","2014","Electricity, gas, steam and air conditioning supply (D)","Euro Million","2992"
"Gross Value Added at Current Basic Prices","2014","Electricity, gas, steam and air conditioning supply (35)","Euro Million","2992"
"Gross Value Added at Current Basic Prices","2014","Water supply; sewerage, waste management and remediation activities (E)","Euro Million","952"
"Gross Value Added at Current Basic Prices","2014","Water collection, treatment and supply (36)","Euro Million","258"
"Gross Value Added at Current Basic Prices","2014","Sewerage, waste management and remediation activities (37 to 39)","Euro Million","695"
"Gross Value Added at Current Basic Prices","2014","Construction (F)","Euro Million","4793"
"Gross Value Added at Current Basic Prices","2014","Construction (41 to 43)","Euro Million","4793"
"Gross Value Added at Current Basic Prices","2014","Wholesale and retail trade; repair of motor vehicles and motorcycles (G)","Euro Million","20090"
"Gross Value Added at Current Basic Prices","2014","Wholesale and retail trade and repair of vehicles  (45)","Euro Million","1386"
"Gross Value Added at Current Basic Prices","2014","Wholesale trade (46)","Euro Million","10200"
"Gross Value Added at Current Basic Prices","2014","Retail trade (47)","Euro Million","8504"
"Gross Value Added at Current Basic Prices","2014","Transportation and storage (H)","Euro Million","6274"
"Gross Value Added at Current Basic Prices","2014","Land transport (49)","Euro Million","2180"
"Gross Value Added at Current Basic Prices","2014","Water transport (50)","Euro Million","82"
"Gross Value Added at Current Basic Prices","2014","Air transport (51)","Euro Million","1796"
"Gross Value Added at Current Basic Prices","2014","Warehousing and support activities for transportation (52)","Euro Million","1423"
"Gross Value Added at Current Basic Prices","2014","Postal and courier activities (53)","Euro Million","793"
"Gross Value Added at Current Basic Prices","2014","Accommodation and food service activities (I)","Euro Million","4040"
"Gross Value Added at Current Basic Prices","2014","Accommodation and food service activities (55,56)","Euro Million","4040"
"Gross Value Added at Current Basic Prices","2014","Information and communication (J)","Euro Million","19467"
"Gross Value Added at Current Basic Prices","2014","Publishing activities (58)","Euro Million","10274"
"Gross Value Added at Current Basic Prices","2014","Audiovisual and broadcasting services (59,60)","Euro Million","514"
"Gross Value Added at Current Basic Prices","2014","Telecommunications (61)","Euro Million","1918"
"Gross Value Added at Current Basic Prices","2014","Computer programming, consultancy and Information service activities (62,63)","Euro Million","6760"
"Gross Value Added at Current Basic Prices","2014","Financial and insurance activities (K)","Euro Million","15674"
"Gross Value Added at Current Basic Prices","2014","Financial service activities (64)","Euro Million","9334"
"Gross Value Added at Current Basic Prices","2014","Insurance, reinsurance and pension funding, except compulsory social security (65)","Euro Million","3317"
"Gross Value Added at Current Basic Prices","2014","Activities auxiliary to financial services and insurance activities (66)","Euro Million","3023"
"Gross Value Added at Current Basic Prices","2014","Real estate activities (L)","Euro Million","13259"
"Gross Value Added at Current Basic Prices","2014","Real estate activities (68)","Euro Million","13259"
"Gross Value Added at Current Basic Prices","2014","Real estate activities of which: imputed rents of owner-occupied dwellings","Euro Million","9454"
"Gross Value Added at Current Basic Prices","2014","Professional, scientific and technical activities (M)","Euro Million","9230"
"Gross Value Added at Current Basic Prices","2014","Legal and accounting activities; head offices and management consultancy activities (69,70)","Euro Million","5413"
"Gross Value Added at Current Basic Prices","2014","Architectural and engineering activities; technical testing and analysis (71)","Euro Million","1625"
"Gross Value Added at Current Basic Prices","2014","Scientific research and development (72)","Euro Million","758"
"Gross Value Added at Current Basic Prices","2014","Advertising and market research (73)","Euro Million","576"
"Gross Value Added at Current Basic Prices","2014","Other professional, scientific, technical and veterinary activities (74,75)","Euro Million","858"
"Gross Value Added at Current Basic Prices","2014","Administrative and support service activities (N)","Euro Million","14682"
"Gross Value Added at Current Basic Prices","2014","Rental and leasing activities  (77)","Euro Million","10817"
"Gross Value Added at Current Basic Prices","2014","Employment activities (78)","Euro Million","1239"
"Gross Value Added at Current Basic Prices","2014","Travel agency and tourism service activities (79)","Euro Million","314"
"Gross Value Added at Current Basic Prices","2014","Administrative and support service activities (80 to 82)","Euro Million","2312"
"Gross Value Added at Current Basic Prices","2014","Public administration and defence; compulsory social security (O)","Euro Million","7866"
"Gross Value Added at Current Basic Prices","2014","Public administration and defence; compulsory social security (84)","Euro Million","7866"
"Gross Value Added at Current Basic Prices","2014","Education (P)","Euro Million","8111"
"Gross Value Added at Current Basic Prices","2014","Education (85)","Euro Million","8111"
"Gross Value Added at Current Basic Prices","2014","Human health and social work activities (Q)","Euro Million","12389"
"Gross Value Added at Current Basic Prices","2014","Human health activities (86)","Euro Million","8677"
"Gross Value Added at Current Basic Prices","2014","Residential care and social work activities (87,88)","Euro Million","3712"
"Gross Value Added at Current Basic Prices","2014","Arts, entertainment and recreation (R)","Euro Million","2078"
"Gross Value Added at Current Basic Prices","2014","Arts, entertainment and recreation (90 to 92)","Euro Million","1279"
"Gross Value Added at Current Basic Prices","2014","Sports activities and amusement and recreation activities (93)","Euro Million","799"
"Gross Value Added at Current Basic Prices","2014","Other service activities (S)","Euro Million","1432"
"Gross Value Added at Current Basic Prices","2014","Activities of membership organisations (94)","Euro Million","628"
"Gross Value Added at Current Basic Prices","2014","Repair of computers and personal and household goods (95)","Euro Million","62"
"Gross Value Added at Current Basic Prices","2014","Other personal service activities (96)","Euro Million","743"
"Gross Value Added at Current Basic Prices","2014","Activities of households as employers; producing activities of households for own use (T)","Euro Million","60"
"Gross Value Added at Current Basic Prices","2014","Activities of households as employers; producing activities of households for own use (97,98)","Euro Million","60"
"Gross Value Added at Current Basic Prices","2014","Activities of extraterritorial organisations and bodies (U)","Euro Million","7"
"Gross Value Added at Current Basic Prices","2014","Activities of extraterritorial organisations and bodies (99)","Euro Million","7"
"Gross Value Added at Current Basic Prices","2015","Agriculture, forestry and fishing (A)","Euro Million","2321"
"Gross Value Added at Current Basic Prices","2015","Crop and animal production, hunting and related service activities (01)","Euro Million","2115"
"Gross Value Added at Current Basic Prices","2015","Forestry and logging (02)","Euro Million","48"
"Gross Value Added at Current Basic Prices","2015","Fishing and aquaculture (03)","Euro Million","158"
"Gross Value Added at Current Basic Prices","2015","Mining and quarrying (B)","Euro Million","407"
"Gross Value Added at Current Basic Prices","2015","Mining and quarrying (05 to 09)","Euro Million","407"
"Gross Value Added at Current Basic Prices","2015","Manufacturing (C)","Euro Million","95003"
"Gross Value Added at Current Basic Prices","2015","Food products, beverages and tobacco (10 to 12)","Euro Million","8901"
"Gross Value Added at Current Basic Prices","2015","Textiles, wearing apparel and leather products (13 to 15)","Euro Million","164"
"Gross Value Added at Current Basic Prices","2015","Wood and wood products, except furniture (16)","Euro Million","215"
"Gross Value Added at Current Basic Prices","2015","Pulp, paper and paper products (17)","Euro Million","197"
"Gross Value Added at Current Basic Prices","2015","Printing and reproduction of recorded media (18)","Euro Million","396"
"Gross Value Added at Current Basic Prices","2015","Coke and refined petroleum products (19)","Euro Million",""
"Gross Value Added at Current Basic Prices","2015","Chemicals and chemical products (20)","Euro Million",""
"Gross Value Added at Current Basic Prices","2015","Basic pharmaceutical products and preparations (21)","Euro Million",""
"Gross Value Added at Current Basic Prices","2015","Rubber and plastic products (22)","Euro Million","576"
"Gross Value Added at Current Basic Prices","2015","Other non-metallic mineral products (23)","Euro Million","594"
"Gross Value Added at Current Basic Prices","2015","Basic metals (24)","Euro Million","270"
"Gross Value Added at Current Basic Prices","2015","Fabricated metal products (25)","Euro Million","824"
"Gross Value Added at Current Basic Prices","2015","Computer, electronic and optical products (26)","Euro Million",""
"Gross Value Added at Current Basic Prices","2015","Electrical equipment (27)","Euro Million","366"
"Gross Value Added at Current Basic Prices","2015","Manufacture of machinery and equipment n.e.c. (28)","Euro Million","1151"
"Gross Value Added at Current Basic Prices","2015","Motor vehicles, trailers and semi-trailers (29)","Euro Million",""
"Gross Value Added at Current Basic Prices","2015","Other transport equipment (30)","Euro Million",""
"Gross Value Added at Current Basic Prices","2015","Furniture and other manufacturing (31,32)","Euro Million","7043"
"Gross Value Added at Current Basic Prices","2015","Repair and installation of machinery and equipment (33 )","Euro Million","373"
"Gross Value Added at Current Basic Prices","2015","Electricity, gas, steam and air conditioning supply (D)","Euro Million","2831"
"Gross Value Added at Current Basic Prices","2015","Electricity, gas, steam and air conditioning supply (35)","Euro Million","2831"
"Gross Value Added at Current Basic Prices","2015","Water supply; sewerage, waste management and remediation activities (E)","Euro Million","1020"
"Gross Value Added at Current Basic Prices","2015","Water collection, treatment and supply (36)","Euro Million","293"
"Gross Value Added at Current Basic Prices","2015","Sewerage, waste management and remediation activities (37 to 39)","Euro Million","727"
"Gross Value Added at Current Basic Prices","2015","Construction (F)","Euro Million","5311"
"Gross Value Added at Current Basic Prices","2015","Construction (41 to 43)","Euro Million","5311"
"Gross Value Added at Current Basic Prices","2015","Wholesale and retail trade; repair of motor vehicles and motorcycles (G)","Euro Million","20375"
"Gross Value Added at Current Basic Prices","2015","Wholesale and retail trade and repair of vehicles  (45)","Euro Million","1441"
"Gross Value Added at Current Basic Prices","2015","Wholesale trade (46)","Euro Million","10477"
"Gross Value Added at Current Basic Prices","2015","Retail trade (47)","Euro Million","8457"
"Gross Value Added at Current Basic Prices","2015","Transportation and storage (H)","Euro Million","6649"
"Gross Value Added at Current Basic Prices","2015","Land transport (49)","Euro Million","2344"
"Gross Value Added at Current Basic Prices","2015","Water transport (50)","Euro Million","77"
"Gross Value Added at Current Basic Prices","2015","Air transport (51)","Euro Million",""
"Gross Value Added at Current Basic Prices","2015","Warehousing and support activities for transportation (52)","Euro Million",""
"Gross Value Added at Current Basic Prices","2015","Postal and courier activities (53)","Euro Million","768"
"Gross Value Added at Current Basic Prices","2015","Accommodation and food service activities (I)","Euro Million","4474"
"Gross Value Added at Current Basic Prices","2015","Accommodation and food service activities (55,56)","Euro Million","4474"
"Gross Value Added at Current Basic Prices","2015","Information and communication (J)","Euro Million","23432"
"Gross Value Added at Current Basic Prices","2015","Publishing activities (58)","Euro Million",""
"Gross Value Added at Current Basic Prices","2015","Audiovisual and broadcasting services (59,60)","Euro Million",""
"Gross Value Added at Current Basic Prices","2015","Telecommunications (61)","Euro Million","1836"
"Gross Value Added at Current Basic Prices","2015","Computer programming, consultancy and Information service activities (62,63)","Euro Million",""
"Gross Value Added at Current Basic Prices","2015","Financial and insurance activities (K)","Euro Million","16731"
"Gross Value Added at Current Basic Prices","2015","Financial service activities (64)","Euro Million","9723"
"Gross Value Added at Current Basic Prices","2015","Insurance, reinsurance and pension funding, except compulsory social security (65)","Euro Million","3569"
"Gross Value Added at Current Basic Prices","2015","Activities auxiliary to financial services and insurance activities (66)","Euro Million","3440"
"Gross Value Added at Current Basic Prices","2015","Real estate activities (L)","Euro Million","14617"
"Gross Value Added at Current Basic Prices","2015","Real estate activities (68)","Euro Million","14617"
"Gross Value Added at Current Basic Prices","2015","Real estate activities of which: imputed rents of owner-occupied dwellings","Euro Million","10438"
"Gross Value Added at Current Basic Prices","2015","Professional, scientific and technical activities (M)","Euro Million","10486"
"Gross Value Added at Current Basic Prices","2015","Legal and accounting activities; head offices and management consultancy activities (69,70)","Euro Million","6240"
"Gross Value Added at Current Basic Prices","2015","Architectural and engineering activities; technical testing and analysis (71)","Euro Million","1798"
"Gross Value Added at Current Basic Prices","2015","Scientific research and development (72)","Euro Million","874"
"Gross Value Added at Current Basic Prices","2015","Advertising and market research (73)","Euro Million","709"
"Gross Value Added at Current Basic Prices","2015","Other professional, scientific, technical and veterinary activities (74,75)","Euro Million","865"
"Gross Value Added at Current Basic Prices","2015","Administrative and support service activities (N)","Euro Million","18017"
"Gross Value Added at Current Basic Prices","2015","Rental and leasing activities  (77)","Euro Million","13930"
"Gross Value Added at Current Basic Prices","2015","Employment activities (78)","Euro Million","1374"
"Gross Value Added at Current Basic Prices","2015","Travel agency and tourism service activities (79)","Euro Million","338"
"Gross Value Added at Current Basic Prices","2015","Administrative and support service activities (80 to 82)","Euro Million","2376"
"Gross Value Added at Current Basic Prices","2015","Public administration and defence; compulsory social security (O)","Euro Million","8009"
"Gross Value Added at Current Basic Prices","2015","Public administration and defence; compulsory social security (84)","Euro Million","8009"
"Gross Value Added at Current Basic Prices","2015","Education (P)","Euro Million","8333"
"Gross Value Added at Current Basic Prices","2015","Education (85)","Euro Million","8333"
"Gross Value Added at Current Basic Prices","2015","Human health and social work activities (Q)","Euro Million","12852"
"Gross Value Added at Current Basic Prices","2015","Human health activities (86)","Euro Million","8965"
"Gross Value Added at Current Basic Prices","2015","Residential care and social work activities (87,88)","Euro Million","3888"
"Gross Value Added at Current Basic Prices","2015","Arts, entertainment and recreation (R)","Euro Million","2056"
"Gross Value Added at Current Basic Prices","2015","Arts, entertainment and recreation (90 to 92)","Euro Million","1233"
"Gross Value Added at Current Basic Prices","2015","Sports activities and amusement and recreation activities (93)","Euro Million","823"
"Gross Value Added at Current Basic Prices","2015","Other service activities (S)","Euro Million","1474"
"Gross Value Added at Current Basic Prices","2015","Activities of membership organisations (94)","Euro Million","650"
"Gross Value Added at Current Basic Prices","2015","Repair of computers and personal and household goods (95)","Euro Million","66"
"Gross Value Added at Current Basic Prices","2015","Other personal service activities (96)","Euro Million","757"
"Gross Value Added at Current Basic Prices","2015","Activities of households as employers; producing activities of households for own use (T)","Euro Million","60"
"Gross Value Added at Current Basic Prices","2015","Activities of households as employers; producing activities of households for own use (97,98)","Euro Million","60"
"Gross Value Added at Current Basic Prices","2015","Activities of extraterritorial organisations and bodies (U)","Euro Million","7"
"Gross Value Added at Current Basic Prices","2015","Activities of extraterritorial organisations and bodies (99)","Euro Million","7"
"Gross Value Added at Current Basic Prices","2016","Agriculture, forestry and fishing (A)","Euro Million","2529"
"Gross Value Added at Current Basic Prices","2016","Crop and animal production, hunting and related service activities (01)","Euro Million","2332"
"Gross Value Added at Current Basic Prices","2016","Forestry and logging (02)","Euro Million","54"
"Gross Value Added at Current Basic Prices","2016","Fishing and aquaculture (03)","Euro Million","143"
"Gross Value Added at Current Basic Prices","2016","Mining and quarrying (B)","Euro Million","550"
"Gross Value Added at Current Basic Prices","2016","Mining and quarrying (05 to 09)","Euro Million","550"
"Gross Value Added at Current Basic Prices","2016","Manufacturing (C)","Euro Million","90028"
"Gross Value Added at Current Basic Prices","2016","Food products, beverages and tobacco (10 to 12)","Euro Million","8993"
"Gross Value Added at Current Basic Prices","2016","Textiles, wearing apparel and leather products (13 to 15)","Euro Million","159"
"Gross Value Added at Current Basic Prices","2016","Wood and wood products, except furniture (16)","Euro Million","230"
"Gross Value Added at Current Basic Prices","2016","Pulp, paper and paper products (17)","Euro Million","190"
"Gross Value Added at Current Basic Prices","2016","Printing and reproduction of recorded media (18)","Euro Million","337"
"Gross Value Added at Current Basic Prices","2016","Coke and refined petroleum products (19)","Euro Million",""
"Gross Value Added at Current Basic Prices","2016","Chemicals and chemical products (20)","Euro Million",""
"Gross Value Added at Current Basic Prices","2016","Basic pharmaceutical products and preparations (21)","Euro Million",""
"Gross Value Added at Current Basic Prices","2016","Rubber and plastic products (22)","Euro Million","576"
"Gross Value Added at Current Basic Prices","2016","Other non-metallic mineral products (23)","Euro Million","817"
"Gross Value Added at Current Basic Prices","2016","Basic metals (24)","Euro Million","238"
"Gross Value Added at Current Basic Prices","2016","Fabricated metal products (25)","Euro Million","924"
"Gross Value Added at Current Basic Prices","2016","Computer, electronic and optical products (26)","Euro Million",""
"Gross Value Added at Current Basic Prices","2016","Electrical equipment (27)","Euro Million","369"
"Gross Value Added at Current Basic Prices","2016","Manufacture of machinery and equipment n.e.c. (28)","Euro Million","1252"
"Gross Value Added at Current Basic Prices","2016","Motor vehicles, trailers and semi-trailers (29)","Euro Million",""
"Gross Value Added at Current Basic Prices","2016","Other transport equipment (30)","Euro Million",""
"Gross Value Added at Current Basic Prices","2016","Furniture and other manufacturing (31,32)","Euro Million","4605"
"Gross Value Added at Current Basic Prices","2016","Repair and installation of machinery and equipment (33 )","Euro Million","378"
"Gross Value Added at Current Basic Prices","2016","Electricity, gas, steam and air conditioning supply (D)","Euro Million","2818"
"Gross Value Added at Current Basic Prices","2016","Electricity, gas, steam and air conditioning supply (35)","Euro Million","2818"
"Gross Value Added at Current Basic Prices","2016","Water supply; sewerage, waste management and remediation activities (E)","Euro Million","1079"
"Gross Value Added at Current Basic Prices","2016","Water collection, treatment and supply (36)","Euro Million","327"
"Gross Value Added at Current Basic Prices","2016","Sewerage, waste management and remediation activities (37 to 39)","Euro Million","752"
"Gross Value Added at Current Basic Prices","2016","Construction (F)","Euro Million","6188"
"Gross Value Added at Current Basic Prices","2016","Construction (41 to 43)","Euro Million","6188"
"Gross Value Added at Current Basic Prices","2016","Wholesale and retail trade; repair of motor vehicles and motorcycles (G)","Euro Million","21949"
"Gross Value Added at Current Basic Prices","2016","Wholesale and retail trade and repair of vehicles  (45)","Euro Million","1645"
"Gross Value Added at Current Basic Prices","2016","Wholesale trade (46)","Euro Million","11241"
"Gross Value Added at Current Basic Prices","2016","Retail trade (47)","Euro Million","9063"
"Gross Value Added at Current Basic Prices","2016","Transportation and storage (H)","Euro Million","6789"
"Gross Value Added at Current Basic Prices","2016","Land transport (49)","Euro Million","2378"
"Gross Value Added at Current Basic Prices","2016","Water transport (50)","Euro Million","70"
"Gross Value Added at Current Basic Prices","2016","Air transport (51)","Euro Million",""
"Gross Value Added at Current Basic Prices","2016","Warehousing and support activities for transportation (52)","Euro Million",""
"Gross Value Added at Current Basic Prices","2016","Postal and courier activities (53)","Euro Million","791"
"Gross Value Added at Current Basic Prices","2016","Accommodation and food service activities (I)","Euro Million","4769"
"Gross Value Added at Current Basic Prices","2016","Accommodation and food service activities (55,56)","Euro Million","4769"
"Gross Value Added at Current Basic Prices","2016","Information and communication (J)","Euro Million","25375"
"Gross Value Added at Current Basic Prices","2016","Publishing activities (58)","Euro Million",""
"Gross Value Added at Current Basic Prices","2016","Audiovisual and broadcasting services (59,60)","Euro Million",""
"Gross Value Added at Current Basic Prices","2016","Telecommunications (61)","Euro Million","1893"
"Gross Value Added at Current Basic Prices","2016","Computer programming, consultancy and Information service activities (62,63)","Euro Million",""
"Gross Value Added at Current Basic Prices","2016","Financial and insurance activities (K)","Euro Million","15368"
"Gross Value Added at Current Basic Prices","2016","Financial service activities (64)","Euro Million","8379"
"Gross Value Added at Current Basic Prices","2016","Insurance, reinsurance and pension funding, except compulsory social security (65)","Euro Million","3637"
"Gross Value Added at Current Basic Prices","2016","Activities auxiliary to financial services and insurance activities (66)","Euro Million","3352"
"Gross Value Added at Current Basic Prices","2016","Real estate activities (L)","Euro Million","15582"
"Gross Value Added at Current Basic Prices","2016","Real estate activities (68)","Euro Million","15582"
"Gross Value Added at Current Basic Prices","2016","Real estate activities of which: imputed rents of owner-occupied dwellings","Euro Million","11043"
"Gross Value Added at Current Basic Prices","2016","Professional, scientific and technical activities (M)","Euro Million","10029"
"Gross Value Added at Current Basic Prices","2016","Legal and accounting activities; head offices and management consultancy activities (69,70)","Euro Million","5834"
"Gross Value Added at Current Basic Prices","2016","Architectural and engineering activities; technical testing and analysis (71)","Euro Million","1887"
"Gross Value Added at Current Basic Prices","2016","Scientific research and development (72)","Euro Million","551"
"Gross Value Added at Current Basic Prices","2016","Advertising and market research (73)","Euro Million","798"
"Gross Value Added at Current Basic Prices","2016","Other professional, scientific, technical and veterinary activities (74,75)","Euro Million","959"
"Gross Value Added at Current Basic Prices","2016","Administrative and support service activities (N)","Euro Million","20007"
"Gross Value Added at Current Basic Prices","2016","Rental and leasing activities  (77)","Euro Million","15701"
"Gross Value Added at Current Basic Prices","2016","Employment activities (78)","Euro Million","1562"
"Gross Value Added at Current Basic Prices","2016","Travel agency and tourism service activities (79)","Euro Million","338"
"Gross Value Added at Current Basic Prices","2016","Administrative and support service activities (80 to 82)","Euro Million","2407"
"Gross Value Added at Current Basic Prices","2016","Public administration and defence; compulsory social security (O)","Euro Million","8262"
"Gross Value Added at Current Basic Prices","2016","Public administration and defence; compulsory social security (84)","Euro Million","8262"
"Gross Value Added at Current Basic Prices","2016","Education (P)","Euro Million","8473"
"Gross Value Added at Current Basic Prices","2016","Education (85)","Euro Million","8473"
"Gross Value Added at Current Basic Prices","2016","Human health and social work activities (Q)","Euro Million","13389"
"Gross Value Added at Current Basic Prices","2016","Human health activities (86)","Euro Million","9394"
"Gross Value Added at Current Basic Prices","2016","Residential care and social work activities (87,88)","Euro Million","3995"
"Gross Value Added at Current Basic Prices","2016","Arts, entertainment and recreation (R)","Euro Million","2088"
"Gross Value Added at Current Basic Prices","2016","Arts, entertainment and recreation (90 to 92)","Euro Million","1192"
"Gross Value Added at Current Basic Prices","2016","Sports activities and amusement and recreation activities (93)","Euro Million","896"
"Gross Value Added at Current Basic Prices","2016","Other service activities (S)","Euro Million","1520"
"Gross Value Added at Current Basic Prices","2016","Activities of membership organisations (94)","Euro Million","654"
"Gross Value Added at Current Basic Prices","2016","Repair of computers and personal and household goods (95)","Euro Million","71"
"Gross Value Added at Current Basic Prices","2016","Other personal service activities (96)","Euro Million","795"
"Gross Value Added at Current Basic Prices","2016","Activities of households as employers; producing activities of households for own use (T)","Euro Million","70"
"Gross Value Added at Current Basic Prices","2016","Activities of households as employers; producing activities of households for own use (97,98)","Euro Million","70"
"Gross Value Added at Current Basic Prices","2016","Activities of extraterritorial organisations and bodies (U)","Euro Million","5"
"Gross Value Added at Current Basic Prices","2016","Activities of extraterritorial organisations and bodies (99)","Euro Million","5"
"Gross Value Added at Current Basic Prices","2017","Agriculture, forestry and fishing (A)","Euro Million","3413"
"Gross Value Added at Current Basic Prices","2017","Crop and animal production, hunting and related service activities (01)","Euro Million","3191"
"Gross Value Added at Current Basic Prices","2017","Forestry and logging (02)","Euro Million","48"
"Gross Value Added at Current Basic Prices","2017","Fishing and aquaculture (03)","Euro Million","174"
"Gross Value Added at Current Basic Prices","2017","Mining and quarrying (B)","Euro Million","609"
"Gross Value Added at Current Basic Prices","2017","Mining and quarrying (05 to 09)","Euro Million","609"
"Gross Value Added at Current Basic Prices","2017","Manufacturing (C)","Euro Million","99169"
"Gross Value Added at Current Basic Prices","2017","Food products, beverages and tobacco (10 to 12)","Euro Million","8643"
"Gross Value Added at Current Basic Prices","2017","Textiles, wearing apparel and leather products (13 to 15)","Euro Million","155"
"Gross Value Added at Current Basic Prices","2017","Wood and wood products, except furniture (16)","Euro Million","277"
"Gross Value Added at Current Basic Prices","2017","Pulp, paper and paper products (17)","Euro Million","218"
"Gross Value Added at Current Basic Prices","2017","Printing and reproduction of recorded media (18)","Euro Million","300"
"Gross Value Added at Current Basic Prices","2017","Coke and refined petroleum products (19)","Euro Million",""
"Gross Value Added at Current Basic Prices","2017","Chemicals and chemical products (20)","Euro Million",""
"Gross Value Added at Current Basic Prices","2017","Basic pharmaceutical products and preparations (21)","Euro Million",""
"Gross Value Added at Current Basic Prices","2017","Rubber and plastic products (22)","Euro Million","624"
"Gross Value Added at Current Basic Prices","2017","Other non-metallic mineral products (23)","Euro Million","870"
"Gross Value Added at Current Basic Prices","2017","Basic metals (24)","Euro Million","305"
"Gross Value Added at Current Basic Prices","2017","Fabricated metal products (25)","Euro Million","1054"
"Gross Value Added at Current Basic Prices","2017","Computer, electronic and optical products (26)","Euro Million",""
"Gross Value Added at Current Basic Prices","2017","Electrical equipment (27)","Euro Million","401"
"Gross Value Added at Current Basic Prices","2017","Manufacture of machinery and equipment n.e.c. (28)","Euro Million","1242"
"Gross Value Added at Current Basic Prices","2017","Motor vehicles, trailers and semi-trailers (29)","Euro Million",""
"Gross Value Added at Current Basic Prices","2017","Other transport equipment (30)","Euro Million",""
"Gross Value Added at Current Basic Prices","2017","Furniture and other manufacturing (31,32)","Euro Million","7159"
"Gross Value Added at Current Basic Prices","2017","Repair and installation of machinery and equipment (33 )","Euro Million","423"
"Gross Value Added at Current Basic Prices","2017","Electricity, gas, steam and air conditioning supply (D)","Euro Million","2710"
"Gross Value Added at Current Basic Prices","2017","Electricity, gas, steam and air conditioning supply (35)","Euro Million","2710"
"Gross Value Added at Current Basic Prices","2017","Water supply; sewerage, waste management and remediation activities (E)","Euro Million","1204"
"Gross Value Added at Current Basic Prices","2017","Water collection, treatment and supply (36)","Euro Million","342"
"Gross Value Added at Current Basic Prices","2017","Sewerage, waste management and remediation activities (37 to 39)","Euro Million","862"
"Gross Value Added at Current Basic Prices","2017","Construction (F)","Euro Million","8000"
"Gross Value Added at Current Basic Prices","2017","Construction (41 to 43)","Euro Million","8000"
"Gross Value Added at Current Basic Prices","2017","Wholesale and retail trade; repair of motor vehicles and motorcycles (G)","Euro Million","23281"
"Gross Value Added at Current Basic Prices","2017","Wholesale and retail trade and repair of vehicles  (45)","Euro Million","1692"
"Gross Value Added at Current Basic Prices","2017","Wholesale trade (46)","Euro Million","12176"
"Gross Value Added at Current Basic Prices","2017","Retail trade (47)","Euro Million","9413"
"Gross Value Added at Current Basic Prices","2017","Transportation and storage (H)","Euro Million","6991"
"Gross Value Added at Current Basic Prices","2017","Land transport (49)","Euro Million","2474"
"Gross Value Added at Current Basic Prices","2017","Water transport (50)","Euro Million","69"
"Gross Value Added at Current Basic Prices","2017","Air transport (51)","Euro Million",""
"Gross Value Added at Current Basic Prices","2017","Warehousing and support activities for transportation (52)","Euro Million",""
"Gross Value Added at Current Basic Prices","2017","Postal and courier activities (53)","Euro Million","815"
"Gross Value Added at Current Basic Prices","2017","Accommodation and food service activities (I)","Euro Million","5258"
"Gross Value Added at Current Basic Prices","2017","Accommodation and food service activities (55,56)","Euro Million","5258"
"Gross Value Added at Current Basic Prices","2017","Information and communication (J)","Euro Million","32066"
"Gross Value Added at Current Basic Prices","2017","Publishing activities (58)","Euro Million",""
"Gross Value Added at Current Basic Prices","2017","Audiovisual and broadcasting services (59,60)","Euro Million",""
"Gross Value Added at Current Basic Prices","2017","Telecommunications (61)","Euro Million","2821"
"Gross Value Added at Current Basic Prices","2017","Computer programming, consultancy and Information service activities (62,63)","Euro Million",""
"Gross Value Added at Current Basic Prices","2017","Financial and insurance activities (K)","Euro Million","16345"
"Gross Value Added at Current Basic Prices","2017","Financial service activities (64)","Euro Million","8899"
"Gross Value Added at Current Basic Prices","2017","Insurance, reinsurance and pension funding, except compulsory social security (65)","Euro Million","3916"
"Gross Value Added at Current Basic Prices","2017","Activities auxiliary to financial services and insurance activities (66)","Euro Million","3530"
"Gross Value Added at Current Basic Prices","2017","Real estate activities (L)","Euro Million","16705"
"Gross Value Added at Current Basic Prices","2017","Real estate activities (68)","Euro Million","16705"
"Gross Value Added at Current Basic Prices","2017","Real estate activities of which: imputed rents of owner-occupied dwellings","Euro Million","11845"
"Gross Value Added at Current Basic Prices","2017","Professional, scientific and technical activities (M)","Euro Million","12944"
"Gross Value Added at Current Basic Prices","2017","Legal and accounting activities; head offices and management consultancy activities (69,70)","Euro Million","7770"
"Gross Value Added at Current Basic Prices","2017","Architectural and engineering activities; technical testing and analysis (71)","Euro Million","2158"
"Gross Value Added at Current Basic Prices","2017","Scientific research and development (72)","Euro Million","1034"
"Gross Value Added at Current Basic Prices","2017","Advertising and market research (73)","Euro Million","926"
"Gross Value Added at Current Basic Prices","2017","Other professional, scientific, technical and veterinary activities (74,75)","Euro Million","1056"
"Gross Value Added at Current Basic Prices","2017","Administrative and support service activities (N)","Euro Million","21533"
"Gross Value Added at Current Basic Prices","2017","Rental and leasing activities  (77)","Euro Million","16586"
"Gross Value Added at Current Basic Prices","2017","Employment activities (78)","Euro Million","1633"
"Gross Value Added at Current Basic Prices","2017","Travel agency and tourism service activities (79)","Euro Million","394"
"Gross Value Added at Current Basic Prices","2017","Administrative and support service activities (80 to 82)","Euro Million","2920"
"Gross Value Added at Current Basic Prices","2017","Public administration and defence; compulsory social security (O)","Euro Million","8614"
"Gross Value Added at Current Basic Prices","2017","Public administration and defence; compulsory social security (84)","Euro Million","8614"
"Gross Value Added at Current Basic Prices","2017","Education (P)","Euro Million","9052"
"Gross Value Added at Current Basic Prices","2017","Education (85)","Euro Million","9052"
"Gross Value Added at Current Basic Prices","2017","Human health and social work activities (Q)","Euro Million","14325"
"Gross Value Added at Current Basic Prices","2017","Human health activities (86)","Euro Million","10082"
"Gross Value Added at Current Basic Prices","2017","Residential care and social work activities (87,88)","Euro Million","4243"
"Gross Value Added at Current Basic Prices","2017","Arts, entertainment and recreation (R)","Euro Million","2406"
"Gross Value Added at Current Basic Prices","2017","Arts, entertainment and recreation (90 to 92)","Euro Million","1464"
"Gross Value Added at Current Basic Prices","2017","Sports activities and amusement and recreation activities (93)","Euro Million","942"
"Gross Value Added at Current Basic Prices","2017","Other service activities (S)","Euro Million","1718"
"Gross Value Added at Current Basic Prices","2017","Activities of membership organisations (94)","Euro Million","709"
"Gross Value Added at Current Basic Prices","2017","Repair of computers and personal and household goods (95)","Euro Million","85"
"Gross Value Added at Current Basic Prices","2017","Other personal service activities (96)","Euro Million","923"
"Gross Value Added at Current Basic Prices","2017","Activities of households as employers; producing activities of households for own use (T)","Euro Million","164"
"Gross Value Added at Current Basic Prices","2017","Activities of households as employers; producing activities of households for own use (97,98)","Euro Million","164"
"Gross Value Added at Current Basic Prices","2017","Activities of extraterritorial organisations and bodies (U)","Euro Million","6"
"Gross Value Added at Current Basic Prices","2017","Activities of extraterritorial organisations and bodies (99)","Euro Million","6"
"Gross Value Added at Current Basic Prices","2018","Agriculture, forestry and fishing (A)","Euro Million","3067"
"Gross Value Added at Current Basic Prices","2018","Crop and animal production, hunting and related service activities (01)","Euro Million","2833"
"Gross Value Added at Current Basic Prices","2018","Forestry and logging (02)","Euro Million","54"
"Gross Value Added at Current Basic Prices","2018","Fishing and aquaculture (03)","Euro Million","181"
"Gross Value Added at Current Basic Prices","2018","Mining and quarrying (B)","Euro Million","616"
"Gross Value Added at Current Basic Prices","2018","Mining and quarrying (05 to 09)","Euro Million","616"
"Gross Value Added at Current Basic Prices","2018","Manufacturing (C)","Euro Million","109857"
"Gross Value Added at Current Basic Prices","2018","Food products, beverages and tobacco (10 to 12)","Euro Million","9053"
"Gross Value Added at Current Basic Prices","2018","Textiles, wearing apparel and leather products (13 to 15)","Euro Million","158"
"Gross Value Added at Current Basic Prices","2018","Wood and wood products, except furniture (16)","Euro Million","321"
"Gross Value Added at Current Basic Prices","2018","Pulp, paper and paper products (17)","Euro Million","230"
"Gross Value Added at Current Basic Prices","2018","Printing and reproduction of recorded media (18)","Euro Million","303"
"Gross Value Added at Current Basic Prices","2018","Coke and refined petroleum products (19)","Euro Million",""
"Gross Value Added at Current Basic Prices","2018","Chemicals and chemical products (20)","Euro Million",""
"Gross Value Added at Current Basic Prices","2018","Basic pharmaceutical products and preparations (21)","Euro Million",""
"Gross Value Added at Current Basic Prices","2018","Rubber and plastic products (22)","Euro Million","642"
"Gross Value Added at Current Basic Prices","2018","Other non-metallic mineral products (23)","Euro Million","884"
"Gross Value Added at Current Basic Prices","2018","Basic metals (24)","Euro Million","303"
"Gross Value Added at Current Basic Prices","2018","Fabricated metal products (25)","Euro Million","1079"
"Gross Value Added at Current Basic Prices","2018","Computer, electronic and optical products (26)","Euro Million",""
"Gross Value Added at Current Basic Prices","2018","Electrical equipment (27)","Euro Million","445"
"Gross Value Added at Current Basic Prices","2018","Manufacture of machinery and equipment n.e.c. (28)","Euro Million","1275"
"Gross Value Added at Current Basic Prices","2018","Motor vehicles, trailers and semi-trailers (29)","Euro Million",""
"Gross Value Added at Current Basic Prices","2018","Other transport equipment (30)","Euro Million",""
"Gross Value Added at Current Basic Prices","2018","Furniture and other manufacturing (31,32)","Euro Million","5759"
"Gross Value Added at Current Basic Prices","2018","Repair and installation of machinery and equipment (33 )","Euro Million","433"
"Gross Value Added at Current Basic Prices","2018","Electricity, gas, steam and air conditioning supply (D)","Euro Million","2947"
"Gross Value Added at Current Basic Prices","2018","Electricity, gas, steam and air conditioning supply (35)","Euro Million","2947"
"Gross Value Added at Current Basic Prices","2018","Water supply; sewerage, waste management and remediation activities (E)","Euro Million","1312"
"Gross Value Added at Current Basic Prices","2018","Water collection, treatment and supply (36)","Euro Million","381"
"Gross Value Added at Current Basic Prices","2018","Sewerage, waste management and remediation activities (37 to 39)","Euro Million","931"
"Gross Value Added at Current Basic Prices","2018","Construction (F)","Euro Million","8645"
"Gross Value Added at Current Basic Prices","2018","Construction (41 to 43)","Euro Million","8645"
"Gross Value Added at Current Basic Prices","2018","Wholesale and retail trade; repair of motor vehicles and motorcycles (G)","Euro Million","24532"
"Gross Value Added at Current Basic Prices","2018","Wholesale and retail trade and repair of vehicles  (45)","Euro Million","1707"
"Gross Value Added at Current Basic Prices","2018","Wholesale trade (46)","Euro Million","12702"
"Gross Value Added at Current Basic Prices","2018","Retail trade (47)","Euro Million","10122"
"Gross Value Added at Current Basic Prices","2018","Transportation and storage (H)","Euro Million","6364"
"Gross Value Added at Current Basic Prices","2018","Land transport (49)","Euro Million","2594"
"Gross Value Added at Current Basic Prices","2018","Water transport (50)","Euro Million","61"
"Gross Value Added at Current Basic Prices","2018","Air transport (51)","Euro Million",""
"Gross Value Added at Current Basic Prices","2018","Warehousing and support activities for transportation (52)","Euro Million",""
"Gross Value Added at Current Basic Prices","2018","Postal and courier activities (53)","Euro Million","871"
"Gross Value Added at Current Basic Prices","2018","Accommodation and food service activities (I)","Euro Million","5587"
"Gross Value Added at Current Basic Prices","2018","Accommodation and food service activities (55,56)","Euro Million","5587"
"Gross Value Added at Current Basic Prices","2018","Information and communication (J)","Euro Million","40079"
"Gross Value Added at Current Basic Prices","2018","Publishing activities (58)","Euro Million",""
"Gross Value Added at Current Basic Prices","2018","Audiovisual and broadcasting services (59,60)","Euro Million",""
"Gross Value Added at Current Basic Prices","2018","Telecommunications (61)","Euro Million","3107"
"Gross Value Added at Current Basic Prices","2018","Computer programming, consultancy and Information service activities (62,63)","Euro Million",""
"Gross Value Added at Current Basic Prices","2018","Financial and insurance activities (K)","Euro Million","17035"
"Gross Value Added at Current Basic Prices","2018","Financial service activities (64)","Euro Million","9589"
"Gross Value Added at Current Basic Prices","2018","Insurance, reinsurance and pension funding, except compulsory social security (65)","Euro Million","3946"
"Gross Value Added at Current Basic Prices","2018","Activities auxiliary to financial services and insurance activities (66)","Euro Million","3500"
"Gross Value Added at Current Basic Prices","2018","Real estate activities (L)","Euro Million","18869"
"Gross Value Added at Current Basic Prices","2018","Real estate activities (68)","Euro Million","18869"
"Gross Value Added at Current Basic Prices","2018","Real estate activities of which: imputed rents of owner-occupied dwellings","Euro Million","13027"
"Gross Value Added at Current Basic Prices","2018","Professional, scientific and technical activities (M)","Euro Million","15557"
"Gross Value Added at Current Basic Prices","2018","Legal and accounting activities; head offices and management consultancy activities (69,70)","Euro Million","9663"
"Gross Value Added at Current Basic Prices","2018","Architectural and engineering activities; technical testing and analysis (71)","Euro Million","2638"
"Gross Value Added at Current Basic Prices","2018","Scientific research and development (72)","Euro Million","1050"
"Gross Value Added at Current Basic Prices","2018","Advertising and market research (73)","Euro Million","1061"
"Gross Value Added at Current Basic Prices","2018","Other professional, scientific, technical and veterinary activities (74,75)","Euro Million","1144"
"Gross Value Added at Current Basic Prices","2018","Administrative and support service activities (N)","Euro Million","22158"
"Gross Value Added at Current Basic Prices","2018","Rental and leasing activities  (77)","Euro Million","16699"
"Gross Value Added at Current Basic Prices","2018","Employment activities (78)","Euro Million","1861"
"Gross Value Added at Current Basic Prices","2018","Travel agency and tourism service activities (79)","Euro Million","395"
"Gross Value Added at Current Basic Prices","2018","Administrative and support service activities (80 to 82)","Euro Million","3202"
"Gross Value Added at Current Basic Prices","2018","Public administration and defence; compulsory social security (O)","Euro Million","9025"
"Gross Value Added at Current Basic Prices","2018","Public administration and defence; compulsory social security (84)","Euro Million","9025"
"Gross Value Added at Current Basic Prices","2018","Education (P)","Euro Million","9538"
"Gross Value Added at Current Basic Prices","2018","Education (85)","Euro Million","9538"
"Gross Value Added at Current Basic Prices","2018","Human health and social work activities (Q)","Euro Million","15084"
"Gross Value Added at Current Basic Prices","2018","Human health activities (86)","Euro Million","10618"
"Gross Value Added at Current Basic Prices","2018","Residential care and social work activities (87,88)","Euro Million","4467"
"Gross Value Added at Current Basic Prices","2018","Arts, entertainment and recreation (R)","Euro Million","2556"
"Gross Value Added at Current Basic Prices","2018","Arts, entertainment and recreation (90 to 92)","Euro Million","1583"
"Gross Value Added at Current Basic Prices","2018","Sports activities and amusement and recreation activities (93)","Euro Million","973"
"Gross Value Added at Current Basic Prices","2018","Other service activities (S)","Euro Million","1805"
"Gross Value Added at Current Basic Prices","2018","Activities of membership organisations (94)","Euro Million","743"
"Gross Value Added at Current Basic Prices","2018","Repair of computers and personal and household goods (95)","Euro Million","90"
"Gross Value Added at Current Basic Prices","2018","Other personal service activities (96)","Euro Million","972"
"Gross Value Added at Current Basic Prices","2018","Activities of households as employers; producing activities of households for own use (T)","Euro Million","184"
"Gross Value Added at Current Basic Prices","2018","Activities of households as employers; producing activities of households for own use (97,98)","Euro Million","184"
"Gross Value Added at Current Basic Prices","2018","Activities of extraterritorial organisations and bodies (U)","Euro Million","7"
"Gross Value Added at Current Basic Prices","2018","Activities of extraterritorial organisations and bodies (99)","Euro Million","7"
"Gross Value Added at Current Basic Prices","2019","Agriculture, forestry and fishing (A)","Euro Million","3435"
"Gross Value Added at Current Basic Prices","2019","Crop and animal production, hunting and related service activities (01)","Euro Million","3195"
"Gross Value Added at Current Basic Prices","2019","Forestry and logging (02)","Euro Million","58"
"Gross Value Added at Current Basic Prices","2019","Fishing and aquaculture (03)","Euro Million","183"
"Gross Value Added at Current Basic Prices","2019","Mining and quarrying (B)","Euro Million","504"
"Gross Value Added at Current Basic Prices","2019","Mining and quarrying (05 to 09)","Euro Million","504"
"Gross Value Added at Current Basic Prices","2019","Manufacturing (C)","Euro Million","116147"
"Gross Value Added at Current Basic Prices","2019","Food products, beverages and tobacco (10 to 12)","Euro Million","7739"
"Gross Value Added at Current Basic Prices","2019","Textiles, wearing apparel and leather products (13 to 15)","Euro Million","161"
"Gross Value Added at Current Basic Prices","2019","Wood and wood products, except furniture (16)","Euro Million","354"
"Gross Value Added at Current Basic Prices","2019","Pulp, paper and paper products (17)","Euro Million","227"
"Gross Value Added at Current Basic Prices","2019","Printing and reproduction of recorded media (18)","Euro Million","308"
"Gross Value Added at Current Basic Prices","2019","Coke and refined petroleum products (19)","Euro Million",""
"Gross Value Added at Current Basic Prices","2019","Chemicals and chemical products (20)","Euro Million",""
"Gross Value Added at Current Basic Prices","2019","Basic pharmaceutical products and preparations (21)","Euro Million",""
"Gross Value Added at Current Basic Prices","2019","Rubber and plastic products (22)","Euro Million","660"
"Gross Value Added at Current Basic Prices","2019","Other non-metallic mineral products (23)","Euro Million","1011"
"Gross Value Added at Current Basic Prices","2019","Basic metals (24)","Euro Million","380"
"Gross Value Added at Current Basic Prices","2019","Fabricated metal products (25)","Euro Million","1127"
"Gross Value Added at Current Basic Prices","2019","Computer, electronic and optical products (26)","Euro Million",""
"Gross Value Added at Current Basic Prices","2019","Electrical equipment (27)","Euro Million","428"
"Gross Value Added at Current Basic Prices","2019","Manufacture of machinery and equipment n.e.c. (28)","Euro Million","1352"
"Gross Value Added at Current Basic Prices","2019","Motor vehicles, trailers and semi-trailers (29)","Euro Million",""
"Gross Value Added at Current Basic Prices","2019","Other transport equipment (30)","Euro Million",""
"Gross Value Added at Current Basic Prices","2019","Furniture and other manufacturing (31,32)","Euro Million","9450"
"Gross Value Added at Current Basic Prices","2019","Repair and installation of machinery and equipment (33 )","Euro Million","505"
"Gross Value Added at Current Basic Prices","2019","Electricity, gas, steam and air conditioning supply (D)","Euro Million","2805"
"Gross Value Added at Current Basic Prices","2019","Electricity, gas, steam and air conditioning supply (35)","Euro Million","2805"
"Gross Value Added at Current Basic Prices","2019","Water supply; sewerage, waste management and remediation activities (E)","Euro Million","1466"
"Gross Value Added at Current Basic Prices","2019","Water collection, treatment and supply (36)","Euro Million","426"
"Gross Value Added at Current Basic Prices","2019","Sewerage, waste management and remediation activities (37 to 39)","Euro Million","1040"
"Gross Value Added at Current Basic Prices","2019","Construction (F)","Euro Million","9461"
"Gross Value Added at Current Basic Prices","2019","Construction (41 to 43)","Euro Million","9461"
"Gross Value Added at Current Basic Prices","2019","Wholesale and retail trade; repair of motor vehicles and motorcycles (G)","Euro Million","24734"
"Gross Value Added at Current Basic Prices","2019","Wholesale and retail trade and repair of vehicles  (45)","Euro Million","1788"
"Gross Value Added at Current Basic Prices","2019","Wholesale trade (46)","Euro Million","13308"
"Gross Value Added at Current Basic Prices","2019","Retail trade (47)","Euro Million","9638"
"Gross Value Added at Current Basic Prices","2019","Transportation and storage (H)","Euro Million","7108"
"Gross Value Added at Current Basic Prices","2019","Land transport (49)","Euro Million","2896"
"Gross Value Added at Current Basic Prices","2019","Water transport (50)","Euro Million","64"
"Gross Value Added at Current Basic Prices","2019","Air transport (51)","Euro Million",""
"Gross Value Added at Current Basic Prices","2019","Warehousing and support activities for transportation (52)","Euro Million",""
"Gross Value Added at Current Basic Prices","2019","Postal and courier activities (53)","Euro Million","934"
"Gross Value Added at Current Basic Prices","2019","Accommodation and food service activities (I)","Euro Million","5710"
"Gross Value Added at Current Basic Prices","2019","Accommodation and food service activities (55,56)","Euro Million","5710"
"Gross Value Added at Current Basic Prices","2019","Information and communication (J)","Euro Million","51151"
"Gross Value Added at Current Basic Prices","2019","Publishing activities (58)","Euro Million",""
"Gross Value Added at Current Basic Prices","2019","Audiovisual and broadcasting services (59,60)","Euro Million",""
"Gross Value Added at Current Basic Prices","2019","Telecommunications (61)","Euro Million","3291"
"Gross Value Added at Current Basic Prices","2019","Computer programming, consultancy and Information service activities (62,63)","Euro Million",""
"Gross Value Added at Current Basic Prices","2019","Financial and insurance activities (K)","Euro Million","17039"
"Gross Value Added at Current Basic Prices","2019","Financial service activities (64)","Euro Million","8789"
"Gross Value Added at Current Basic Prices","2019","Insurance, reinsurance and pension funding, except compulsory social security (65)","Euro Million","4196"
"Gross Value Added at Current Basic Prices","2019","Activities auxiliary to financial services and insurance activities (66)","Euro Million","4054"
"Gross Value Added at Current Basic Prices","2019","Real estate activities (L)","Euro Million","20317"
"Gross Value Added at Current Basic Prices","2019","Real estate activities (68)","Euro Million","20317"
"Gross Value Added at Current Basic Prices","2019","Real estate activities of which: imputed rents of owner-occupied dwellings","Euro Million","14410"
"Gross Value Added at Current Basic Prices","2019","Professional, scientific and technical activities (M)","Euro Million","18011"
"Gross Value Added at Current Basic Prices","2019","Legal and accounting activities; head offices and management consultancy activities (69,70)","Euro Million","11547"
"Gross Value Added at Current Basic Prices","2019","Architectural and engineering activities; technical testing and analysis (71)","Euro Million","2856"
"Gross Value Added at Current Basic Prices","2019","Scientific research and development (72)","Euro Million","1199"
"Gross Value Added at Current Basic Prices","2019","Advertising and market research (73)","Euro Million","1277"
"Gross Value Added at Current Basic Prices","2019","Other professional, scientific, technical and veterinary activities (74,75)","Euro Million","1132"
"Gross Value Added at Current Basic Prices","2019","Administrative and support service activities (N)","Euro Million","24249"
"Gross Value Added at Current Basic Prices","2019","Rental and leasing activities  (77)","Euro Million","18103"
"Gross Value Added at Current Basic Prices","2019","Employment activities (78)","Euro Million","2258"
"Gross Value Added at Current Basic Prices","2019","Travel agency and tourism service activities (79)","Euro Million","347"
"Gross Value Added at Current Basic Prices","2019","Administrative and support service activities (80 to 82)","Euro Million","3542"
"Gross Value Added at Current Basic Prices","2019","Public administration and defence; compulsory social security (O)","Euro Million","9612"
"Gross Value Added at Current Basic Prices","2019","Public administration and defence; compulsory social security (84)","Euro Million","9612"
"Gross Value Added at Current Basic Prices","2019","Education (P)","Euro Million","10024"
"Gross Value Added at Current Basic Prices","2019","Education (85)","Euro Million","10024"
"Gross Value Added at Current Basic Prices","2019","Human health and social work activities (Q)","Euro Million","16249"
"Gross Value Added at Current Basic Prices","2019","Human health activities (86)","Euro Million","11613"
"Gross Value Added at Current Basic Prices","2019","Residential care and social work activities (87,88)","Euro Million","4636"
"Gross Value Added at Current Basic Prices","2019","Arts, entertainment and recreation (R)","Euro Million","2681"
"Gross Value Added at Current Basic Prices","2019","Arts, entertainment and recreation (90 to 92)","Euro Million","1672"
"Gross Value Added at Current Basic Prices","2019","Sports activities and amusement and recreation activities (93)","Euro Million","1009"
"Gross Value Added at Current Basic Prices","2019","Other service activities (S)","Euro Million","1860"
"Gross Value Added at Current Basic Prices","2019","Activities of membership organisations (94)","Euro Million","746"
"Gross Value Added at Current Basic Prices","2019","Repair of computers and personal and household goods (95)","Euro Million","95"
"Gross Value Added at Current Basic Prices","2019","Other personal service activities (96)","Euro Million","1018"
"Gross Value Added at Current Basic Prices","2019","Activities of households as employers; producing activities of households for own use (T)","Euro Million","189"
"Gross Value Added at Current Basic Prices","2019","Activities of households as employers; producing activities of households for own use (97,98)","Euro Million","189"
"Gross Value Added at Current Basic Prices","2019","Activities of extraterritorial organisations and bodies (U)","Euro Million","6"
"Gross Value Added at Current Basic Prices","2019","Activities of extraterritorial organisations and bodies (99)","Euro Million","6"
"Gross Value Added at Current Basic Prices","2020","Agriculture, forestry and fishing (A)","Euro Million","3908"
"Gross Value Added at Current Basic Prices","2020","Crop and animal production, hunting and related service activities (01)","Euro Million","3707"
"Gross Value Added at Current Basic Prices","2020","Forestry and logging (02)","Euro Million","62"
"Gross Value Added at Current Basic Prices","2020","Fishing and aquaculture (03)","Euro Million","138"
"Gross Value Added at Current Basic Prices","2020","Mining and quarrying (B)","Euro Million","327"
"Gross Value Added at Current Basic Prices","2020","Mining and quarrying (05 to 09)","Euro Million","327"
"Gross Value Added at Current Basic Prices","2020","Manufacturing (C)","Euro Million","127845"
"Gross Value Added at Current Basic Prices","2020","Food products, beverages and tobacco (10 to 12)","Euro Million","7721"
"Gross Value Added at Current Basic Prices","2020","Textiles, wearing apparel and leather products (13 to 15)","Euro Million","147"
"Gross Value Added at Current Basic Prices","2020","Wood and wood products, except furniture (16)","Euro Million","327"
"Gross Value Added at Current Basic Prices","2020","Pulp, paper and paper products (17)","Euro Million","231"
"Gross Value Added at Current Basic Prices","2020","Printing and reproduction of recorded media (18)","Euro Million","275"
"Gross Value Added at Current Basic Prices","2020","Coke and refined petroleum products (19)","Euro Million",""
"Gross Value Added at Current Basic Prices","2020","Chemicals and chemical products (20)","Euro Million",""
"Gross Value Added at Current Basic Prices","2020","Basic pharmaceutical products and preparations (21)","Euro Million",""
"Gross Value Added at Current Basic Prices","2020","Rubber and plastic products (22)","Euro Million","713"
"Gross Value Added at Current Basic Prices","2020","Other non-metallic mineral products (23)","Euro Million","1031"
"Gross Value Added at Current Basic Prices","2020","Basic metals (24)","Euro Million","349"
"Gross Value Added at Current Basic Prices","2020","Fabricated metal products (25)","Euro Million","1043"
"Gross Value Added at Current Basic Prices","2020","Computer, electronic and optical products (26)","Euro Million",""
"Gross Value Added at Current Basic Prices","2020","Electrical equipment (27)","Euro Million","467"
"Gross Value Added at Current Basic Prices","2020","Manufacture of machinery and equipment n.e.c. (28)","Euro Million","1817"
"Gross Value Added at Current Basic Prices","2020","Motor vehicles, trailers and semi-trailers (29)","Euro Million",""
"Gross Value Added at Current Basic Prices","2020","Other transport equipment (30)","Euro Million",""
"Gross Value Added at Current Basic Prices","2020","Furniture and other manufacturing (31,32)","Euro Million","8336"
"Gross Value Added at Current Basic Prices","2020","Repair and installation of machinery and equipment (33 )","Euro Million","493"
"Gross Value Added at Current Basic Prices","2020","Electricity, gas, steam and air conditioning supply (D)","Euro Million","2926"
"Gross Value Added at Current Basic Prices","2020","Electricity, gas, steam and air conditioning supply (35)","Euro Million","2926"
"Gross Value Added at Current Basic Prices","2020","Water supply; sewerage, waste management and remediation activities (E)","Euro Million","1358"
"Gross Value Added at Current Basic Prices","2020","Water collection, treatment and supply (36)","Euro Million","414"
"Gross Value Added at Current Basic Prices","2020","Sewerage, waste management and remediation activities (37 to 39)","Euro Million","945"
"Gross Value Added at Current Basic Prices","2020","Construction (F)","Euro Million","8492"
"Gross Value Added at Current Basic Prices","2020","Construction (41 to 43)","Euro Million","8492"
"Gross Value Added at Current Basic Prices","2020","Wholesale and retail trade; repair of motor vehicles and motorcycles (G)","Euro Million","26033"
"Gross Value Added at Current Basic Prices","2020","Wholesale and retail trade and repair of vehicles  (45)","Euro Million","1738"
"Gross Value Added at Current Basic Prices","2020","Wholesale trade (46)","Euro Million","14785"
"Gross Value Added at Current Basic Prices","2020","Retail trade (47)","Euro Million","9510"
"Gross Value Added at Current Basic Prices","2020","Transportation and storage (H)","Euro Million","3944"
"Gross Value Added at Current Basic Prices","2020","Land transport (49)","Euro Million","2943"
"Gross Value Added at Current Basic Prices","2020","Water transport (50)","Euro Million","49"
"Gross Value Added at Current Basic Prices","2020","Air transport (51)","Euro Million",""
"Gross Value Added at Current Basic Prices","2020","Warehousing and support activities for transportation (52)","Euro Million",""
"Gross Value Added at Current Basic Prices","2020","Postal and courier activities (53)","Euro Million","999"
"Gross Value Added at Current Basic Prices","2020","Accommodation and food service activities (I)","Euro Million","2750"
"Gross Value Added at Current Basic Prices","2020","Accommodation and food service activities (55,56)","Euro Million","2750"
"Gross Value Added at Current Basic Prices","2020","Information and communication (J)","Euro Million","60830"
"Gross Value Added at Current Basic Prices","2020","Publishing activities (58)","Euro Million",""
"Gross Value Added at Current Basic Prices","2020","Audiovisual and broadcasting services (59,60)","Euro Million",""
"Gross Value Added at Current Basic Prices","2020","Telecommunications (61)","Euro Million","3335"
"Gross Value Added at Current Basic Prices","2020","Computer programming, consultancy and Information service activities (62,63)","Euro Million",""
"Gross Value Added at Current Basic Prices","2020","Financial and insurance activities (K)","Euro Million","15055"
"Gross Value Added at Current Basic Prices","2020","Financial service activities (64)","Euro Million","7674"
"Gross Value Added at Current Basic Prices","2020","Insurance, reinsurance and pension funding, except compulsory social security (65)","Euro Million","3060"
"Gross Value Added at Current Basic Prices","2020","Activities auxiliary to financial services and insurance activities (66)","Euro Million","4321"
"Gross Value Added at Current Basic Prices","2020","Real estate activities (L)","Euro Million","20502"
"Gross Value Added at Current Basic Prices","2020","Real estate activities (68)","Euro Million","20502"
"Gross Value Added at Current Basic Prices","2020","Real estate activities of which: imputed rents of owner-occupied dwellings","Euro Million","14620"
"Gross Value Added at Current Basic Prices","2020","Professional, scientific and technical activities (M)","Euro Million","22037"
"Gross Value Added at Current Basic Prices","2020","Legal and accounting activities; head offices and management consultancy activities (69,70)","Euro Million","15840"
"Gross Value Added at Current Basic Prices","2020","Architectural and engineering activities; technical testing and analysis (71)","Euro Million","3138"
"Gross Value Added at Current Basic Prices","2020","Scientific research and development (72)","Euro Million","1066"
"Gross Value Added at Current Basic Prices","2020","Advertising and market research (73)","Euro Million","894"
"Gross Value Added at Current Basic Prices","2020","Other professional, scientific, technical and veterinary activities (74,75)","Euro Million","1099"
"Gross Value Added at Current Basic Prices","2020","Administrative and support service activities (N)","Euro Million","20986"
"Gross Value Added at Current Basic Prices","2020","Rental and leasing activities  (77)","Euro Million","15525"
"Gross Value Added at Current Basic Prices","2020","Employment activities (78)","Euro Million","1965"
"Gross Value Added at Current Basic Prices","2020","Travel agency and tourism service activities (79)","Euro Million","157"
"Gross Value Added at Current Basic Prices","2020","Administrative and support service activities (80 to 82)","Euro Million","3338"
"Gross Value Added at Current Basic Prices","2020","Public administration and defence; compulsory social security (O)","Euro Million","10153"
"Gross Value Added at Current Basic Prices","2020","Public administration and defence; compulsory social security (84)","Euro Million","10153"
"Gross Value Added at Current Basic Prices","2020","Education (P)","Euro Million","9250"
"Gross Value Added at Current Basic Prices","2020","Education (85)","Euro Million","9250"
"Gross Value Added at Current Basic Prices","2020","Human health and social work activities (Q)","Euro Million","16484"
"Gross Value Added at Current Basic Prices","2020","Human health activities (86)","Euro Million","12028"
"Gross Value Added at Current Basic Prices","2020","Residential care and social work activities (87,88)","Euro Million","4456"
"Gross Value Added at Current Basic Prices","2020","Arts, entertainment and recreation (R)","Euro Million","2132"
"Gross Value Added at Current Basic Prices","2020","Arts, entertainment and recreation (90 to 92)","Euro Million","1442"
"Gross Value Added at Current Basic Prices","2020","Sports activities and amusement and recreation activities (93)","Euro Million","690"
"Gross Value Added at Current Basic Prices","2020","Other service activities (S)","Euro Million","1484"
"Gross Value Added at Current Basic Prices","2020","Activities of membership organisations (94)","Euro Million","690"
"Gross Value Added at Current Basic Prices","2020","Repair of computers and personal and household goods (95)","Euro Million","77"
"Gross Value Added at Current Basic Prices","2020","Other personal service activities (96)","Euro Million","717"
"Gross Value Added at Current Basic Prices","2020","Activities of households as employers; producing activities of households for own use (T)","Euro Million","180"
"Gross Value Added at Current Basic Prices","2020","Activities of households as employers; producing activities of households for own use (97,98)","Euro Million","180"
"Gross Value Added at Current Basic Prices","2020","Activities of extraterritorial organisations and bodies (U)","Euro Million","6"
"Gross Value Added at Current Basic Prices","2020","Activities of extraterritorial organisations and bodies (99)","Euro Million","6"
"Gross Value Added at Current Basic Prices","2021","Agriculture, forestry and fishing (A)","Euro Million","4593"
"Gross Value Added at Current Basic Prices","2021","Crop and animal production, hunting and related service activities (01)","Euro Million","4304"
"Gross Value Added at Current Basic Prices","2021","Forestry and logging (02)","Euro Million","88"
"Gross Value Added at Current Basic Prices","2021","Fishing and aquaculture (03)","Euro Million","201"
"Gross Value Added at Current Basic Prices","2021","Mining and quarrying (B)","Euro Million","556"
"Gross Value Added at Current Basic Prices","2021","Mining and quarrying (05 to 09)","Euro Million","556"
"Gross Value Added at Current Basic Prices","2021","Manufacturing (C)","Euro Million","153632"
"Gross Value Added at Current Basic Prices","2021","Food products, beverages and tobacco (10 to 12)","Euro Million","8414"
"Gross Value Added at Current Basic Prices","2021","Textiles, wearing apparel and leather products (13 to 15)","Euro Million","176"
"Gross Value Added at Current Basic Prices","2021","Wood and wood products, except furniture (16)","Euro Million","471"
"Gross Value Added at Current Basic Prices","2021","Pulp, paper and paper products (17)","Euro Million","260"
"Gross Value Added at Current Basic Prices","2021","Printing and reproduction of recorded media (18)","Euro Million","195"
"Gross Value Added at Current Basic Prices","2021","Coke and refined petroleum products (19)","Euro Million",""
"Gross Value Added at Current Basic Prices","2021","Chemicals and chemical products (20)","Euro Million",""
"Gross Value Added at Current Basic Prices","2021","Basic pharmaceutical products and preparations (21)","Euro Million",""
"Gross Value Added at Current Basic Prices","2021","Rubber and plastic products (22)","Euro Million","853"
"Gross Value Added at Current Basic Prices","2021","Other non-metallic mineral products (23)","Euro Million","1094"
"Gross Value Added at Current Basic Prices","2021","Basic metals (24)","Euro Million","192"
"Gross Value Added at Current Basic Prices","2021","Fabricated metal products (25)","Euro Million","1136"
"Gross Value Added at Current Basic Prices","2021","Computer, electronic and optical products (26)","Euro Million",""
"Gross Value Added at Current Basic Prices","2021","Electrical equipment (27)","Euro Million","411"
"Gross Value Added at Current Basic Prices","2021","Manufacture of machinery and equipment n.e.c. (28)","Euro Million","1276"
"Gross Value Added at Current Basic Prices","2021","Motor vehicles, trailers and semi-trailers (29)","Euro Million",""
"Gross Value Added at Current Basic Prices","2021","Other transport equipment (30)","Euro Million",""
"Gross Value Added at Current Basic Prices","2021","Furniture and other manufacturing (31,32)","Euro Million","10152"
"Gross Value Added at Current Basic Prices","2021","Repair and installation of machinery and equipment (33 )","Euro Million","554"
"Gross Value Added at Current Basic Prices","2021","Electricity, gas, steam and air conditioning supply (D)","Euro Million","3845"
"Gross Value Added at Current Basic Prices","2021","Electricity, gas, steam and air conditioning supply (35)","Euro Million","3845"
"Gross Value Added at Current Basic Prices","2021","Water supply; sewerage, waste management and remediation activities (E)","Euro Million","1680"
"Gross Value Added at Current Basic Prices","2021","Water collection, treatment and supply (36)","Euro Million","526"
"Gross Value Added at Current Basic Prices","2021","Sewerage, waste management and remediation activities (37 to 39)","Euro Million","1155"
"Gross Value Added at Current Basic Prices","2021","Construction (F)","Euro Million","10143"
"Gross Value Added at Current Basic Prices","2021","Construction (41 to 43)","Euro Million","10143"
"Gross Value Added at Current Basic Prices","2021","Wholesale and retail trade; repair of motor vehicles and motorcycles (G)","Euro Million","28030"
"Gross Value Added at Current Basic Prices","2021","Wholesale and retail trade and repair of vehicles  (45)","Euro Million","1839"
"Gross Value Added at Current Basic Prices","2021","Wholesale trade (46)","Euro Million","15878"
"Gross Value Added at Current Basic Prices","2021","Retail trade (47)","Euro Million","10313"
"Gross Value Added at Current Basic Prices","2021","Transportation and storage (H)","Euro Million","5312"
"Gross Value Added at Current Basic Prices","2021","Land transport (49)","Euro Million","3360"
"Gross Value Added at Current Basic Prices","2021","Water transport (50)","Euro Million","80"
"Gross Value Added at Current Basic Prices","2021","Air transport (51)","Euro Million",""
"Gross Value Added at Current Basic Prices","2021","Warehousing and support activities for transportation (52)","Euro Million",""
"Gross Value Added at Current Basic Prices","2021","Postal and courier activities (53)","Euro Million","1094"
"Gross Value Added at Current Basic Prices","2021","Accommodation and food service activities (I)","Euro Million","4153"
"Gross Value Added at Current Basic Prices","2021","Accommodation and food service activities (55,56)","Euro Million","4153"
"Gross Value Added at Current Basic Prices","2021","Information and communication (J)","Euro Million","79357"
"Gross Value Added at Current Basic Prices","2021","Publishing activities (58)","Euro Million",""
"Gross Value Added at Current Basic Prices","2021","Audiovisual and broadcasting services (59,60)","Euro Million",""
"Gross Value Added at Current Basic Prices","2021","Telecommunications (61)","Euro Million","3726"
"Gross Value Added at Current Basic Prices","2021","Computer programming, consultancy and Information service activities (62,63)","Euro Million",""
"Gross Value Added at Current Basic Prices","2021","Financial and insurance activities (K)","Euro Million","20430"
"Gross Value Added at Current Basic Prices","2021","Financial service activities (64)","Euro Million","11528"
"Gross Value Added at Current Basic Prices","2021","Insurance, reinsurance and pension funding, except compulsory social security (65)","Euro Million","4812"
"Gross Value Added at Current Basic Prices","2021","Activities auxiliary to financial services and insurance activities (66)","Euro Million","4090"
"Gross Value Added at Current Basic Prices","2021","Real estate activities (L)","Euro Million","22148"
"Gross Value Added at Current Basic Prices","2021","Real estate activities (68)","Euro Million","22148"
"Gross Value Added at Current Basic Prices","2021","Real estate activities of which: imputed rents of owner-occupied dwellings","Euro Million","15272"
"Gross Value Added at Current Basic Prices","2021","Professional, scientific and technical activities (M)","Euro Million","24328"
"Gross Value Added at Current Basic Prices","2021","Legal and accounting activities; head offices and management consultancy activities (69,70)","Euro Million","17246"
"Gross Value Added at Current Basic Prices","2021","Architectural and engineering activities; technical testing and analysis (71)","Euro Million","3815"
"Gross Value Added at Current Basic Prices","2021","Scientific research and development (72)","Euro Million","1123"
"Gross Value Added at Current Basic Prices","2021","Advertising and market research (73)","Euro Million","817"
"Gross Value Added at Current Basic Prices","2021","Other professional, scientific, technical and veterinary activities (74,75)","Euro Million","1327"
"Gross Value Added at Current Basic Prices","2021","Administrative and support service activities (N)","Euro Million","20511"
"Gross Value Added at Current Basic Prices","2021","Rental and leasing activities  (77)","Euro Million","14329"
"Gross Value Added at Current Basic Prices","2021","Employment activities (78)","Euro Million","2808"
"Gross Value Added at Current Basic Prices","2021","Travel agency and tourism service activities (79)","Euro Million","138"
"Gross Value Added at Current Basic Prices","2021","Administrative and support service activities (80 to 82)","Euro Million","3236"
"Gross Value Added at Current Basic Prices","2021","Public administration and defence; compulsory social security (O)","Euro Million","10804"
"Gross Value Added at Current Basic Prices","2021","Public administration and defence; compulsory social security (84)","Euro Million","10804"
"Gross Value Added at Current Basic Prices","2021","Education (P)","Euro Million","10041"
"Gross Value Added at Current Basic Prices","2021","Education (85)","Euro Million","10041"
"Gross Value Added at Current Basic Prices","2021","Human health and social work activities (Q)","Euro Million","18761"
"Gross Value Added at Current Basic Prices","2021","Human health activities (86)","Euro Million","13558"
"Gross Value Added at Current Basic Prices","2021","Residential care and social work activities (87,88)","Euro Million","5203"
"Gross Value Added at Current Basic Prices","2021","Arts, entertainment and recreation (R)","Euro Million","2629"
"Gross Value Added at Current Basic Prices","2021","Arts, entertainment and recreation (90 to 92)","Euro Million","1738"
"Gross Value Added at Current Basic Prices","2021","Sports activities and amusement and recreation activities (93)","Euro Million","891"
"Gross Value Added at Current Basic Prices","2021","Other service activities (S)","Euro Million","1611"
"Gross Value Added at Current Basic Prices","2021","Activities of membership organisations (94)","Euro Million","737"
"Gross Value Added at Current Basic Prices","2021","Repair of computers and personal and household goods (95)","Euro Million","86"
"Gross Value Added at Current Basic Prices","2021","Other personal service activities (96)","Euro Million","789"
"Gross Value Added at Current Basic Prices","2021","Activities of households as employers; producing activities of households for own use (T)","Euro Million","227"
"Gross Value Added at Current Basic Prices","2021","Activities of households as employers; producing activities of households for own use (97,98)","Euro Million","227"
"Gross Value Added at Current Basic Prices","2021","Activities of extraterritorial organisations and bodies (U)","Euro Million","7"
"Gross Value Added at Current Basic Prices","2021","Activities of extraterritorial organisations and bodies (99)","Euro Million","7"
"Gross Value Added at Current Basic Prices","2022","Agriculture, forestry and fishing (A)","Euro Million","6080"
"Gross Value Added at Current Basic Prices","2022","Crop and animal production, hunting and related service activities (01)","Euro Million","5763"
"Gross Value Added at Current Basic Prices","2022","Forestry and logging (02)","Euro Million","100"
"Gross Value Added at Current Basic Prices","2022","Fishing and aquaculture (03)","Euro Million","217"
"Gross Value Added at Current Basic Prices","2022","Mining and quarrying (B)","Euro Million","726"
"Gross Value Added at Current Basic Prices","2022","Mining and quarrying (05 to 09)","Euro Million","726"
"Gross Value Added at Current Basic Prices","2022","Manufacturing (C)","Euro Million","194468"
"Gross Value Added at Current Basic Prices","2022","Food products, beverages and tobacco (10 to 12)","Euro Million","9677"
"Gross Value Added at Current Basic Prices","2022","Textiles, wearing apparel and leather products (13 to 15)","Euro Million","194"
"Gross Value Added at Current Basic Prices","2022","Wood and wood products, except furniture (16)","Euro Million","538"
"Gross Value Added at Current Basic Prices","2022","Pulp, paper and paper products (17)","Euro Million","275"
"Gross Value Added at Current Basic Prices","2022","Printing and reproduction of recorded media (18)","Euro Million","252"
"Gross Value Added at Current Basic Prices","2022","Coke and refined petroleum products (19)","Euro Million",""
"Gross Value Added at Current Basic Prices","2022","Chemicals and chemical products (20)","Euro Million",""
"Gross Value Added at Current Basic Prices","2022","Basic pharmaceutical products and preparations (21)","Euro Million",""
"Gross Value Added at Current Basic Prices","2022","Rubber and plastic products (22)","Euro Million","952"
"Gross Value Added at Current Basic Prices","2022","Other non-metallic mineral products (23)","Euro Million","1271"
"Gross Value Added at Current Basic Prices","2022","Basic metals (24)","Euro Million","174"
"Gross Value Added at Current Basic Prices","2022","Fabricated metal products (25)","Euro Million","1291"
"Gross Value Added at Current Basic Prices","2022","Computer, electronic and optical products (26)","Euro Million",""
"Gross Value Added at Current Basic Prices","2022","Electrical equipment (27)","Euro Million","403"
"Gross Value Added at Current Basic Prices","2022","Manufacture of machinery and equipment n.e.c. (28)","Euro Million","1541"
"Gross Value Added at Current Basic Prices","2022","Motor vehicles, trailers and semi-trailers (29)","Euro Million",""
"Gross Value Added at Current Basic Prices","2022","Other transport equipment (30)","Euro Million",""
"Gross Value Added at Current Basic Prices","2022","Furniture and other manufacturing (31,32)","Euro Million","12033"
"Gross Value Added at Current Basic Prices","2022","Repair and installation of machinery and equipment (33 )","Euro Million","643"
"Gross Value Added at Current Basic Prices","2022","Electricity, gas, steam and air conditioning supply (D)","Euro Million","3634"
"Gross Value Added at Current Basic Prices","2022","Electricity, gas, steam and air conditioning supply (35)","Euro Million","3634"
"Gross Value Added at Current Basic Prices","2022","Water supply; sewerage, waste management and remediation activities (E)","Euro Million","1968"
"Gross Value Added at Current Basic Prices","2022","Water collection, treatment and supply (36)","Euro Million","565"
"Gross Value Added at Current Basic Prices","2022","Sewerage, waste management and remediation activities (37 to 39)","Euro Million","1403"
"Gross Value Added at Current Basic Prices","2022","Construction (F)","Euro Million","12505"
"Gross Value Added at Current Basic Prices","2022","Construction (41 to 43)","Euro Million","12505"
"Gross Value Added at Current Basic Prices","2022","Wholesale and retail trade; repair of motor vehicles and motorcycles (G)","Euro Million","31308"
"Gross Value Added at Current Basic Prices","2022","Wholesale and retail trade and repair of vehicles  (45)","Euro Million","2211"
"Gross Value Added at Current Basic Prices","2022","Wholesale trade (46)","Euro Million","18083"
"Gross Value Added at Current Basic Prices","2022","Retail trade (47)","Euro Million","11014"
"Gross Value Added at Current Basic Prices","2022","Transportation and storage (H)","Euro Million","8541"
"Gross Value Added at Current Basic Prices","2022","Land transport (49)","Euro Million","4275"
"Gross Value Added at Current Basic Prices","2022","Water transport (50)","Euro Million","123"
"Gross Value Added at Current Basic Prices","2022","Air transport (51)","Euro Million",""
"Gross Value Added at Current Basic Prices","2022","Warehousing and support activities for transportation (52)","Euro Million",""
"Gross Value Added at Current Basic Prices","2022","Postal and courier activities (53)","Euro Million","1068"
"Gross Value Added at Current Basic Prices","2022","Accommodation and food service activities (I)","Euro Million","7433"
"Gross Value Added at Current Basic Prices","2022","Accommodation and food service activities (55,56)","Euro Million","7433"
"Gross Value Added at Current Basic Prices","2022","Information and communication (J)","Euro Million","87494"
"Gross Value Added at Current Basic Prices","2022","Publishing activities (58)","Euro Million",""
"Gross Value Added at Current Basic Prices","2022","Audiovisual and broadcasting services (59,60)","Euro Million",""
"Gross Value Added at Current Basic Prices","2022","Telecommunications (61)","Euro Million","3877"
"Gross Value Added at Current Basic Prices","2022","Computer programming, consultancy and Information service activities (62,63)","Euro Million",""
"Gross Value Added at Current Basic Prices","2022","Financial and insurance activities (K)","Euro Million","17855"
"Gross Value Added at Current Basic Prices","2022","Financial service activities (64)","Euro Million","10448"
"Gross Value Added at Current Basic Prices","2022","Insurance, reinsurance and pension funding, except compulsory social security (65)","Euro Million","2956"
"Gross Value Added at Current Basic Prices","2022","Activities auxiliary to financial services and insurance activities (66)","Euro Million","4450"
"Gross Value Added at Current Basic Prices","2022","Real estate activities (L)","Euro Million","25538"
"Gross Value Added at Current Basic Prices","2022","Real estate activities (68)","Euro Million","25538"
"Gross Value Added at Current Basic Prices","2022","Real estate activities of which: imputed rents of owner-occupied dwellings","Euro Million","17201"
"Gross Value Added at Current Basic Prices","2022","Professional, scientific and technical activities (M)","Euro Million","29391"
"Gross Value Added at Current Basic Prices","2022","Legal and accounting activities; head offices and management consultancy activities (69,70)","Euro Million","20654"
"Gross Value Added at Current Basic Prices","2022","Architectural and engineering activities; technical testing and analysis (71)","Euro Million","4336"
"Gross Value Added at Current Basic Prices","2022","Scientific research and development (72)","Euro Million","1891"
"Gross Value Added at Current Basic Prices","2022","Advertising and market research (73)","Euro Million","926"
"Gross Value Added at Current Basic Prices","2022","Other professional, scientific, technical and veterinary activities (74,75)","Euro Million","1584"
"Gross Value Added at Current Basic Prices","2022","Administrative and support service activities (N)","Euro Million","24124"
"Gross Value Added at Current Basic Prices","2022","Rental and leasing activities  (77)","Euro Million","15810"
"Gross Value Added at Current Basic Prices","2022","Employment activities (78)","Euro Million","3700"
"Gross Value Added at Current Basic Prices","2022","Travel agency and tourism service activities (79)","Euro Million","336"
"Gross Value Added at Current Basic Prices","2022","Administrative and support service activities (80 to 82)","Euro Million","4277"
"Gross Value Added at Current Basic Prices","2022","Public administration and defence; compulsory social security (O)","Euro Million","11778"
"Gross Value Added at Current Basic Prices","2022","Public administration and defence; compulsory social security (84)","Euro Million","11778"
"Gross Value Added at Current Basic Prices","2022","Education (P)","Euro Million","10922"
"Gross Value Added at Current Basic Prices","2022","Education (85)","Euro Million","10922"
"Gross Value Added at Current Basic Prices","2022","Human health and social work activities (Q)","Euro Million","20730"
"Gross Value Added at Current Basic Prices","2022","Human health activities (86)","Euro Million","14907"
"Gross Value Added at Current Basic Prices","2022","Residential care and social work activities (87,88)","Euro Million","5822"
"Gross Value Added at Current Basic Prices","2022","Arts, entertainment and recreation (R)","Euro Million","3550"
"Gross Value Added at Current Basic Prices","2022","Arts, entertainment and recreation (90 to 92)","Euro Million","2373"
"Gross Value Added at Current Basic Prices","2022","Sports activities and amusement and recreation activities (93)","Euro Million","1177"
"Gross Value Added at Current Basic Prices","2022","Other service activities (S)","Euro Million","2135"
"Gross Value Added at Current Basic Prices","2022","Activities of membership organisations (94)","Euro Million","828"
"Gross Value Added at Current Basic Prices","2022","Repair of computers and personal and household goods (95)","Euro Million","104"
"Gross Value Added at Current Basic Prices","2022","Other personal service activities (96)","Euro Million","1203"
"Gross Value Added at Current Basic Prices","2022","Activities of households as employers; producing activities of households for own use (T)","Euro Million","66"
"Gross Value Added at Current Basic Prices","2022","Activities of households as employers; producing activities of households for own use (97,98)","Euro Million","66"
"Gross Value Added at Current Basic Prices","2022","Activities of extraterritorial organisations and bodies (U)","Euro Million","8"
"Gross Value Added at Current Basic Prices","2022","Activities of extraterritorial organisations and bodies (99)","Euro Million","8"
"Gross Value Added at Current Basic Prices","2023","Agriculture, forestry and fishing (A)","Euro Million","4348"
"Gross Value Added at Current Basic Prices","2023","Crop and animal production, hunting and related service activities (01)","Euro Million","4014"
"Gross Value Added at Current Basic Prices","2023","Forestry and logging (02)","Euro Million","111"
"Gross Value Added at Current Basic Prices","2023","Fishing and aquaculture (03)","Euro Million","223"
"Gross Value Added at Current Basic Prices","2023","Mining and quarrying (B)","Euro Million","454"
"Gross Value Added at Current Basic Prices","2023","Mining and quarrying (05 to 09)","Euro Million","454"
"Gross Value Added at Current Basic Prices","2023","Manufacturing (C)","Euro Million","155195"
"Gross Value Added at Current Basic Prices","2023","Food products, beverages and tobacco (10 to 12)","Euro Million","10853"
"Gross Value Added at Current Basic Prices","2023","Textiles, wearing apparel and leather products (13 to 15)","Euro Million","205"
"Gross Value Added at Current Basic Prices","2023","Wood and wood products, except furniture (16)","Euro Million","554"
"Gross Value Added at Current Basic Prices","2023","Pulp, paper and paper products (17)","Euro Million","323"
"Gross Value Added at Current Basic Prices","2023","Printing and reproduction of recorded media (18)","Euro Million","360"
"Gross Value Added at Current Basic Prices","2023","Coke and refined petroleum products (19)","Euro Million",""
"Gross Value Added at Current Basic Prices","2023","Chemicals and chemical products (20)","Euro Million",""
"Gross Value Added at Current Basic Prices","2023","Basic pharmaceutical products and preparations (21)","Euro Million",""
"Gross Value Added at Current Basic Prices","2023","Rubber and plastic products (22)","Euro Million","1031"
"Gross Value Added at Current Basic Prices","2023","Other non-metallic mineral products (23)","Euro Million","1535"
"Gross Value Added at Current Basic Prices","2023","Basic metals (24)","Euro Million","329"
"Gross Value Added at Current Basic Prices","2023","Fabricated metal products (25)","Euro Million","1500"
"Gross Value Added at Current Basic Prices","2023","Computer, electronic and optical products (26)","Euro Million",""
"Gross Value Added at Current Basic Prices","2023","Electrical equipment (27)","Euro Million","640"
"Gross Value Added at Current Basic Prices","2023","Manufacture of machinery and equipment n.e.c. (28)","Euro Million","1896"
"Gross Value Added at Current Basic Prices","2023","Motor vehicles, trailers and semi-trailers (29)","Euro Million",""
"Gross Value Added at Current Basic Prices","2023","Other transport equipment (30)","Euro Million",""
"Gross Value Added at Current Basic Prices","2023","Furniture and other manufacturing (31,32)","Euro Million","14424"
"Gross Value Added at Current Basic Prices","2023","Repair and installation of machinery and equipment (33 )","Euro Million","745"
"Gross Value Added at Current Basic Prices","2023","Electricity, gas, steam and air conditioning supply (D)","Euro Million","5685"
"Gross Value Added at Current Basic Prices","2023","Electricity, gas, steam and air conditioning supply (35)","Euro Million","5685"
"Gross Value Added at Current Basic Prices","2023","Water supply; sewerage, waste management and remediation activities (E)","Euro Million","2111"
"Gross Value Added at Current Basic Prices","2023","Water collection, treatment and supply (36)","Euro Million","680"
"Gross Value Added at Current Basic Prices","2023","Sewerage, waste management and remediation activities (37 to 39)","Euro Million","1431"
"Gross Value Added at Current Basic Prices","2023","Construction (F)","Euro Million","13902"
"Gross Value Added at Current Basic Prices","2023","Construction (41 to 43)","Euro Million","13902"
"Gross Value Added at Current Basic Prices","2023","Wholesale and retail trade; repair of motor vehicles and motorcycles (G)","Euro Million","33838"
"Gross Value Added at Current Basic Prices","2023","Wholesale and retail trade and repair of vehicles  (45)","Euro Million","2490"
"Gross Value Added at Current Basic Prices","2023","Wholesale trade (46)","Euro Million","19049"
"Gross Value Added at Current Basic Prices","2023","Retail trade (47)","Euro Million","12298"
"Gross Value Added at Current Basic Prices","2023","Transportation and storage (H)","Euro Million","9896"
"Gross Value Added at Current Basic Prices","2023","Land transport (49)","Euro Million","4512"
"Gross Value Added at Current Basic Prices","2023","Water transport (50)","Euro Million","114"
"Gross Value Added at Current Basic Prices","2023","Air transport (51)","Euro Million",""
"Gross Value Added at Current Basic Prices","2023","Warehousing and support activities for transportation (52)","Euro Million",""
"Gross Value Added at Current Basic Prices","2023","Postal and courier activities (53)","Euro Million","1095"
"Gross Value Added at Current Basic Prices","2023","Accommodation and food service activities (I)","Euro Million","8349"
"Gross Value Added at Current Basic Prices","2023","Accommodation and food service activities (55,56)","Euro Million","8349"
"Gross Value Added at Current Basic Prices","2023","Information and communication (J)","Euro Million","99130"
"Gross Value Added at Current Basic Prices","2023","Publishing activities (58)","Euro Million",""
"Gross Value Added at Current Basic Prices","2023","Audiovisual and broadcasting services (59,60)","Euro Million",""
"Gross Value Added at Current Basic Prices","2023","Telecommunications (61)","Euro Million","3484"
"Gross Value Added at Current Basic Prices","2023","Computer programming, consultancy and Information service activities (62,63)","Euro Million",""
"Gross Value Added at Current Basic Prices","2023","Financial and insurance activities (K)","Euro Million","22718"
"Gross Value Added at Current Basic Prices","2023","Financial service activities (64)","Euro Million","9939"
"Gross Value Added at Current Basic Prices","2023","Insurance, reinsurance and pension funding, except compulsory social security (65)","Euro Million","6130"
"Gross Value Added at Current Basic Prices","2023","Activities auxiliary to financial services and insurance activities (66)","Euro Million","6649"
"Gross Value Added at Current Basic Prices","2023","Real estate activities (L)","Euro Million","27315"
"Gross Value Added at Current Basic Prices","2023","Real estate activities (68)","Euro Million","27315"
"Gross Value Added at Current Basic Prices","2023","Real estate activities of which: imputed rents of owner-occupied dwellings","Euro Million","20109"
"Gross Value Added at Current Basic Prices","2023","Professional, scientific and technical activities (M)","Euro Million","32212"
"Gross Value Added at Current Basic Prices","2023","Legal and accounting activities; head offices and management consultancy activities (69,70)","Euro Million","22033"
"Gross Value Added at Current Basic Prices","2023","Architectural and engineering activities; technical testing and analysis (71)","Euro Million","5142"
"Gross Value Added at Current Basic Prices","2023","Scientific research and development (72)","Euro Million","2403"
"Gross Value Added at Current Basic Prices","2023","Advertising and market research (73)","Euro Million","1033"
"Gross Value Added at Current Basic Prices","2023","Other professional, scientific, technical and veterinary activities (74,75)","Euro Million","1601"
"Gross Value Added at Current Basic Prices","2023","Administrative and support service activities (N)","Euro Million","27679"
"Gross Value Added at Current Basic Prices","2023","Rental and leasing activities  (77)","Euro Million","17980"
"Gross Value Added at Current Basic Prices","2023","Employment activities (78)","Euro Million","3673"
"Gross Value Added at Current Basic Prices","2023","Travel agency and tourism service activities (79)","Euro Million","433"
"Gross Value Added at Current Basic Prices","2023","Administrative and support service activities (80 to 82)","Euro Million","5593"
"Gross Value Added at Current Basic Prices","2023","Public administration and defence; compulsory social security (O)","Euro Million","12428"
"Gross Value Added at Current Basic Prices","2023","Public administration and defence; compulsory social security (84)","Euro Million","12428"
"Gross Value Added at Current Basic Prices","2023","Education (P)","Euro Million","11363"
"Gross Value Added at Current Basic Prices","2023","Education (85)","Euro Million","11363"
"Gross Value Added at Current Basic Prices","2023","Human health and social work activities (Q)","Euro Million","22972"
"Gross Value Added at Current Basic Prices","2023","Human health activities (86)","Euro Million","16587"
"Gross Value Added at Current Basic Prices","2023","Residential care and social work activities (87,88)","Euro Million","6385"
"Gross Value Added at Current Basic Prices","2023","Arts, entertainment and recreation (R)","Euro Million","3601"
"Gross Value Added at Current Basic Prices","2023","Arts, entertainment and recreation (90 to 92)","Euro Million","2340"
"Gross Value Added at Current Basic Prices","2023","Sports activities and amusement and recreation activities (93)","Euro Million","1261"
"Gross Value Added at Current Basic Prices","2023","Other service activities (S)","Euro Million","2301"
"Gross Value Added at Current Basic Prices","2023","Activities of membership organisations (94)","Euro Million","857"
"Gross Value Added at Current Basic Prices","2023","Repair of computers and personal and household goods (95)","Euro Million","106"
"Gross Value Added at Current Basic Prices","2023","Other personal service activities (96)","Euro Million","1338"
"Gross Value Added at Current Basic Prices","2023","Activities of households as employers; producing activities of households for own use (T)","Euro Million","77"
"Gross Value Added at Current Basic Prices","2023","Activities of households as employers; producing activities of households for own use (97,98)","Euro Million","77"
"Gross Value Added at Current Basic Prices","2023","Activities of extraterritorial organisations and bodies (U)","Euro Million","10"
"Gross Value Added at Current Basic Prices","2023","Activities of extraterritorial organisations and bodies (99)","Euro Million","10"
"Gross Value Added at Current Basic Prices","2024","Agriculture, forestry and fishing (A)","Euro Million","5795"
"Gross Value Added at Current Basic Prices","2024","Crop and animal production, hunting and related service activities (01)","Euro Million","5476"
"Gross Value Added at Current Basic Prices","2024","Forestry and logging (02)","Euro Million","125"
"Gross Value Added at Current Basic Prices","2024","Fishing and aquaculture (03)","Euro Million","193"
"Gross Value Added at Current Basic Prices","2024","Mining and quarrying (B)","Euro Million","502"
"Gross Value Added at Current Basic Prices","2024","Mining and quarrying (05 to 09)","Euro Million","502"
"Gross Value Added at Current Basic Prices","2024","Manufacturing (C)","Euro Million","164057"
"Gross Value Added at Current Basic Prices","2024","Food products, beverages and tobacco (10 to 12)","Euro Million","12000"
"Gross Value Added at Current Basic Prices","2024","Textiles, wearing apparel and leather products (13 to 15)","Euro Million","205"
"Gross Value Added at Current Basic Prices","2024","Wood and wood products, except furniture (16)","Euro Million","497"
"Gross Value Added at Current Basic Prices","2024","Pulp, paper and paper products (17)","Euro Million","330"
"Gross Value Added at Current Basic Prices","2024","Printing and reproduction of recorded media (18)","Euro Million","330"
"Gross Value Added at Current Basic Prices","2024","Coke and refined petroleum products (19)","Euro Million",""
"Gross Value Added at Current Basic Prices","2024","Chemicals and chemical products (20)","Euro Million",""
"Gross Value Added at Current Basic Prices","2024","Basic pharmaceutical products and preparations (21)","Euro Million",""
"Gross Value Added at Current Basic Prices","2024","Rubber and plastic products (22)","Euro Million","1035"
"Gross Value Added at Current Basic Prices","2024","Other non-metallic mineral products (23)","Euro Million","1369"
"Gross Value Added at Current Basic Prices","2024","Basic metals (24)","Euro Million","496"
"Gross Value Added at Current Basic Prices","2024","Fabricated metal products (25)","Euro Million","1525"
"Gross Value Added at Current Basic Prices","2024","Computer, electronic and optical products (26)","Euro Million",""
"Gross Value Added at Current Basic Prices","2024","Electrical equipment (27)","Euro Million","789"
"Gross Value Added at Current Basic Prices","2024","Manufacture of machinery and equipment n.e.c. (28)","Euro Million","1827"
"Gross Value Added at Current Basic Prices","2024","Motor vehicles, trailers and semi-trailers (29)","Euro Million",""
"Gross Value Added at Current Basic Prices","2024","Other transport equipment (30)","Euro Million",""
"Gross Value Added at Current Basic Prices","2024","Furniture and other manufacturing (31,32)","Euro Million","16189"
"Gross Value Added at Current Basic Prices","2024","Repair and installation of machinery and equipment (33 )","Euro Million","863"
"Gross Value Added at Current Basic Prices","2024","Electricity, gas, steam and air conditioning supply (D)","Euro Million","4101"
"Gross Value Added at Current Basic Prices","2024","Electricity, gas, steam and air conditioning supply (35)","Euro Million","4101"
"Gross Value Added at Current Basic Prices","2024","Water supply; sewerage, waste management and remediation activities (E)","Euro Million","2300"
"Gross Value Added at Current Basic Prices","2024","Water collection, treatment and supply (36)","Euro Million","787"
"Gross Value Added at Current Basic Prices","2024","Sewerage, waste management and remediation activities (37 to 39)","Euro Million","1513"
"Gross Value Added at Current Basic Prices","2024","Construction (F)","Euro Million","14743"
"Gross Value Added at Current Basic Prices","2024","Construction (41 to 43)","Euro Million","14743"
"Gross Value Added at Current Basic Prices","2024","Wholesale and retail trade; repair of motor vehicles and motorcycles (G)","Euro Million","34312"
"Gross Value Added at Current Basic Prices","2024","Wholesale and retail trade and repair of vehicles  (45)","Euro Million","2765"
"Gross Value Added at Current Basic Prices","2024","Wholesale trade (46)","Euro Million","18795"
"Gross Value Added at Current Basic Prices","2024","Retail trade (47)","Euro Million","12752"
"Gross Value Added at Current Basic Prices","2024","Transportation and storage (H)","Euro Million","9963"
"Gross Value Added at Current Basic Prices","2024","Land transport (49)","Euro Million","4609"
"Gross Value Added at Current Basic Prices","2024","Water transport (50)","Euro Million","95"
"Gross Value Added at Current Basic Prices","2024","Air transport (51)","Euro Million",""
"Gross Value Added at Current Basic Prices","2024","Warehousing and support activities for transportation (52)","Euro Million",""
"Gross Value Added at Current Basic Prices","2024","Postal and courier activities (53)","Euro Million","1175"
"Gross Value Added at Current Basic Prices","2024","Accommodation and food service activities (I)","Euro Million","8692"
"Gross Value Added at Current Basic Prices","2024","Accommodation and food service activities (55,56)","Euro Million","8692"
"Gross Value Added at Current Basic Prices","2024","Information and communication (J)","Euro Million","112881"
"Gross Value Added at Current Basic Prices","2024","Publishing activities (58)","Euro Million",""
"Gross Value Added at Current Basic Prices","2024","Audiovisual and broadcasting services (59,60)","Euro Million",""
"Gross Value Added at Current Basic Prices","2024","Telecommunications (61)","Euro Million","4022"
"Gross Value Added at Current Basic Prices","2024","Computer programming, consultancy and Information service activities (62,63)","Euro Million",""
"Gross Value Added at Current Basic Prices","2024","Financial and insurance activities (K)","Euro Million","23457"
"Gross Value Added at Current Basic Prices","2024","Financial service activities (64)","Euro Million","10511"
"Gross Value Added at Current Basic Prices","2024","Insurance, reinsurance and pension funding, except compulsory social security (65)","Euro Million","6516"
"Gross Value Added at Current Basic Prices","2024","Activities auxiliary to financial services and insurance activities (66)","Euro Million","6430"
"Gross Value Added at Current Basic Prices","2024","Real estate activities (L)","Euro Million","30734"
"Gross Value Added at Current Basic Prices","2024","Real estate activities (68)","Euro Million","30734"
"Gross Value Added at Current Basic Prices","2024","Real estate activities of which: imputed rents of owner-occupied dwellings","Euro Million","22151"
"Gross Value Added at Current Basic Prices","2024","Professional, scientific and technical activities (M)","Euro Million","33253"
"Gross Value Added at Current Basic Prices","2024","Legal and accounting activities; head offices and management consultancy activities (69,70)","Euro Million","22819"
"Gross Value Added at Current Basic Prices","2024","Architectural and engineering activities; technical testing and analysis (71)","Euro Million","5350"
"Gross Value Added at Current Basic Prices","2024","Scientific research and development (72)","Euro Million","2408"
"Gross Value Added at Current Basic Prices","2024","Advertising and market research (73)","Euro Million","1012"
"Gross Value Added at Current Basic Prices","2024","Other professional, scientific, technical and veterinary activities (74,75)","Euro Million","1663"
"Gross Value Added at Current Basic Prices","2024","Administrative and support service activities (N)","Euro Million","31943"
"Gross Value Added at Current Basic Prices","2024","Rental and leasing activities  (77)","Euro Million","20936"
"Gross Value Added at Current Basic Prices","2024","Employment activities (78)","Euro Million","3473"
"Gross Value Added at Current Basic Prices","2024","Travel agency and tourism service activities (79)","Euro Million","430"
"Gross Value Added at Current Basic Prices","2024","Administrative and support service activities (80 to 82)","Euro Million","7104"
"Gross Value Added at Current Basic Prices","2024","Public administration and defence; compulsory social security (O)","Euro Million","13624"
"Gross Value Added at Current Basic Prices","2024","Public administration and defence; compulsory social security (84)","Euro Million","13624"
"Gross Value Added at Current Basic Prices","2024","Education (P)","Euro Million","12632"
"Gross Value Added at Current Basic Prices","2024","Education (85)","Euro Million","12632"
"Gross Value Added at Current Basic Prices","2024","Human health and social work activities (Q)","Euro Million","25760"
"Gross Value Added at Current Basic Prices","2024","Human health activities (86)","Euro Million","18772"
"Gross Value Added at Current Basic Prices","2024","Residential care and social work activities (87,88)","Euro Million","6988"
"Gross Value Added at Current Basic Prices","2024","Arts, entertainment and recreation (R)","Euro Million","3719"
"Gross Value Added at Current Basic Prices","2024","Arts, entertainment and recreation (90 to 92)","Euro Million","2449"
"Gross Value Added at Current Basic Prices","2024","Sports activities and amusement and recreation activities (93)","Euro Million","1270"
"Gross Value Added at Current Basic Prices","2024","Other service activities (S)","Euro Million","2356"
"Gross Value Added at Current Basic Prices","2024","Activities of membership organisations (94)","Euro Million","859"
"Gross Value Added at Current Basic Prices","2024","Repair of computers and personal and household goods (95)","Euro Million","111"
"Gross Value Added at Current Basic Prices","2024","Other personal service activities (96)","Euro Million","1386"
"Gross Value Added at Current Basic Prices","2024","Activities of households as employers; producing activities of households for own use (T)","Euro Million","75"
"Gross Value Added at Current Basic Prices","2024","Activities of households as employers; producing activities of households for own use (97,98)","Euro Million","75"
"Gross Value Added at Current Basic Prices","2024","Activities of extraterritorial organisations and bodies (U)","Euro Million","11"
"Gross Value Added at Current Basic Prices","2024","Activities of extraterritorial organisations and bodies (99)","Euro Million","11"
"Gross Value Added at Current Basic Prices","2025","Agriculture, forestry and fishing (A)","Euro Million","7259"
"Gross Value Added at Current Basic Prices","2025","Crop and animal production, hunting and related service activities (01)","Euro Million","6933"
"Gross Value Added at Current Basic Prices","2025","Forestry and logging (02)","Euro Million","130"
"Gross Value Added at Current Basic Prices","2025","Fishing and aquaculture (03)","Euro Million","195"
"Gross Value Added at Current Basic Prices","2025","Mining and quarrying (B)","Euro Million","582"
"Gross Value Added at Current Basic Prices","2025","Mining and quarrying (05 to 09)","Euro Million","582"
"Gross Value Added at Current Basic Prices","2025","Manufacturing (C)","Euro Million","176835"
"Gross Value Added at Current Basic Prices","2025","Food products, beverages and tobacco (10 to 12)","Euro Million","11367"
"Gross Value Added at Current Basic Prices","2025","Textiles, wearing apparel and leather products (13 to 15)","Euro Million","209"
"Gross Value Added at Current Basic Prices","2025","Wood and wood products, except furniture (16)","Euro Million","481"
"Gross Value Added at Current Basic Prices","2025","Pulp, paper and paper products (17)","Euro Million","344"
"Gross Value Added at Current Basic Prices","2025","Printing and reproduction of recorded media (18)","Euro Million","323"
"Gross Value Added at Current Basic Prices","2025","Coke and refined petroleum products (19)","Euro Million",""
"Gross Value Added at Current Basic Prices","2025","Chemicals and chemical products (20)","Euro Million",""
"Gross Value Added at Current Basic Prices","2025","Basic pharmaceutical products and preparations (21)","Euro Million",""
"Gross Value Added at Current Basic Prices","2025","Rubber and plastic products (22)","Euro Million","1119"
"Gross Value Added at Current Basic Prices","2025","Other non-metallic mineral products (23)","Euro Million","1422"
"Gross Value Added at Current Basic Prices","2025","Basic metals (24)","Euro Million","316"
"Gross Value Added at Current Basic Prices","2025","Fabricated metal products (25)","Euro Million","1543"
"Gross Value Added at Current Basic Prices","2025","Computer, electronic and optical products (26)","Euro Million",""
"Gross Value Added at Current Basic Prices","2025","Electrical equipment (27)","Euro Million","726"
"Gross Value Added at Current Basic Prices","2025","Manufacture of machinery and equipment n.e.c. (28)","Euro Million","2034"
"Gross Value Added at Current Basic Prices","2025","Motor vehicles, trailers and semi-trailers (29)","Euro Million",""
"Gross Value Added at Current Basic Prices","2025","Other transport equipment (30)","Euro Million",""
"Gross Value Added at Current Basic Prices","2025","Furniture and other manufacturing (31,32)","Euro Million","15545"
"Gross Value Added at Current Basic Prices","2025","Repair and installation of machinery and equipment (33 )","Euro Million","916"
"Gross Value Added at Current Basic Prices","2025","Electricity, gas, steam and air conditioning supply (D)","Euro Million","4557"
"Gross Value Added at Current Basic Prices","2025","Electricity, gas, steam and air conditioning supply (35)","Euro Million","4557"
"Gross Value Added at Current Basic Prices","2025","Water supply; sewerage, waste management and remediation activities (E)","Euro Million","2506"
"Gross Value Added at Current Basic Prices","2025","Water collection, treatment and supply (36)","Euro Million","909"
"Gross Value Added at Current Basic Prices","2025","Sewerage, waste management and remediation activities (37 to 39)","Euro Million","1597"
"Gross Value Added at Current Basic Prices","2025","Construction (F)","Euro Million","15738"
"Gross Value Added at Current Basic Prices","2025","Construction (41 to 43)","Euro Million","15738"
"Gross Value Added at Current Basic Prices","2025","Wholesale and retail trade; repair of motor vehicles and motorcycles (G)","Euro Million","34100"
"Gross Value Added at Current Basic Prices","2025","Wholesale and retail trade and repair of vehicles  (45)","Euro Million","2737"
"Gross Value Added at Current Basic Prices","2025","Wholesale trade (46)","Euro Million","18371"
"Gross Value Added at Current Basic Prices","2025","Retail trade (47)","Euro Million","12992"
"Gross Value Added at Current Basic Prices","2025","Transportation and storage (H)","Euro Million","11274"
"Gross Value Added at Current Basic Prices","2025","Land transport (49)","Euro Million","5231"
"Gross Value Added at Current Basic Prices","2025","Water transport (50)","Euro Million","102"
"Gross Value Added at Current Basic Prices","2025","Air transport (51)","Euro Million",""
"Gross Value Added at Current Basic Prices","2025","Warehousing and support activities for transportation (52)","Euro Million",""
"Gross Value Added at Current Basic Prices","2025","Postal and courier activities (53)","Euro Million","1219"
"Gross Value Added at Current Basic Prices","2025","Accommodation and food service activities (I)","Euro Million","8869"
"Gross Value Added at Current Basic Prices","2025","Accommodation and food service activities (55,56)","Euro Million","8869"
"Gross Value Added at Current Basic Prices","2025","Information and communication (J)","Euro Million","127750"
"Gross Value Added at Current Basic Prices","2025","Publishing activities (58)","Euro Million",""
"Gross Value Added at Current Basic Prices","2025","Audiovisual and broadcasting services (59,60)","Euro Million",""
"Gross Value Added at Current Basic Prices","2025","Telecommunications (61)","Euro Million","4848"
"Gross Value Added at Current Basic Prices","2025","Computer programming, consultancy and Information service activities (62,63)","Euro Million",""
"Gross Value Added at Current Basic Prices","2025","Financial and insurance activities (K)","Euro Million","21907"
"Gross Value Added at Current Basic Prices","2025","Financial service activities (64)","Euro Million","10522"
"Gross Value Added at Current Basic Prices","2025","Insurance, reinsurance and pension funding, except compulsory social security (65)","Euro Million","5018"
"Gross Value Added at Current Basic Prices","2025","Activities auxiliary to financial services and insurance activities (66)","Euro Million","6367"
"Gross Value Added at Current Basic Prices","2025","Real estate activities (L)","Euro Million","32368"
"Gross Value Added at Current Basic Prices","2025","Real estate activities (68)","Euro Million","32368"
"Gross Value Added at Current Basic Prices","2025","Real estate activities of which: imputed rents of owner-occupied dwellings","Euro Million","23108"
"Gross Value Added at Current Basic Prices","2025","Professional, scientific and technical activities (M)","Euro Million","33108"
"Gross Value Added at Current Basic Prices","2025","Legal and accounting activities; head offices and management consultancy activities (69,70)","Euro Million","23113"
"Gross Value Added at Current Basic Prices","2025","Architectural and engineering activities; technical testing and analysis (71)","Euro Million","5385"
"Gross Value Added at Current Basic Prices","2025","Scientific research and development (72)","Euro Million","1875"
"Gross Value Added at Current Basic Prices","2025","Advertising and market research (73)","Euro Million","1031"
"Gross Value Added at Current Basic Prices","2025","Other professional, scientific, technical and veterinary activities (74,75)","Euro Million","1703"
"Gross Value Added at Current Basic Prices","2025","Administrative and support service activities (N)","Euro Million","35425"
"Gross Value Added at Current Basic Prices","2025","Rental and leasing activities  (77)","Euro Million","23841"
"Gross Value Added at Current Basic Prices","2025","Employment activities (78)","Euro Million","3844"
"Gross Value Added at Current Basic Prices","2025","Travel agency and tourism service activities (79)","Euro Million","411"
"Gross Value Added at Current Basic Prices","2025","Administrative and support service activities (80 to 82)","Euro Million","7329"
"Gross Value Added at Current Basic Prices","2025","Public administration and defence; compulsory social security (O)","Euro Million","14028"
"Gross Value Added at Current Basic Prices","2025","Public administration and defence; compulsory social security (84)","Euro Million","14028"
"Gross Value Added at Current Basic Prices","2025","Education (P)","Euro Million","13374"
"Gross Value Added at Current Basic Prices","2025","Education (85)","Euro Million","13374"
"Gross Value Added at Current Basic Prices","2025","Human health and social work activities (Q)","Euro Million","27412"
"Gross Value Added at Current Basic Prices","2025","Human health activities (86)","Euro Million","19771"
"Gross Value Added at Current Basic Prices","2025","Residential care and social work activities (87,88)","Euro Million","7641"
"Gross Value Added at Current Basic Prices","2025","Arts, entertainment and recreation (R)","Euro Million","3815"
"Gross Value Added at Current Basic Prices","2025","Arts, entertainment and recreation (90 to 92)","Euro Million","2377"
"Gross Value Added at Current Basic Prices","2025","Sports activities and amusement and recreation activities (93)","Euro Million","1438"
"Gross Value Added at Current Basic Prices","2025","Other service activities (S)","Euro Million","2458"
"Gross Value Added at Current Basic Prices","2025","Activities of membership organisations (94)","Euro Million","907"
"Gross Value Added at Current Basic Prices","2025","Repair of computers and personal and household goods (95)","Euro Million","105"
"Gross Value Added at Current Basic Prices","2025","Other personal service activities (96)","Euro Million","1446"
"Gross Value Added at Current Basic Prices","2025","Activities of households as employers; producing activities of households for own use (T)","Euro Million","76"
"Gross Value Added at Current Basic Prices","2025","Activities of households as employers; producing activities of households for own use (97,98)","Euro Million","76"
"Gross Value Added at Current Basic Prices","2025","Activities of extraterritorial organisations and bodies (U)","Euro Million","11"
"Gross Value Added at Current Basic Prices","2025","Activities of extraterritorial organisations and bodies (99)","Euro Million","11"
"Gross Value Added at Constant Basic Prices","1995","Agriculture, forestry and fishing (A)","Euro Million","3158"
"Gross Value Added at Constant Basic Prices","1995","Crop and animal production, hunting and related service activities (01)","Euro Million","2733"
"Gross Value Added at Constant Basic Prices","1995","Forestry and logging (02)","Euro Million","105"
"Gross Value Added at Constant Basic Prices","1995","Fishing and aquaculture (03)","Euro Million","347"
"Gross Value Added at Constant Basic Prices","1995","Mining and quarrying (B)","Euro Million","258"
"Gross Value Added at Constant Basic Prices","1995","Mining and quarrying (05 to 09)","Euro Million","258"
"Gross Value Added at Constant Basic Prices","1995","Manufacturing (C)","Euro Million","22598"
"Gross Value Added at Constant Basic Prices","1995","Food products, beverages and tobacco (10 to 12)","Euro Million","4184"
"Gross Value Added at Constant Basic Prices","1995","Textiles, wearing apparel and leather products (13 to 15)","Euro Million","687"
"Gross Value Added at Constant Basic Prices","1995","Wood and wood products, except furniture (16)","Euro Million","254"
"Gross Value Added at Constant Basic Prices","1995","Pulp, paper and paper products (17)","Euro Million","178"
"Gross Value Added at Constant Basic Prices","1995","Printing and reproduction of recorded media (18)","Euro Million","751"
"Gross Value Added at Constant Basic Prices","1995","Coke and refined petroleum products (19)","Euro Million",""
"Gross Value Added at Constant Basic Prices","1995","Chemicals and chemical products (20)","Euro Million",""
"Gross Value Added at Constant Basic Prices","1995","Basic pharmaceutical products and preparations (21)","Euro Million","2388"
"Gross Value Added at Constant Basic Prices","1995","Rubber and plastic products (22)","Euro Million","949"
"Gross Value Added at Constant Basic Prices","1995","Other non-metallic mineral products (23)","Euro Million","1544"
"Gross Value Added at Constant Basic Prices","1995","Basic metals (24)","Euro Million","263"
"Gross Value Added at Constant Basic Prices","1995","Fabricated metal products (25)","Euro Million","1184"
"Gross Value Added at Constant Basic Prices","1995","Computer, electronic and optical products (26)","Euro Million","6714"
"Gross Value Added at Constant Basic Prices","1995","Electrical equipment (27)","Euro Million","135"
"Gross Value Added at Constant Basic Prices","1995","Manufacture of machinery and equipment n.e.c. (28)","Euro Million","1275"
"Gross Value Added at Constant Basic Prices","1995","Motor vehicles, trailers and semi-trailers (29)","Euro Million","163"
"Gross Value Added at Constant Basic Prices","1995","Other transport equipment (30)","Euro Million","264"
"Gross Value Added at Constant Basic Prices","1995","Furniture and other manufacturing (31,32)","Euro Million","7937"
"Gross Value Added at Constant Basic Prices","1995","Repair and installation of machinery and equipment (33 )","Euro Million","58"
"Gross Value Added at Constant Basic Prices","1995","Electricity, gas, steam and air conditioning supply (D)","Euro Million","2258"
"Gross Value Added at Constant Basic Prices","1995","Electricity, gas, steam and air conditioning supply (35)","Euro Million","2258"
"Gross Value Added at Constant Basic Prices","1995","Water supply; sewerage, waste management and remediation activities (E)","Euro Million","1037"
"Gross Value Added at Constant Basic Prices","1995","Water collection, treatment and supply (36)","Euro Million","467"
"Gross Value Added at Constant Basic Prices","1995","Sewerage, waste management and remediation activities (37 to 39)","Euro Million","639"
"Gross Value Added at Constant Basic Prices","1995","Construction (F)","Euro Million","8185"
"Gross Value Added at Constant Basic Prices","1995","Construction (41 to 43)","Euro Million","8185"
"Gross Value Added at Constant Basic Prices","1995","Wholesale and retail trade; repair of motor vehicles and motorcycles (G)","Euro Million","15474"
"Gross Value Added at Constant Basic Prices","1995","Wholesale and retail trade and repair of vehicles  (45)","Euro Million","1920"
"Gross Value Added at Constant Basic Prices","1995","Wholesale trade (46)","Euro Million","7363"
"Gross Value Added at Constant Basic Prices","1995","Retail trade (47)","Euro Million","6529"
"Gross Value Added at Constant Basic Prices","1995","Transportation and storage (H)","Euro Million","7674"
"Gross Value Added at Constant Basic Prices","1995","Land transport (49)","Euro Million","2131"
"Gross Value Added at Constant Basic Prices","1995","Water transport (50)","Euro Million","108"
"Gross Value Added at Constant Basic Prices","1995","Air transport (51)","Euro Million","103"
"Gross Value Added at Constant Basic Prices","1995","Warehousing and support activities for transportation (52)","Euro Million","1970"
"Gross Value Added at Constant Basic Prices","1995","Postal and courier activities (53)","Euro Million","1050"
"Gross Value Added at Constant Basic Prices","1995","Accommodation and food service activities (I)","Euro Million","5188"
"Gross Value Added at Constant Basic Prices","1995","Accommodation and food service activities (55,56)","Euro Million","5188"
"Gross Value Added at Constant Basic Prices","1995","Information and communication (J)","Euro Million","4607"
"Gross Value Added at Constant Basic Prices","1995","Publishing activities (58)","Euro Million","1879"
"Gross Value Added at Constant Basic Prices","1995","Audiovisual and broadcasting services (59,60)","Euro Million","322"
"Gross Value Added at Constant Basic Prices","1995","Telecommunications (61)","Euro Million","1946"
"Gross Value Added at Constant Basic Prices","1995","Computer programming, consultancy and Information service activities (62,63)","Euro Million","972"
"Gross Value Added at Constant Basic Prices","1995","Financial and insurance activities (K)","Euro Million","8228"
"Gross Value Added at Constant Basic Prices","1995","Financial service activities (64)","Euro Million","6274"
"Gross Value Added at Constant Basic Prices","1995","Insurance, reinsurance and pension funding, except compulsory social security (65)","Euro Million","3197"
"Gross Value Added at Constant Basic Prices","1995","Activities auxiliary to financial services and insurance activities (66)","Euro Million","529"
"Gross Value Added at Constant Basic Prices","1995","Real estate activities (L)","Euro Million","13803"
"Gross Value Added at Constant Basic Prices","1995","Real estate activities (68)","Euro Million","13803"
"Gross Value Added at Constant Basic Prices","1995","Real estate activities of which: imputed rents of owner-occupied dwellings","Euro Million","11957"
"Gross Value Added at Constant Basic Prices","1995","Professional, scientific and technical activities (M)","Euro Million","5136"
"Gross Value Added at Constant Basic Prices","1995","Legal and accounting activities; head offices and management consultancy activities (69,70)","Euro Million","1990"
"Gross Value Added at Constant Basic Prices","1995","Architectural and engineering activities; technical testing and analysis (71)","Euro Million","1702"
"Gross Value Added at Constant Basic Prices","1995","Scientific research and development (72)","Euro Million","192"
"Gross Value Added at Constant Basic Prices","1995","Advertising and market research (73)","Euro Million","502"
"Gross Value Added at Constant Basic Prices","1995","Other professional, scientific, technical and veterinary activities (74,75)","Euro Million","1118"
"Gross Value Added at Constant Basic Prices","1995","Administrative and support service activities (N)","Euro Million","2979"
"Gross Value Added at Constant Basic Prices","1995","Rental and leasing activities  (77)","Euro Million","693"
"Gross Value Added at Constant Basic Prices","1995","Employment activities (78)","Euro Million","6930"
"Gross Value Added at Constant Basic Prices","1995","Travel agency and tourism service activities (79)","Euro Million","406"
"Gross Value Added at Constant Basic Prices","1995","Administrative and support service activities (80 to 82)","Euro Million","3322"
"Gross Value Added at Constant Basic Prices","1995","Public administration and defence; compulsory social security (O)","Euro Million","8981"
"Gross Value Added at Constant Basic Prices","1995","Public administration and defence; compulsory social security (84)","Euro Million","8981"
"Gross Value Added at Constant Basic Prices","1995","Education (P)","Euro Million","8294"
"Gross Value Added at Constant Basic Prices","1995","Education (85)","Euro Million","8294"
"Gross Value Added at Constant Basic Prices","1995","Human health and social work activities (Q)","Euro Million","6635"
"Gross Value Added at Constant Basic Prices","1995","Human health activities (86)","Euro Million","5353"
"Gross Value Added at Constant Basic Prices","1995","Residential care and social work activities (87,88)","Euro Million","1392"
"Gross Value Added at Constant Basic Prices","1995","Arts, entertainment and recreation (R)","Euro Million","1389"
"Gross Value Added at Constant Basic Prices","1995","Arts, entertainment and recreation (90 to 92)","Euro Million","1271"
"Gross Value Added at Constant Basic Prices","1995","Sports activities and amusement and recreation activities (93)","Euro Million","289"
"Gross Value Added at Constant Basic Prices","1995","Other service activities (S)","Euro Million","1009"
"Gross Value Added at Constant Basic Prices","1995","Activities of membership organisations (94)","Euro Million","391"
"Gross Value Added at Constant Basic Prices","1995","Repair of computers and personal and household goods (95)","Euro Million","43"
"Gross Value Added at Constant Basic Prices","1995","Other personal service activities (96)","Euro Million","710"
"Gross Value Added at Constant Basic Prices","1995","Activities of households as employers; producing activities of households for own use (T)","Euro Million","160"
"Gross Value Added at Constant Basic Prices","1995","Activities of households as employers; producing activities of households for own use (97,98)","Euro Million","160"
"Gross Value Added at Constant Basic Prices","1995","Activities of extraterritorial organisations and bodies (U)","Euro Million","0"
"Gross Value Added at Constant Basic Prices","1995","Activities of extraterritorial organisations and bodies (99)","Euro Million","0"
"Gross Value Added at Constant Basic Prices","1996","Agriculture, forestry and fishing (A)","Euro Million","3162"
"Gross Value Added at Constant Basic Prices","1996","Crop and animal production, hunting and related service activities (01)","Euro Million","2753"
"Gross Value Added at Constant Basic Prices","1996","Forestry and logging (02)","Euro Million","95"
"Gross Value Added at Constant Basic Prices","1996","Fishing and aquaculture (03)","Euro Million","334"
"Gross Value Added at Constant Basic Prices","1996","Mining and quarrying (B)","Euro Million","254"
"Gross Value Added at Constant Basic Prices","1996","Mining and quarrying (05 to 09)","Euro Million","254"
"Gross Value Added at Constant Basic Prices","1996","Manufacturing (C)","Euro Million","24000"
"Gross Value Added at Constant Basic Prices","1996","Food products, beverages and tobacco (10 to 12)","Euro Million","4199"
"Gross Value Added at Constant Basic Prices","1996","Textiles, wearing apparel and leather products (13 to 15)","Euro Million","694"
"Gross Value Added at Constant Basic Prices","1996","Wood and wood products, except furniture (16)","Euro Million","285"
"Gross Value Added at Constant Basic Prices","1996","Pulp, paper and paper products (17)","Euro Million","177"
"Gross Value Added at Constant Basic Prices","1996","Printing and reproduction of recorded media (18)","Euro Million","788"
"Gross Value Added at Constant Basic Prices","1996","Coke and refined petroleum products (19)","Euro Million",""
"Gross Value Added at Constant Basic Prices","1996","Chemicals and chemical products (20)","Euro Million",""
"Gross Value Added at Constant Basic Prices","1996","Basic pharmaceutical products and preparations (21)","Euro Million","2714"
"Gross Value Added at Constant Basic Prices","1996","Rubber and plastic products (22)","Euro Million","931"
"Gross Value Added at Constant Basic Prices","1996","Other non-metallic mineral products (23)","Euro Million","1626"
"Gross Value Added at Constant Basic Prices","1996","Basic metals (24)","Euro Million","260"
"Gross Value Added at Constant Basic Prices","1996","Fabricated metal products (25)","Euro Million","1220"
"Gross Value Added at Constant Basic Prices","1996","Computer, electronic and optical products (26)","Euro Million","6844"
"Gross Value Added at Constant Basic Prices","1996","Electrical equipment (27)","Euro Million","151"
"Gross Value Added at Constant Basic Prices","1996","Manufacture of machinery and equipment n.e.c. (28)","Euro Million","1273"
"Gross Value Added at Constant Basic Prices","1996","Motor vehicles, trailers and semi-trailers (29)","Euro Million","191"
"Gross Value Added at Constant Basic Prices","1996","Other transport equipment (30)","Euro Million","308"
"Gross Value Added at Constant Basic Prices","1996","Furniture and other manufacturing (31,32)","Euro Million","8422"
"Gross Value Added at Constant Basic Prices","1996","Repair and installation of machinery and equipment (33 )","Euro Million","70"
"Gross Value Added at Constant Basic Prices","1996","Electricity, gas, steam and air conditioning supply (D)","Euro Million","2382"
"Gross Value Added at Constant Basic Prices","1996","Electricity, gas, steam and air conditioning supply (35)","Euro Million","2382"
"Gross Value Added at Constant Basic Prices","1996","Water supply; sewerage, waste management and remediation activities (E)","Euro Million","1162"
"Gross Value Added at Constant Basic Prices","1996","Water collection, treatment and supply (36)","Euro Million","522"
"Gross Value Added at Constant Basic Prices","1996","Sewerage, waste management and remediation activities (37 to 39)","Euro Million","717"
"Gross Value Added at Constant Basic Prices","1996","Construction (F)","Euro Million","9592"
"Gross Value Added at Constant Basic Prices","1996","Construction (41 to 43)","Euro Million","9592"
"Gross Value Added at Constant Basic Prices","1996","Wholesale and retail trade; repair of motor vehicles and motorcycles (G)","Euro Million","16295"
"Gross Value Added at Constant Basic Prices","1996","Wholesale and retail trade and repair of vehicles  (45)","Euro Million","2095"
"Gross Value Added at Constant Basic Prices","1996","Wholesale trade (46)","Euro Million","7753"
"Gross Value Added at Constant Basic Prices","1996","Retail trade (47)","Euro Million","6819"
"Gross Value Added at Constant Basic Prices","1996","Transportation and storage (H)","Euro Million","8011"
"Gross Value Added at Constant Basic Prices","1996","Land transport (49)","Euro Million","2201"
"Gross Value Added at Constant Basic Prices","1996","Water transport (50)","Euro Million","106"
"Gross Value Added at Constant Basic Prices","1996","Air transport (51)","Euro Million","109"
"Gross Value Added at Constant Basic Prices","1996","Warehousing and support activities for transportation (52)","Euro Million","2092"
"Gross Value Added at Constant Basic Prices","1996","Postal and courier activities (53)","Euro Million","1100"
"Gross Value Added at Constant Basic Prices","1996","Accommodation and food service activities (I)","Euro Million","5223"
"Gross Value Added at Constant Basic Prices","1996","Accommodation and food service activities (55,56)","Euro Million","5223"
"Gross Value Added at Constant Basic Prices","1996","Information and communication (J)","Euro Million","4893"
"Gross Value Added at Constant Basic Prices","1996","Publishing activities (58)","Euro Million","2006"
"Gross Value Added at Constant Basic Prices","1996","Audiovisual and broadcasting services (59,60)","Euro Million","339"
"Gross Value Added at Constant Basic Prices","1996","Telecommunications (61)","Euro Million","2006"
"Gross Value Added at Constant Basic Prices","1996","Computer programming, consultancy and Information service activities (62,63)","Euro Million","1083"
"Gross Value Added at Constant Basic Prices","1996","Financial and insurance activities (K)","Euro Million","9200"
"Gross Value Added at Constant Basic Prices","1996","Financial service activities (64)","Euro Million","7153"
"Gross Value Added at Constant Basic Prices","1996","Insurance, reinsurance and pension funding, except compulsory social security (65)","Euro Million","3495"
"Gross Value Added at Constant Basic Prices","1996","Activities auxiliary to financial services and insurance activities (66)","Euro Million","557"
"Gross Value Added at Constant Basic Prices","1996","Real estate activities (L)","Euro Million","14639"
"Gross Value Added at Constant Basic Prices","1996","Real estate activities (68)","Euro Million","14639"
"Gross Value Added at Constant Basic Prices","1996","Real estate activities of which: imputed rents of owner-occupied dwellings","Euro Million","12670"
"Gross Value Added at Constant Basic Prices","1996","Professional, scientific and technical activities (M)","Euro Million","5479"
"Gross Value Added at Constant Basic Prices","1996","Legal and accounting activities; head offices and management consultancy activities (69,70)","Euro Million","2060"
"Gross Value Added at Constant Basic Prices","1996","Architectural and engineering activities; technical testing and analysis (71)","Euro Million","1868"
"Gross Value Added at Constant Basic Prices","1996","Scientific research and development (72)","Euro Million","199"
"Gross Value Added at Constant Basic Prices","1996","Advertising and market research (73)","Euro Million","544"
"Gross Value Added at Constant Basic Prices","1996","Other professional, scientific, technical and veterinary activities (74,75)","Euro Million","1226"
"Gross Value Added at Constant Basic Prices","1996","Administrative and support service activities (N)","Euro Million","3105"
"Gross Value Added at Constant Basic Prices","1996","Rental and leasing activities  (77)","Euro Million","779"
"Gross Value Added at Constant Basic Prices","1996","Employment activities (78)","Euro Million","6307"
"Gross Value Added at Constant Basic Prices","1996","Travel agency and tourism service activities (79)","Euro Million","427"
"Gross Value Added at Constant Basic Prices","1996","Administrative and support service activities (80 to 82)","Euro Million","3043"
"Gross Value Added at Constant Basic Prices","1996","Public administration and defence; compulsory social security (O)","Euro Million","8762"
"Gross Value Added at Constant Basic Prices","1996","Public administration and defence; compulsory social security (84)","Euro Million","8762"
"Gross Value Added at Constant Basic Prices","1996","Education (P)","Euro Million","8393"
"Gross Value Added at Constant Basic Prices","1996","Education (85)","Euro Million","8393"
"Gross Value Added at Constant Basic Prices","1996","Human health and social work activities (Q)","Euro Million","7331"
"Gross Value Added at Constant Basic Prices","1996","Human health activities (86)","Euro Million","5914"
"Gross Value Added at Constant Basic Prices","1996","Residential care and social work activities (87,88)","Euro Million","1538"
"Gross Value Added at Constant Basic Prices","1996","Arts, entertainment and recreation (R)","Euro Million","1414"
"Gross Value Added at Constant Basic Prices","1996","Arts, entertainment and recreation (90 to 92)","Euro Million","1292"
"Gross Value Added at Constant Basic Prices","1996","Sports activities and amusement and recreation activities (93)","Euro Million","294"
"Gross Value Added at Constant Basic Prices","1996","Other service activities (S)","Euro Million","1053"
"Gross Value Added at Constant Basic Prices","1996","Activities of membership organisations (94)","Euro Million","402"
"Gross Value Added at Constant Basic Prices","1996","Repair of computers and personal and household goods (95)","Euro Million","46"
"Gross Value Added at Constant Basic Prices","1996","Other personal service activities (96)","Euro Million","747"
"Gross Value Added at Constant Basic Prices","1996","Activities of households as employers; producing activities of households for own use (T)","Euro Million","153"
"Gross Value Added at Constant Basic Prices","1996","Activities of households as employers; producing activities of households for own use (97,98)","Euro Million","153"
"Gross Value Added at Constant Basic Prices","1996","Activities of extraterritorial organisations and bodies (U)","Euro Million","0"
"Gross Value Added at Constant Basic Prices","1996","Activities of extraterritorial organisations and bodies (99)","Euro Million","0"
"Gross Value Added at Constant Basic Prices","1997","Agriculture, forestry and fishing (A)","Euro Million","3308"
"Gross Value Added at Constant Basic Prices","1997","Crop and animal production, hunting and related service activities (01)","Euro Million","2971"
"Gross Value Added at Constant Basic Prices","1997","Forestry and logging (02)","Euro Million","24"
"Gross Value Added at Constant Basic Prices","1997","Fishing and aquaculture (03)","Euro Million","303"
"Gross Value Added at Constant Basic Prices","1997","Mining and quarrying (B)","Euro Million","220"
"Gross Value Added at Constant Basic Prices","1997","Mining and quarrying (05 to 09)","Euro Million","220"
"Gross Value Added at Constant Basic Prices","1997","Manufacturing (C)","Euro Million","28355"
"Gross Value Added at Constant Basic Prices","1997","Food products, beverages and tobacco (10 to 12)","Euro Million","4246"
"Gross Value Added at Constant Basic Prices","1997","Textiles, wearing apparel and leather products (13 to 15)","Euro Million","694"
"Gross Value Added at Constant Basic Prices","1997","Wood and wood products, except furniture (16)","Euro Million","361"
"Gross Value Added at Constant Basic Prices","1997","Pulp, paper and paper products (17)","Euro Million","185"
"Gross Value Added at Constant Basic Prices","1997","Printing and reproduction of recorded media (18)","Euro Million","939"
"Gross Value Added at Constant Basic Prices","1997","Coke and refined petroleum products (19)","Euro Million",""
"Gross Value Added at Constant Basic Prices","1997","Chemicals and chemical products (20)","Euro Million",""
"Gross Value Added at Constant Basic Prices","1997","Basic pharmaceutical products and preparations (21)","Euro Million","3899"
"Gross Value Added at Constant Basic Prices","1997","Rubber and plastic products (22)","Euro Million","904"
"Gross Value Added at Constant Basic Prices","1997","Other non-metallic mineral products (23)","Euro Million","1837"
"Gross Value Added at Constant Basic Prices","1997","Basic metals (24)","Euro Million","251"
"Gross Value Added at Constant Basic Prices","1997","Fabricated metal products (25)","Euro Million","1282"
"Gross Value Added at Constant Basic Prices","1997","Computer, electronic and optical products (26)","Euro Million","7741"
"Gross Value Added at Constant Basic Prices","1997","Electrical equipment (27)","Euro Million","192"
"Gross Value Added at Constant Basic Prices","1997","Manufacture of machinery and equipment n.e.c. (28)","Euro Million","1266"
"Gross Value Added at Constant Basic Prices","1997","Motor vehicles, trailers and semi-trailers (29)","Euro Million","218"
"Gross Value Added at Constant Basic Prices","1997","Other transport equipment (30)","Euro Million","352"
"Gross Value Added at Constant Basic Prices","1997","Furniture and other manufacturing (31,32)","Euro Million","9716"
"Gross Value Added at Constant Basic Prices","1997","Repair and installation of machinery and equipment (33 )","Euro Million","88"
"Gross Value Added at Constant Basic Prices","1997","Electricity, gas, steam and air conditioning supply (D)","Euro Million","2488"
"Gross Value Added at Constant Basic Prices","1997","Electricity, gas, steam and air conditioning supply (35)","Euro Million","2488"
"Gross Value Added at Constant Basic Prices","1997","Water supply; sewerage, waste management and remediation activities (E)","Euro Million","1008"
"Gross Value Added at Constant Basic Prices","1997","Water collection, treatment and supply (36)","Euro Million","455"
"Gross Value Added at Constant Basic Prices","1997","Sewerage, waste management and remediation activities (37 to 39)","Euro Million","621"
"Gross Value Added at Constant Basic Prices","1997","Construction (F)","Euro Million","10967"
"Gross Value Added at Constant Basic Prices","1997","Construction (41 to 43)","Euro Million","10967"
"Gross Value Added at Constant Basic Prices","1997","Wholesale and retail trade; repair of motor vehicles and motorcycles (G)","Euro Million","17528"
"Gross Value Added at Constant Basic Prices","1997","Wholesale and retail trade and repair of vehicles  (45)","Euro Million","2272"
"Gross Value Added at Constant Basic Prices","1997","Wholesale trade (46)","Euro Million","8283"
"Gross Value Added at Constant Basic Prices","1997","Retail trade (47)","Euro Million","7363"
"Gross Value Added at Constant Basic Prices","1997","Transportation and storage (H)","Euro Million","8575"
"Gross Value Added at Constant Basic Prices","1997","Land transport (49)","Euro Million","2307"
"Gross Value Added at Constant Basic Prices","1997","Water transport (50)","Euro Million","108"
"Gross Value Added at Constant Basic Prices","1997","Air transport (51)","Euro Million","122"
"Gross Value Added at Constant Basic Prices","1997","Warehousing and support activities for transportation (52)","Euro Million","2176"
"Gross Value Added at Constant Basic Prices","1997","Postal and courier activities (53)","Euro Million","1203"
"Gross Value Added at Constant Basic Prices","1997","Accommodation and food service activities (I)","Euro Million","5732"
"Gross Value Added at Constant Basic Prices","1997","Accommodation and food service activities (55,56)","Euro Million","5732"
"Gross Value Added at Constant Basic Prices","1997","Information and communication (J)","Euro Million","5786"
"Gross Value Added at Constant Basic Prices","1997","Publishing activities (58)","Euro Million","2472"
"Gross Value Added at Constant Basic Prices","1997","Audiovisual and broadcasting services (59,60)","Euro Million","392"
"Gross Value Added at Constant Basic Prices","1997","Telecommunications (61)","Euro Million","2060"
"Gross Value Added at Constant Basic Prices","1997","Computer programming, consultancy and Information service activities (62,63)","Euro Million","1526"
"Gross Value Added at Constant Basic Prices","1997","Financial and insurance activities (K)","Euro Million","10483"
"Gross Value Added at Constant Basic Prices","1997","Financial service activities (64)","Euro Million","8452"
"Gross Value Added at Constant Basic Prices","1997","Insurance, reinsurance and pension funding, except compulsory social security (65)","Euro Million","3789"
"Gross Value Added at Constant Basic Prices","1997","Activities auxiliary to financial services and insurance activities (66)","Euro Million","534"
"Gross Value Added at Constant Basic Prices","1997","Real estate activities (L)","Euro Million","15449"
"Gross Value Added at Constant Basic Prices","1997","Real estate activities (68)","Euro Million","15449"
"Gross Value Added at Constant Basic Prices","1997","Real estate activities of which: imputed rents of owner-occupied dwellings","Euro Million","13423"
"Gross Value Added at Constant Basic Prices","1997","Professional, scientific and technical activities (M)","Euro Million","7323"
"Gross Value Added at Constant Basic Prices","1997","Legal and accounting activities; head offices and management consultancy activities (69,70)","Euro Million","2119"
"Gross Value Added at Constant Basic Prices","1997","Architectural and engineering activities; technical testing and analysis (71)","Euro Million","3198"
"Gross Value Added at Constant Basic Prices","1997","Scientific research and development (72)","Euro Million","214"
"Gross Value Added at Constant Basic Prices","1997","Advertising and market research (73)","Euro Million","522"
"Gross Value Added at Constant Basic Prices","1997","Other professional, scientific, technical and veterinary activities (74,75)","Euro Million","2094"
"Gross Value Added at Constant Basic Prices","1997","Administrative and support service activities (N)","Euro Million","3223"
"Gross Value Added at Constant Basic Prices","1997","Rental and leasing activities  (77)","Euro Million","893"
"Gross Value Added at Constant Basic Prices","1997","Employment activities (78)","Euro Million","3726"
"Gross Value Added at Constant Basic Prices","1997","Travel agency and tourism service activities (79)","Euro Million","447"
"Gross Value Added at Constant Basic Prices","1997","Administrative and support service activities (80 to 82)","Euro Million","2798"
"Gross Value Added at Constant Basic Prices","1997","Public administration and defence; compulsory social security (O)","Euro Million","8449"
"Gross Value Added at Constant Basic Prices","1997","Public administration and defence; compulsory social security (84)","Euro Million","8449"
"Gross Value Added at Constant Basic Prices","1997","Education (P)","Euro Million","8370"
"Gross Value Added at Constant Basic Prices","1997","Education (85)","Euro Million","8370"
"Gross Value Added at Constant Basic Prices","1997","Human health and social work activities (Q)","Euro Million","7653"
"Gross Value Added at Constant Basic Prices","1997","Human health activities (86)","Euro Million","6174"
"Gross Value Added at Constant Basic Prices","1997","Residential care and social work activities (87,88)","Euro Million","1606"
"Gross Value Added at Constant Basic Prices","1997","Arts, entertainment and recreation (R)","Euro Million","1465"
"Gross Value Added at Constant Basic Prices","1997","Arts, entertainment and recreation (90 to 92)","Euro Million","1335"
"Gross Value Added at Constant Basic Prices","1997","Sports activities and amusement and recreation activities (93)","Euro Million","308"
"Gross Value Added at Constant Basic Prices","1997","Other service activities (S)","Euro Million","1248"
"Gross Value Added at Constant Basic Prices","1997","Activities of membership organisations (94)","Euro Million","567"
"Gross Value Added at Constant Basic Prices","1997","Repair of computers and personal and household goods (95)","Euro Million","48"
"Gross Value Added at Constant Basic Prices","1997","Other personal service activities (96)","Euro Million","782"
"Gross Value Added at Constant Basic Prices","1997","Activities of households as employers; producing activities of households for own use (T)","Euro Million","200"
"Gross Value Added at Constant Basic Prices","1997","Activities of households as employers; producing activities of households for own use (97,98)","Euro Million","200"
"Gross Value Added at Constant Basic Prices","1997","Activities of extraterritorial organisations and bodies (U)","Euro Million","0"
"Gross Value Added at Constant Basic Prices","1997","Activities of extraterritorial organisations and bodies (99)","Euro Million","0"
"Gross Value Added at Constant Basic Prices","1998","Agriculture, forestry and fishing (A)","Euro Million","3323"
"Gross Value Added at Constant Basic Prices","1998","Crop and animal production, hunting and related service activities (01)","Euro Million","2998"
"Gross Value Added at Constant Basic Prices","1998","Forestry and logging (02)","Euro Million","28"
"Gross Value Added at Constant Basic Prices","1998","Fishing and aquaculture (03)","Euro Million","279"
"Gross Value Added at Constant Basic Prices","1998","Mining and quarrying (B)","Euro Million","204"
"Gross Value Added at Constant Basic Prices","1998","Mining and quarrying (05 to 09)","Euro Million","204"
"Gross Value Added at Constant Basic Prices","1998","Manufacturing (C)","Euro Million","32461"
"Gross Value Added at Constant Basic Prices","1998","Food products, beverages and tobacco (10 to 12)","Euro Million","4355"
"Gross Value Added at Constant Basic Prices","1998","Textiles, wearing apparel and leather products (13 to 15)","Euro Million","709"
"Gross Value Added at Constant Basic Prices","1998","Wood and wood products, except furniture (16)","Euro Million","391"
"Gross Value Added at Constant Basic Prices","1998","Pulp, paper and paper products (17)","Euro Million","192"
"Gross Value Added at Constant Basic Prices","1998","Printing and reproduction of recorded media (18)","Euro Million","1022"
"Gross Value Added at Constant Basic Prices","1998","Coke and refined petroleum products (19)","Euro Million",""
"Gross Value Added at Constant Basic Prices","1998","Chemicals and chemical products (20)","Euro Million",""
"Gross Value Added at Constant Basic Prices","1998","Basic pharmaceutical products and preparations (21)","Euro Million","5362"
"Gross Value Added at Constant Basic Prices","1998","Rubber and plastic products (22)","Euro Million","906"
"Gross Value Added at Constant Basic Prices","1998","Other non-metallic mineral products (23)","Euro Million","1869"
"Gross Value Added at Constant Basic Prices","1998","Basic metals (24)","Euro Million","240"
"Gross Value Added at Constant Basic Prices","1998","Fabricated metal products (25)","Euro Million","1367"
"Gross Value Added at Constant Basic Prices","1998","Computer, electronic and optical products (26)","Euro Million","7536"
"Gross Value Added at Constant Basic Prices","1998","Electrical equipment (27)","Euro Million","254"
"Gross Value Added at Constant Basic Prices","1998","Manufacture of machinery and equipment n.e.c. (28)","Euro Million","1372"
"Gross Value Added at Constant Basic Prices","1998","Motor vehicles, trailers and semi-trailers (29)","Euro Million","247"
"Gross Value Added at Constant Basic Prices","1998","Other transport equipment (30)","Euro Million","396"
"Gross Value Added at Constant Basic Prices","1998","Furniture and other manufacturing (31,32)","Euro Million","10581"
"Gross Value Added at Constant Basic Prices","1998","Repair and installation of machinery and equipment (33 )","Euro Million","99"
"Gross Value Added at Constant Basic Prices","1998","Electricity, gas, steam and air conditioning supply (D)","Euro Million","2565"
"Gross Value Added at Constant Basic Prices","1998","Electricity, gas, steam and air conditioning supply (35)","Euro Million","2565"
"Gross Value Added at Constant Basic Prices","1998","Water supply; sewerage, waste management and remediation activities (E)","Euro Million","1078"
"Gross Value Added at Constant Basic Prices","1998","Water collection, treatment and supply (36)","Euro Million","486"
"Gross Value Added at Constant Basic Prices","1998","Sewerage, waste management and remediation activities (37 to 39)","Euro Million","664"
"Gross Value Added at Constant Basic Prices","1998","Construction (F)","Euro Million","11868"
"Gross Value Added at Constant Basic Prices","1998","Construction (41 to 43)","Euro Million","11868"
"Gross Value Added at Constant Basic Prices","1998","Wholesale and retail trade; repair of motor vehicles and motorcycles (G)","Euro Million","18716"
"Gross Value Added at Constant Basic Prices","1998","Wholesale and retail trade and repair of vehicles  (45)","Euro Million","2423"
"Gross Value Added at Constant Basic Prices","1998","Wholesale trade (46)","Euro Million","8817"
"Gross Value Added at Constant Basic Prices","1998","Retail trade (47)","Euro Million","7886"
"Gross Value Added at Constant Basic Prices","1998","Transportation and storage (H)","Euro Million","9110"
"Gross Value Added at Constant Basic Prices","1998","Land transport (49)","Euro Million","2331"
"Gross Value Added at Constant Basic Prices","1998","Water transport (50)","Euro Million","122"
"Gross Value Added at Constant Basic Prices","1998","Air transport (51)","Euro Million","142"
"Gross Value Added at Constant Basic Prices","1998","Warehousing and support activities for transportation (52)","Euro Million","2447"
"Gross Value Added at Constant Basic Prices","1998","Postal and courier activities (53)","Euro Million","1236"
"Gross Value Added at Constant Basic Prices","1998","Accommodation and food service activities (I)","Euro Million","6390"
"Gross Value Added at Constant Basic Prices","1998","Accommodation and food service activities (55,56)","Euro Million","6390"
"Gross Value Added at Constant Basic Prices","1998","Information and communication (J)","Euro Million","6750"
"Gross Value Added at Constant Basic Prices","1998","Publishing activities (58)","Euro Million","3058"
"Gross Value Added at Constant Basic Prices","1998","Audiovisual and broadcasting services (59,60)","Euro Million","508"
"Gross Value Added at Constant Basic Prices","1998","Telecommunications (61)","Euro Million","2054"
"Gross Value Added at Constant Basic Prices","1998","Computer programming, consultancy and Information service activities (62,63)","Euro Million","2017"
"Gross Value Added at Constant Basic Prices","1998","Financial and insurance activities (K)","Euro Million","11123"
"Gross Value Added at Constant Basic Prices","1998","Financial service activities (64)","Euro Million","8797"
"Gross Value Added at Constant Basic Prices","1998","Insurance, reinsurance and pension funding, except compulsory social security (65)","Euro Million","4181"
"Gross Value Added at Constant Basic Prices","1998","Activities auxiliary to financial services and insurance activities (66)","Euro Million","593"
"Gross Value Added at Constant Basic Prices","1998","Real estate activities (L)","Euro Million","17147"
"Gross Value Added at Constant Basic Prices","1998","Real estate activities (68)","Euro Million","17147"
"Gross Value Added at Constant Basic Prices","1998","Real estate activities of which: imputed rents of owner-occupied dwellings","Euro Million","14901"
"Gross Value Added at Constant Basic Prices","1998","Professional, scientific and technical activities (M)","Euro Million","7822"
"Gross Value Added at Constant Basic Prices","1998","Legal and accounting activities; head offices and management consultancy activities (69,70)","Euro Million","2317"
"Gross Value Added at Constant Basic Prices","1998","Architectural and engineering activities; technical testing and analysis (71)","Euro Million","3286"
"Gross Value Added at Constant Basic Prices","1998","Scientific research and development (72)","Euro Million","283"
"Gross Value Added at Constant Basic Prices","1998","Advertising and market research (73)","Euro Million","535"
"Gross Value Added at Constant Basic Prices","1998","Other professional, scientific, technical and veterinary activities (74,75)","Euro Million","2152"
"Gross Value Added at Constant Basic Prices","1998","Administrative and support service activities (N)","Euro Million","4020"
"Gross Value Added at Constant Basic Prices","1998","Rental and leasing activities  (77)","Euro Million","1288"
"Gross Value Added at Constant Basic Prices","1998","Employment activities (78)","Euro Million","3896"
"Gross Value Added at Constant Basic Prices","1998","Travel agency and tourism service activities (79)","Euro Million","460"
"Gross Value Added at Constant Basic Prices","1998","Administrative and support service activities (80 to 82)","Euro Million","2736"
"Gross Value Added at Constant Basic Prices","1998","Public administration and defence; compulsory social security (O)","Euro Million","8658"
"Gross Value Added at Constant Basic Prices","1998","Public administration and defence; compulsory social security (84)","Euro Million","8658"
"Gross Value Added at Constant Basic Prices","1998","Education (P)","Euro Million","8386"
"Gross Value Added at Constant Basic Prices","1998","Education (85)","Euro Million","8386"
"Gross Value Added at Constant Basic Prices","1998","Human health and social work activities (Q)","Euro Million","7916"
"Gross Value Added at Constant Basic Prices","1998","Human health activities (86)","Euro Million","6386"
"Gross Value Added at Constant Basic Prices","1998","Residential care and social work activities (87,88)","Euro Million","1661"
"Gross Value Added at Constant Basic Prices","1998","Arts, entertainment and recreation (R)","Euro Million","1518"
"Gross Value Added at Constant Basic Prices","1998","Arts, entertainment and recreation (90 to 92)","Euro Million","1384"
"Gross Value Added at Constant Basic Prices","1998","Sports activities and amusement and recreation activities (93)","Euro Million","318"
"Gross Value Added at Constant Basic Prices","1998","Other service activities (S)","Euro Million","1130"
"Gross Value Added at Constant Basic Prices","1998","Activities of membership organisations (94)","Euro Million","391"
"Gross Value Added at Constant Basic Prices","1998","Repair of computers and personal and household goods (95)","Euro Million","49"
"Gross Value Added at Constant Basic Prices","1998","Other personal service activities (96)","Euro Million","805"
"Gross Value Added at Constant Basic Prices","1998","Activities of households as employers; producing activities of households for own use (T)","Euro Million","191"
"Gross Value Added at Constant Basic Prices","1998","Activities of households as employers; producing activities of households for own use (97,98)","Euro Million","191"
"Gross Value Added at Constant Basic Prices","1998","Activities of extraterritorial organisations and bodies (U)","Euro Million","0"
"Gross Value Added at Constant Basic Prices","1998","Activities of extraterritorial organisations and bodies (99)","Euro Million","0"
"Gross Value Added at Constant Basic Prices","1999","Agriculture, forestry and fishing (A)","Euro Million","2888"
"Gross Value Added at Constant Basic Prices","1999","Crop and animal production, hunting and related service activities (01)","Euro Million","2600"
"Gross Value Added at Constant Basic Prices","1999","Forestry and logging (02)","Euro Million","32"
"Gross Value Added at Constant Basic Prices","1999","Fishing and aquaculture (03)","Euro Million","232"
"Gross Value Added at Constant Basic Prices","1999","Mining and quarrying (B)","Euro Million","241"
"Gross Value Added at Constant Basic Prices","1999","Mining and quarrying (05 to 09)","Euro Million","241"
"Gross Value Added at Constant Basic Prices","1999","Manufacturing (C)","Euro Million","36699"
"Gross Value Added at Constant Basic Prices","1999","Food products, beverages and tobacco (10 to 12)","Euro Million","4469"
"Gross Value Added at Constant Basic Prices","1999","Textiles, wearing apparel and leather products (13 to 15)","Euro Million","624"
"Gross Value Added at Constant Basic Prices","1999","Wood and wood products, except furniture (16)","Euro Million","431"
"Gross Value Added at Constant Basic Prices","1999","Pulp, paper and paper products (17)","Euro Million","185"
"Gross Value Added at Constant Basic Prices","1999","Printing and reproduction of recorded media (18)","Euro Million","964"
"Gross Value Added at Constant Basic Prices","1999","Coke and refined petroleum products (19)","Euro Million",""
"Gross Value Added at Constant Basic Prices","1999","Chemicals and chemical products (20)","Euro Million",""
"Gross Value Added at Constant Basic Prices","1999","Basic pharmaceutical products and preparations (21)","Euro Million","6870"
"Gross Value Added at Constant Basic Prices","1999","Rubber and plastic products (22)","Euro Million","913"
"Gross Value Added at Constant Basic Prices","1999","Other non-metallic mineral products (23)","Euro Million","1917"
"Gross Value Added at Constant Basic Prices","1999","Basic metals (24)","Euro Million","241"
"Gross Value Added at Constant Basic Prices","1999","Fabricated metal products (25)","Euro Million","1424"
"Gross Value Added at Constant Basic Prices","1999","Computer, electronic and optical products (26)","Euro Million","8848"
"Gross Value Added at Constant Basic Prices","1999","Electrical equipment (27)","Euro Million","269"
"Gross Value Added at Constant Basic Prices","1999","Manufacture of machinery and equipment n.e.c. (28)","Euro Million","1279"
"Gross Value Added at Constant Basic Prices","1999","Motor vehicles, trailers and semi-trailers (29)","Euro Million","261"
"Gross Value Added at Constant Basic Prices","1999","Other transport equipment (30)","Euro Million","421"
"Gross Value Added at Constant Basic Prices","1999","Furniture and other manufacturing (31,32)","Euro Million","12630"
"Gross Value Added at Constant Basic Prices","1999","Repair and installation of machinery and equipment (33 )","Euro Million","116"
"Gross Value Added at Constant Basic Prices","1999","Electricity, gas, steam and air conditioning supply (D)","Euro Million","2741"
"Gross Value Added at Constant Basic Prices","1999","Electricity, gas, steam and air conditioning supply (35)","Euro Million","2741"
"Gross Value Added at Constant Basic Prices","1999","Water supply; sewerage, waste management and remediation activities (E)","Euro Million","1125"
"Gross Value Added at Constant Basic Prices","1999","Water collection, treatment and supply (36)","Euro Million","498"
"Gross Value Added at Constant Basic Prices","1999","Sewerage, waste management and remediation activities (37 to 39)","Euro Million","699"
"Gross Value Added at Constant Basic Prices","1999","Construction (F)","Euro Million","13239"
"Gross Value Added at Constant Basic Prices","1999","Construction (41 to 43)","Euro Million","13239"
"Gross Value Added at Constant Basic Prices","1999","Wholesale and retail trade; repair of motor vehicles and motorcycles (G)","Euro Million","19712"
"Gross Value Added at Constant Basic Prices","1999","Wholesale and retail trade and repair of vehicles  (45)","Euro Million","2615"
"Gross Value Added at Constant Basic Prices","1999","Wholesale trade (46)","Euro Million","9576"
"Gross Value Added at Constant Basic Prices","1999","Retail trade (47)","Euro Million","7997"
"Gross Value Added at Constant Basic Prices","1999","Transportation and storage (H)","Euro Million","10016"
"Gross Value Added at Constant Basic Prices","1999","Land transport (49)","Euro Million","2573"
"Gross Value Added at Constant Basic Prices","1999","Water transport (50)","Euro Million","128"
"Gross Value Added at Constant Basic Prices","1999","Air transport (51)","Euro Million","169"
"Gross Value Added at Constant Basic Prices","1999","Warehousing and support activities for transportation (52)","Euro Million","2687"
"Gross Value Added at Constant Basic Prices","1999","Postal and courier activities (53)","Euro Million","1275"
"Gross Value Added at Constant Basic Prices","1999","Accommodation and food service activities (I)","Euro Million","6788"
"Gross Value Added at Constant Basic Prices","1999","Accommodation and food service activities (55,56)","Euro Million","6788"
"Gross Value Added at Constant Basic Prices","1999","Information and communication (J)","Euro Million","7661"
"Gross Value Added at Constant Basic Prices","1999","Publishing activities (58)","Euro Million","3340"
"Gross Value Added at Constant Basic Prices","1999","Audiovisual and broadcasting services (59,60)","Euro Million","483"
"Gross Value Added at Constant Basic Prices","1999","Telecommunications (61)","Euro Million","2157"
"Gross Value Added at Constant Basic Prices","1999","Computer programming, consultancy and Information service activities (62,63)","Euro Million","2677"
"Gross Value Added at Constant Basic Prices","1999","Financial and insurance activities (K)","Euro Million","11941"
"Gross Value Added at Constant Basic Prices","1999","Financial service activities (64)","Euro Million","9669"
"Gross Value Added at Constant Basic Prices","1999","Insurance, reinsurance and pension funding, except compulsory social security (65)","Euro Million","4184"
"Gross Value Added at Constant Basic Prices","1999","Activities auxiliary to financial services and insurance activities (66)","Euro Million","625"
"Gross Value Added at Constant Basic Prices","1999","Real estate activities (L)","Euro Million","18497"
"Gross Value Added at Constant Basic Prices","1999","Real estate activities (68)","Euro Million","18497"
"Gross Value Added at Constant Basic Prices","1999","Real estate activities of which: imputed rents of owner-occupied dwellings","Euro Million","16087"
"Gross Value Added at Constant Basic Prices","1999","Professional, scientific and technical activities (M)","Euro Million","7956"
"Gross Value Added at Constant Basic Prices","1999","Legal and accounting activities; head offices and management consultancy activities (69,70)","Euro Million","2629"
"Gross Value Added at Constant Basic Prices","1999","Architectural and engineering activities; technical testing and analysis (71)","Euro Million","2941"
"Gross Value Added at Constant Basic Prices","1999","Scientific research and development (72)","Euro Million","268"
"Gross Value Added at Constant Basic Prices","1999","Advertising and market research (73)","Euro Million","611"
"Gross Value Added at Constant Basic Prices","1999","Other professional, scientific, technical and veterinary activities (74,75)","Euro Million","1926"
"Gross Value Added at Constant Basic Prices","1999","Administrative and support service activities (N)","Euro Million","4718"
"Gross Value Added at Constant Basic Prices","1999","Rental and leasing activities  (77)","Euro Million","1612"
"Gross Value Added at Constant Basic Prices","1999","Employment activities (78)","Euro Million","4318"
"Gross Value Added at Constant Basic Prices","1999","Travel agency and tourism service activities (79)","Euro Million","479"
"Gross Value Added at Constant Basic Prices","1999","Administrative and support service activities (80 to 82)","Euro Million","2992"
"Gross Value Added at Constant Basic Prices","1999","Public administration and defence; compulsory social security (O)","Euro Million","9248"
"Gross Value Added at Constant Basic Prices","1999","Public administration and defence; compulsory social security (84)","Euro Million","9248"
"Gross Value Added at Constant Basic Prices","1999","Education (P)","Euro Million","8395"
"Gross Value Added at Constant Basic Prices","1999","Education (85)","Euro Million","8395"
"Gross Value Added at Constant Basic Prices","1999","Human health and social work activities (Q)","Euro Million","8409"
"Gross Value Added at Constant Basic Prices","1999","Human health activities (86)","Euro Million","6784"
"Gross Value Added at Constant Basic Prices","1999","Residential care and social work activities (87,88)","Euro Million","1765"
"Gross Value Added at Constant Basic Prices","1999","Arts, entertainment and recreation (R)","Euro Million","1615"
"Gross Value Added at Constant Basic Prices","1999","Arts, entertainment and recreation (90 to 92)","Euro Million","1472"
"Gross Value Added at Constant Basic Prices","1999","Sports activities and amusement and recreation activities (93)","Euro Million","339"
"Gross Value Added at Constant Basic Prices","1999","Other service activities (S)","Euro Million","1238"
"Gross Value Added at Constant Basic Prices","1999","Activities of membership organisations (94)","Euro Million","466"
"Gross Value Added at Constant Basic Prices","1999","Repair of computers and personal and household goods (95)","Euro Million","51"
"Gross Value Added at Constant Basic Prices","1999","Other personal service activities (96)","Euro Million","839"
"Gross Value Added at Constant Basic Prices","1999","Activities of households as employers; producing activities of households for own use (T)","Euro Million","198"
"Gross Value Added at Constant Basic Prices","1999","Activities of households as employers; producing activities of households for own use (97,98)","Euro Million","198"
"Gross Value Added at Constant Basic Prices","1999","Activities of extraterritorial organisations and bodies (U)","Euro Million","0"
"Gross Value Added at Constant Basic Prices","1999","Activities of extraterritorial organisations and bodies (99)","Euro Million","0"
"Gross Value Added at Constant Basic Prices","2000","Agriculture, forestry and fishing (A)","Euro Million","2908"
"Gross Value Added at Constant Basic Prices","2000","Crop and animal production, hunting and related service activities (01)","Euro Million","2627"
"Gross Value Added at Constant Basic Prices","2000","Forestry and logging (02)","Euro Million","41"
"Gross Value Added at Constant Basic Prices","2000","Fishing and aquaculture (03)","Euro Million","204"
"Gross Value Added at Constant Basic Prices","2000","Mining and quarrying (B)","Euro Million","294"
"Gross Value Added at Constant Basic Prices","2000","Mining and quarrying (05 to 09)","Euro Million","294"
"Gross Value Added at Constant Basic Prices","2000","Manufacturing (C)","Euro Million","41980"
"Gross Value Added at Constant Basic Prices","2000","Food products, beverages and tobacco (10 to 12)","Euro Million","4600"
"Gross Value Added at Constant Basic Prices","2000","Textiles, wearing apparel and leather products (13 to 15)","Euro Million","506"
"Gross Value Added at Constant Basic Prices","2000","Wood and wood products, except furniture (16)","Euro Million","417"
"Gross Value Added at Constant Basic Prices","2000","Pulp, paper and paper products (17)","Euro Million","189"
"Gross Value Added at Constant Basic Prices","2000","Printing and reproduction of recorded media (18)","Euro Million","816"
"Gross Value Added at Constant Basic Prices","2000","Coke and refined petroleum products (19)","Euro Million",""
"Gross Value Added at Constant Basic Prices","2000","Chemicals and chemical products (20)","Euro Million",""
"Gross Value Added at Constant Basic Prices","2000","Basic pharmaceutical products and preparations (21)","Euro Million","7560"
"Gross Value Added at Constant Basic Prices","2000","Rubber and plastic products (22)","Euro Million","935"
"Gross Value Added at Constant Basic Prices","2000","Other non-metallic mineral products (23)","Euro Million","2096"
"Gross Value Added at Constant Basic Prices","2000","Basic metals (24)","Euro Million","248"
"Gross Value Added at Constant Basic Prices","2000","Fabricated metal products (25)","Euro Million","1546"
"Gross Value Added at Constant Basic Prices","2000","Computer, electronic and optical products (26)","Euro Million","12448"
"Gross Value Added at Constant Basic Prices","2000","Electrical equipment (27)","Euro Million","382"
"Gross Value Added at Constant Basic Prices","2000","Manufacture of machinery and equipment n.e.c. (28)","Euro Million","1323"
"Gross Value Added at Constant Basic Prices","2000","Motor vehicles, trailers and semi-trailers (29)","Euro Million","323"
"Gross Value Added at Constant Basic Prices","2000","Other transport equipment (30)","Euro Million","521"
"Gross Value Added at Constant Basic Prices","2000","Furniture and other manufacturing (31,32)","Euro Million","17265"
"Gross Value Added at Constant Basic Prices","2000","Repair and installation of machinery and equipment (33 )","Euro Million","160"
"Gross Value Added at Constant Basic Prices","2000","Electricity, gas, steam and air conditioning supply (D)","Euro Million","2863"
"Gross Value Added at Constant Basic Prices","2000","Electricity, gas, steam and air conditioning supply (35)","Euro Million","2863"
"Gross Value Added at Constant Basic Prices","2000","Water supply; sewerage, waste management and remediation activities (E)","Euro Million","1204"
"Gross Value Added at Constant Basic Prices","2000","Water collection, treatment and supply (36)","Euro Million","512"
"Gross Value Added at Constant Basic Prices","2000","Sewerage, waste management and remediation activities (37 to 39)","Euro Million","760"
"Gross Value Added at Constant Basic Prices","2000","Construction (F)","Euro Million","14120"
"Gross Value Added at Constant Basic Prices","2000","Construction (41 to 43)","Euro Million","14120"
"Gross Value Added at Constant Basic Prices","2000","Wholesale and retail trade; repair of motor vehicles and motorcycles (G)","Euro Million","20279"
"Gross Value Added at Constant Basic Prices","2000","Wholesale and retail trade and repair of vehicles  (45)","Euro Million","3248"
"Gross Value Added at Constant Basic Prices","2000","Wholesale trade (46)","Euro Million","10490"
"Gross Value Added at Constant Basic Prices","2000","Retail trade (47)","Euro Million","7309"
"Gross Value Added at Constant Basic Prices","2000","Transportation and storage (H)","Euro Million","10648"
"Gross Value Added at Constant Basic Prices","2000","Land transport (49)","Euro Million","2664"
"Gross Value Added at Constant Basic Prices","2000","Water transport (50)","Euro Million","128"
"Gross Value Added at Constant Basic Prices","2000","Air transport (51)","Euro Million","203"
"Gross Value Added at Constant Basic Prices","2000","Warehousing and support activities for transportation (52)","Euro Million","2819"
"Gross Value Added at Constant Basic Prices","2000","Postal and courier activities (53)","Euro Million","1274"
"Gross Value Added at Constant Basic Prices","2000","Accommodation and food service activities (I)","Euro Million","6755"
"Gross Value Added at Constant Basic Prices","2000","Accommodation and food service activities (55,56)","Euro Million","6755"
"Gross Value Added at Constant Basic Prices","2000","Information and communication (J)","Euro Million","7734"
"Gross Value Added at Constant Basic Prices","2000","Publishing activities (58)","Euro Million","2959"
"Gross Value Added at Constant Basic Prices","2000","Audiovisual and broadcasting services (59,60)","Euro Million","471"
"Gross Value Added at Constant Basic Prices","2000","Telecommunications (61)","Euro Million","2321"
"Gross Value Added at Constant Basic Prices","2000","Computer programming, consultancy and Information service activities (62,63)","Euro Million","2910"
"Gross Value Added at Constant Basic Prices","2000","Financial and insurance activities (K)","Euro Million","14177"
"Gross Value Added at Constant Basic Prices","2000","Financial service activities (64)","Euro Million","12189"
"Gross Value Added at Constant Basic Prices","2000","Insurance, reinsurance and pension funding, except compulsory social security (65)","Euro Million","3932"
"Gross Value Added at Constant Basic Prices","2000","Activities auxiliary to financial services and insurance activities (66)","Euro Million","679"
"Gross Value Added at Constant Basic Prices","2000","Real estate activities (L)","Euro Million","19592"
"Gross Value Added at Constant Basic Prices","2000","Real estate activities (68)","Euro Million","19592"
"Gross Value Added at Constant Basic Prices","2000","Real estate activities of which: imputed rents of owner-occupied dwellings","Euro Million","17050"
"Gross Value Added at Constant Basic Prices","2000","Professional, scientific and technical activities (M)","Euro Million","8488"
"Gross Value Added at Constant Basic Prices","2000","Legal and accounting activities; head offices and management consultancy activities (69,70)","Euro Million","2850"
"Gross Value Added at Constant Basic Prices","2000","Architectural and engineering activities; technical testing and analysis (71)","Euro Million","3212"
"Gross Value Added at Constant Basic Prices","2000","Scientific research and development (72)","Euro Million","260"
"Gross Value Added at Constant Basic Prices","2000","Advertising and market research (73)","Euro Million","666"
"Gross Value Added at Constant Basic Prices","2000","Other professional, scientific, technical and veterinary activities (74,75)","Euro Million","1964"
"Gross Value Added at Constant Basic Prices","2000","Administrative and support service activities (N)","Euro Million","5535"
"Gross Value Added at Constant Basic Prices","2000","Rental and leasing activities  (77)","Euro Million","2213"
"Gross Value Added at Constant Basic Prices","2000","Employment activities (78)","Euro Million","4194"
"Gross Value Added at Constant Basic Prices","2000","Travel agency and tourism service activities (79)","Euro Million","539"
"Gross Value Added at Constant Basic Prices","2000","Administrative and support service activities (80 to 82)","Euro Million","2795"
"Gross Value Added at Constant Basic Prices","2000","Public administration and defence; compulsory social security (O)","Euro Million","8954"
"Gross Value Added at Constant Basic Prices","2000","Public administration and defence; compulsory social security (84)","Euro Million","8954"
"Gross Value Added at Constant Basic Prices","2000","Education (P)","Euro Million","8888"
"Gross Value Added at Constant Basic Prices","2000","Education (85)","Euro Million","8888"
"Gross Value Added at Constant Basic Prices","2000","Human health and social work activities (Q)","Euro Million","9181"
"Gross Value Added at Constant Basic Prices","2000","Human health activities (86)","Euro Million","7406"
"Gross Value Added at Constant Basic Prices","2000","Residential care and social work activities (87,88)","Euro Million","1928"
"Gross Value Added at Constant Basic Prices","2000","Arts, entertainment and recreation (R)","Euro Million","1565"
"Gross Value Added at Constant Basic Prices","2000","Arts, entertainment and recreation (90 to 92)","Euro Million","1427"
"Gross Value Added at Constant Basic Prices","2000","Sports activities and amusement and recreation activities (93)","Euro Million","328"
"Gross Value Added at Constant Basic Prices","2000","Other service activities (S)","Euro Million","1366"
"Gross Value Added at Constant Basic Prices","2000","Activities of membership organisations (94)","Euro Million","491"
"Gross Value Added at Constant Basic Prices","2000","Repair of computers and personal and household goods (95)","Euro Million","58"
"Gross Value Added at Constant Basic Prices","2000","Other personal service activities (96)","Euro Million","944"
"Gross Value Added at Constant Basic Prices","2000","Activities of households as employers; producing activities of households for own use (T)","Euro Million","150"
"Gross Value Added at Constant Basic Prices","2000","Activities of households as employers; producing activities of households for own use (97,98)","Euro Million","150"
"Gross Value Added at Constant Basic Prices","2000","Activities of extraterritorial organisations and bodies (U)","Euro Million","4"
"Gross Value Added at Constant Basic Prices","2000","Activities of extraterritorial organisations and bodies (99)","Euro Million","4"
"Gross Value Added at Constant Basic Prices","2001","Agriculture, forestry and fishing (A)","Euro Million","2539"
"Gross Value Added at Constant Basic Prices","2001","Crop and animal production, hunting and related service activities (01)","Euro Million","2261"
"Gross Value Added at Constant Basic Prices","2001","Forestry and logging (02)","Euro Million","42"
"Gross Value Added at Constant Basic Prices","2001","Fishing and aquaculture (03)","Euro Million","199"
"Gross Value Added at Constant Basic Prices","2001","Mining and quarrying (B)","Euro Million","300"
"Gross Value Added at Constant Basic Prices","2001","Mining and quarrying (05 to 09)","Euro Million","300"
"Gross Value Added at Constant Basic Prices","2001","Manufacturing (C)","Euro Million","44177"
"Gross Value Added at Constant Basic Prices","2001","Food products, beverages and tobacco (10 to 12)","Euro Million","4837"
"Gross Value Added at Constant Basic Prices","2001","Textiles, wearing apparel and leather products (13 to 15)","Euro Million","551"
"Gross Value Added at Constant Basic Prices","2001","Wood and wood products, except furniture (16)","Euro Million","384"
"Gross Value Added at Constant Basic Prices","2001","Pulp, paper and paper products (17)","Euro Million","194"
"Gross Value Added at Constant Basic Prices","2001","Printing and reproduction of recorded media (18)","Euro Million","771"
"Gross Value Added at Constant Basic Prices","2001","Coke and refined petroleum products (19)","Euro Million",""
"Gross Value Added at Constant Basic Prices","2001","Chemicals and chemical products (20)","Euro Million",""
"Gross Value Added at Constant Basic Prices","2001","Basic pharmaceutical products and preparations (21)","Euro Million","9057"
"Gross Value Added at Constant Basic Prices","2001","Rubber and plastic products (22)","Euro Million","937"
"Gross Value Added at Constant Basic Prices","2001","Other non-metallic mineral products (23)","Euro Million","2109"
"Gross Value Added at Constant Basic Prices","2001","Basic metals (24)","Euro Million","223"
"Gross Value Added at Constant Basic Prices","2001","Fabricated metal products (25)","Euro Million","1424"
"Gross Value Added at Constant Basic Prices","2001","Computer, electronic and optical products (26)","Euro Million","10605"
"Gross Value Added at Constant Basic Prices","2001","Electrical equipment (27)","Euro Million","457"
"Gross Value Added at Constant Basic Prices","2001","Manufacture of machinery and equipment n.e.c. (28)","Euro Million","1252"
"Gross Value Added at Constant Basic Prices","2001","Motor vehicles, trailers and semi-trailers (29)","Euro Million","337"
"Gross Value Added at Constant Basic Prices","2001","Other transport equipment (30)","Euro Million","545"
"Gross Value Added at Constant Basic Prices","2001","Furniture and other manufacturing (31,32)","Euro Million","16117"
"Gross Value Added at Constant Basic Prices","2001","Repair and installation of machinery and equipment (33 )","Euro Million","209"
"Gross Value Added at Constant Basic Prices","2001","Electricity, gas, steam and air conditioning supply (D)","Euro Million","3091"
"Gross Value Added at Constant Basic Prices","2001","Electricity, gas, steam and air conditioning supply (35)","Euro Million","3091"
"Gross Value Added at Constant Basic Prices","2001","Water supply; sewerage, waste management and remediation activities (E)","Euro Million","1316"
"Gross Value Added at Constant Basic Prices","2001","Water collection, treatment and supply (36)","Euro Million","556"
"Gross Value Added at Constant Basic Prices","2001","Sewerage, waste management and remediation activities (37 to 39)","Euro Million","833"
"Gross Value Added at Constant Basic Prices","2001","Construction (F)","Euro Million","14570"
"Gross Value Added at Constant Basic Prices","2001","Construction (41 to 43)","Euro Million","14570"
"Gross Value Added at Constant Basic Prices","2001","Wholesale and retail trade; repair of motor vehicles and motorcycles (G)","Euro Million","19368"
"Gross Value Added at Constant Basic Prices","2001","Wholesale and retail trade and repair of vehicles  (45)","Euro Million","2359"
"Gross Value Added at Constant Basic Prices","2001","Wholesale trade (46)","Euro Million","9658"
"Gross Value Added at Constant Basic Prices","2001","Retail trade (47)","Euro Million","7711"
"Gross Value Added at Constant Basic Prices","2001","Transportation and storage (H)","Euro Million","11008"
"Gross Value Added at Constant Basic Prices","2001","Land transport (49)","Euro Million","2807"
"Gross Value Added at Constant Basic Prices","2001","Water transport (50)","Euro Million","115"
"Gross Value Added at Constant Basic Prices","2001","Air transport (51)","Euro Million","224"
"Gross Value Added at Constant Basic Prices","2001","Warehousing and support activities for transportation (52)","Euro Million","2713"
"Gross Value Added at Constant Basic Prices","2001","Postal and courier activities (53)","Euro Million","1293"
"Gross Value Added at Constant Basic Prices","2001","Accommodation and food service activities (I)","Euro Million","7008"
"Gross Value Added at Constant Basic Prices","2001","Accommodation and food service activities (55,56)","Euro Million","7008"
"Gross Value Added at Constant Basic Prices","2001","Information and communication (J)","Euro Million","8052"
"Gross Value Added at Constant Basic Prices","2001","Publishing activities (58)","Euro Million","2670"
"Gross Value Added at Constant Basic Prices","2001","Audiovisual and broadcasting services (59,60)","Euro Million","360"
"Gross Value Added at Constant Basic Prices","2001","Telecommunications (61)","Euro Million","2449"
"Gross Value Added at Constant Basic Prices","2001","Computer programming, consultancy and Information service activities (62,63)","Euro Million","3578"
"Gross Value Added at Constant Basic Prices","2001","Financial and insurance activities (K)","Euro Million","15513"
"Gross Value Added at Constant Basic Prices","2001","Financial service activities (64)","Euro Million","13613"
"Gross Value Added at Constant Basic Prices","2001","Insurance, reinsurance and pension funding, except compulsory social security (65)","Euro Million","4027"
"Gross Value Added at Constant Basic Prices","2001","Activities auxiliary to financial services and insurance activities (66)","Euro Million","724"
"Gross Value Added at Constant Basic Prices","2001","Real estate activities (L)","Euro Million","20408"
"Gross Value Added at Constant Basic Prices","2001","Real estate activities (68)","Euro Million","20408"
"Gross Value Added at Constant Basic Prices","2001","Real estate activities of which: imputed rents of owner-occupied dwellings","Euro Million","17740"
"Gross Value Added at Constant Basic Prices","2001","Professional, scientific and technical activities (M)","Euro Million","8851"
"Gross Value Added at Constant Basic Prices","2001","Legal and accounting activities; head offices and management consultancy activities (69,70)","Euro Million","3126"
"Gross Value Added at Constant Basic Prices","2001","Architectural and engineering activities; technical testing and analysis (71)","Euro Million","3259"
"Gross Value Added at Constant Basic Prices","2001","Scientific research and development (72)","Euro Million","202"
"Gross Value Added at Constant Basic Prices","2001","Advertising and market research (73)","Euro Million","632"
"Gross Value Added at Constant Basic Prices","2001","Other professional, scientific, technical and veterinary activities (74,75)","Euro Million","1999"
"Gross Value Added at Constant Basic Prices","2001","Administrative and support service activities (N)","Euro Million","7082"
"Gross Value Added at Constant Basic Prices","2001","Rental and leasing activities  (77)","Euro Million","3665"
"Gross Value Added at Constant Basic Prices","2001","Employment activities (78)","Euro Million","4098"
"Gross Value Added at Constant Basic Prices","2001","Travel agency and tourism service activities (79)","Euro Million","579"
"Gross Value Added at Constant Basic Prices","2001","Administrative and support service activities (80 to 82)","Euro Million","2218"
"Gross Value Added at Constant Basic Prices","2001","Public administration and defence; compulsory social security (O)","Euro Million","8681"
"Gross Value Added at Constant Basic Prices","2001","Public administration and defence; compulsory social security (84)","Euro Million","8681"
"Gross Value Added at Constant Basic Prices","2001","Education (P)","Euro Million","8966"
"Gross Value Added at Constant Basic Prices","2001","Education (85)","Euro Million","8966"
"Gross Value Added at Constant Basic Prices","2001","Human health and social work activities (Q)","Euro Million","9918"
"Gross Value Added at Constant Basic Prices","2001","Human health activities (86)","Euro Million","7997"
"Gross Value Added at Constant Basic Prices","2001","Residential care and social work activities (87,88)","Euro Million","2088"
"Gross Value Added at Constant Basic Prices","2001","Arts, entertainment and recreation (R)","Euro Million","1656"
"Gross Value Added at Constant Basic Prices","2001","Arts, entertainment and recreation (90 to 92)","Euro Million","1510"
"Gross Value Added at Constant Basic Prices","2001","Sports activities and amusement and recreation activities (93)","Euro Million","347"
"Gross Value Added at Constant Basic Prices","2001","Other service activities (S)","Euro Million","1444"
"Gross Value Added at Constant Basic Prices","2001","Activities of membership organisations (94)","Euro Million","501"
"Gross Value Added at Constant Basic Prices","2001","Repair of computers and personal and household goods (95)","Euro Million","62"
"Gross Value Added at Constant Basic Prices","2001","Other personal service activities (96)","Euro Million","1013"
"Gross Value Added at Constant Basic Prices","2001","Activities of households as employers; producing activities of households for own use (T)","Euro Million","155"
"Gross Value Added at Constant Basic Prices","2001","Activities of households as employers; producing activities of households for own use (97,98)","Euro Million","155"
"Gross Value Added at Constant Basic Prices","2001","Activities of extraterritorial organisations and bodies (U)","Euro Million","5"
"Gross Value Added at Constant Basic Prices","2001","Activities of extraterritorial organisations and bodies (99)","Euro Million","5"
"Gross Value Added at Constant Basic Prices","2002","Agriculture, forestry and fishing (A)","Euro Million","2536"
"Gross Value Added at Constant Basic Prices","2002","Crop and animal production, hunting and related service activities (01)","Euro Million","2271"
"Gross Value Added at Constant Basic Prices","2002","Forestry and logging (02)","Euro Million","44"
"Gross Value Added at Constant Basic Prices","2002","Fishing and aquaculture (03)","Euro Million","182"
"Gross Value Added at Constant Basic Prices","2002","Mining and quarrying (B)","Euro Million","292"
"Gross Value Added at Constant Basic Prices","2002","Mining and quarrying (05 to 09)","Euro Million","292"
"Gross Value Added at Constant Basic Prices","2002","Manufacturing (C)","Euro Million","49330"
"Gross Value Added at Constant Basic Prices","2002","Food products, beverages and tobacco (10 to 12)","Euro Million","5001"
"Gross Value Added at Constant Basic Prices","2002","Textiles, wearing apparel and leather products (13 to 15)","Euro Million","393"
"Gross Value Added at Constant Basic Prices","2002","Wood and wood products, except furniture (16)","Euro Million","434"
"Gross Value Added at Constant Basic Prices","2002","Pulp, paper and paper products (17)","Euro Million","191"
"Gross Value Added at Constant Basic Prices","2002","Printing and reproduction of recorded media (18)","Euro Million","780"
"Gross Value Added at Constant Basic Prices","2002","Coke and refined petroleum products (19)","Euro Million",""
"Gross Value Added at Constant Basic Prices","2002","Chemicals and chemical products (20)","Euro Million",""
"Gross Value Added at Constant Basic Prices","2002","Basic pharmaceutical products and preparations (21)","Euro Million","11654"
"Gross Value Added at Constant Basic Prices","2002","Rubber and plastic products (22)","Euro Million","851"
"Gross Value Added at Constant Basic Prices","2002","Other non-metallic mineral products (23)","Euro Million","2044"
"Gross Value Added at Constant Basic Prices","2002","Basic metals (24)","Euro Million","218"
"Gross Value Added at Constant Basic Prices","2002","Fabricated metal products (25)","Euro Million","1398"
"Gross Value Added at Constant Basic Prices","2002","Computer, electronic and optical products (26)","Euro Million","11103"
"Gross Value Added at Constant Basic Prices","2002","Electrical equipment (27)","Euro Million","495"
"Gross Value Added at Constant Basic Prices","2002","Manufacture of machinery and equipment n.e.c. (28)","Euro Million","1227"
"Gross Value Added at Constant Basic Prices","2002","Motor vehicles, trailers and semi-trailers (29)","Euro Million","297"
"Gross Value Added at Constant Basic Prices","2002","Other transport equipment (30)","Euro Million","476"
"Gross Value Added at Constant Basic Prices","2002","Furniture and other manufacturing (31,32)","Euro Million","13935"
"Gross Value Added at Constant Basic Prices","2002","Repair and installation of machinery and equipment (33 )","Euro Million","203"
"Gross Value Added at Constant Basic Prices","2002","Electricity, gas, steam and air conditioning supply (D)","Euro Million","3227"
"Gross Value Added at Constant Basic Prices","2002","Electricity, gas, steam and air conditioning supply (35)","Euro Million","3227"
"Gross Value Added at Constant Basic Prices","2002","Water supply; sewerage, waste management and remediation activities (E)","Euro Million","1396"
"Gross Value Added at Constant Basic Prices","2002","Water collection, treatment and supply (36)","Euro Million","600"
"Gross Value Added at Constant Basic Prices","2002","Sewerage, waste management and remediation activities (37 to 39)","Euro Million","878"
"Gross Value Added at Constant Basic Prices","2002","Construction (F)","Euro Million","14839"
"Gross Value Added at Constant Basic Prices","2002","Construction (41 to 43)","Euro Million","14839"
"Gross Value Added at Constant Basic Prices","2002","Wholesale and retail trade; repair of motor vehicles and motorcycles (G)","Euro Million","19618"
"Gross Value Added at Constant Basic Prices","2002","Wholesale and retail trade and repair of vehicles  (45)","Euro Million","2247"
"Gross Value Added at Constant Basic Prices","2002","Wholesale trade (46)","Euro Million","10306"
"Gross Value Added at Constant Basic Prices","2002","Retail trade (47)","Euro Million","7593"
"Gross Value Added at Constant Basic Prices","2002","Transportation and storage (H)","Euro Million","11423"
"Gross Value Added at Constant Basic Prices","2002","Land transport (49)","Euro Million","3007"
"Gross Value Added at Constant Basic Prices","2002","Water transport (50)","Euro Million","117"
"Gross Value Added at Constant Basic Prices","2002","Air transport (51)","Euro Million","231"
"Gross Value Added at Constant Basic Prices","2002","Warehousing and support activities for transportation (52)","Euro Million","2702"
"Gross Value Added at Constant Basic Prices","2002","Postal and courier activities (53)","Euro Million","1311"
"Gross Value Added at Constant Basic Prices","2002","Accommodation and food service activities (I)","Euro Million","6982"
"Gross Value Added at Constant Basic Prices","2002","Accommodation and food service activities (55,56)","Euro Million","6982"
"Gross Value Added at Constant Basic Prices","2002","Information and communication (J)","Euro Million","8939"
"Gross Value Added at Constant Basic Prices","2002","Publishing activities (58)","Euro Million","3133"
"Gross Value Added at Constant Basic Prices","2002","Audiovisual and broadcasting services (59,60)","Euro Million","365"
"Gross Value Added at Constant Basic Prices","2002","Telecommunications (61)","Euro Million","2548"
"Gross Value Added at Constant Basic Prices","2002","Computer programming, consultancy and Information service activities (62,63)","Euro Million","3918"
"Gross Value Added at Constant Basic Prices","2002","Financial and insurance activities (K)","Euro Million","16197"
"Gross Value Added at Constant Basic Prices","2002","Financial service activities (64)","Euro Million","14002"
"Gross Value Added at Constant Basic Prices","2002","Insurance, reinsurance and pension funding, except compulsory social security (65)","Euro Million","4569"
"Gross Value Added at Constant Basic Prices","2002","Activities auxiliary to financial services and insurance activities (66)","Euro Million","710"
"Gross Value Added at Constant Basic Prices","2002","Real estate activities (L)","Euro Million","21725"
"Gross Value Added at Constant Basic Prices","2002","Real estate activities (68)","Euro Million","21725"
"Gross Value Added at Constant Basic Prices","2002","Real estate activities of which: imputed rents of owner-occupied dwellings","Euro Million","18885"
"Gross Value Added at Constant Basic Prices","2002","Professional, scientific and technical activities (M)","Euro Million","8892"
"Gross Value Added at Constant Basic Prices","2002","Legal and accounting activities; head offices and management consultancy activities (69,70)","Euro Million","3229"
"Gross Value Added at Constant Basic Prices","2002","Architectural and engineering activities; technical testing and analysis (71)","Euro Million","3222"
"Gross Value Added at Constant Basic Prices","2002","Scientific research and development (72)","Euro Million","205"
"Gross Value Added at Constant Basic Prices","2002","Advertising and market research (73)","Euro Million","576"
"Gross Value Added at Constant Basic Prices","2002","Other professional, scientific, technical and veterinary activities (74,75)","Euro Million","1967"
"Gross Value Added at Constant Basic Prices","2002","Administrative and support service activities (N)","Euro Million","7440"
"Gross Value Added at Constant Basic Prices","2002","Rental and leasing activities  (77)","Euro Million","3963"
"Gross Value Added at Constant Basic Prices","2002","Employment activities (78)","Euro Million","3969"
"Gross Value Added at Constant Basic Prices","2002","Travel agency and tourism service activities (79)","Euro Million","620"
"Gross Value Added at Constant Basic Prices","2002","Administrative and support service activities (80 to 82)","Euro Million","2255"
"Gross Value Added at Constant Basic Prices","2002","Public administration and defence; compulsory social security (O)","Euro Million","8422"
"Gross Value Added at Constant Basic Prices","2002","Public administration and defence; compulsory social security (84)","Euro Million","8422"
"Gross Value Added at Constant Basic Prices","2002","Education (P)","Euro Million","9066"
"Gross Value Added at Constant Basic Prices","2002","Education (85)","Euro Million","9066"
"Gross Value Added at Constant Basic Prices","2002","Human health and social work activities (Q)","Euro Million","10843"
"Gross Value Added at Constant Basic Prices","2002","Human health activities (86)","Euro Million","8670"
"Gross Value Added at Constant Basic Prices","2002","Residential care and social work activities (87,88)","Euro Million","2413"
"Gross Value Added at Constant Basic Prices","2002","Arts, entertainment and recreation (R)","Euro Million","1750"
"Gross Value Added at Constant Basic Prices","2002","Arts, entertainment and recreation (90 to 92)","Euro Million","1595"
"Gross Value Added at Constant Basic Prices","2002","Sports activities and amusement and recreation activities (93)","Euro Million","367"
"Gross Value Added at Constant Basic Prices","2002","Other service activities (S)","Euro Million","1547"
"Gross Value Added at Constant Basic Prices","2002","Activities of membership organisations (94)","Euro Million","537"
"Gross Value Added at Constant Basic Prices","2002","Repair of computers and personal and household goods (95)","Euro Million","67"
"Gross Value Added at Constant Basic Prices","2002","Other personal service activities (96)","Euro Million","1085"
"Gross Value Added at Constant Basic Prices","2002","Activities of households as employers; producing activities of households for own use (T)","Euro Million","153"
"Gross Value Added at Constant Basic Prices","2002","Activities of households as employers; producing activities of households for own use (97,98)","Euro Million","153"
"Gross Value Added at Constant Basic Prices","2002","Activities of extraterritorial organisations and bodies (U)","Euro Million","5"
"Gross Value Added at Constant Basic Prices","2002","Activities of extraterritorial organisations and bodies (99)","Euro Million","5"
"Gross Value Added at Constant Basic Prices","2003","Agriculture, forestry and fishing (A)","Euro Million","2662"
"Gross Value Added at Constant Basic Prices","2003","Crop and animal production, hunting and related service activities (01)","Euro Million","2438"
"Gross Value Added at Constant Basic Prices","2003","Forestry and logging (02)","Euro Million","39"
"Gross Value Added at Constant Basic Prices","2003","Fishing and aquaculture (03)","Euro Million","152"
"Gross Value Added at Constant Basic Prices","2003","Mining and quarrying (B)","Euro Million","358"
"Gross Value Added at Constant Basic Prices","2003","Mining and quarrying (05 to 09)","Euro Million","358"
"Gross Value Added at Constant Basic Prices","2003","Manufacturing (C)","Euro Million","48932"
"Gross Value Added at Constant Basic Prices","2003","Food products, beverages and tobacco (10 to 12)","Euro Million","5215"
"Gross Value Added at Constant Basic Prices","2003","Textiles, wearing apparel and leather products (13 to 15)","Euro Million","364"
"Gross Value Added at Constant Basic Prices","2003","Wood and wood products, except furniture (16)","Euro Million","450"
"Gross Value Added at Constant Basic Prices","2003","Pulp, paper and paper products (17)","Euro Million","182"
"Gross Value Added at Constant Basic Prices","2003","Printing and reproduction of recorded media (18)","Euro Million","751"
"Gross Value Added at Constant Basic Prices","2003","Coke and refined petroleum products (19)","Euro Million",""
"Gross Value Added at Constant Basic Prices","2003","Chemicals and chemical products (20)","Euro Million",""
"Gross Value Added at Constant Basic Prices","2003","Basic pharmaceutical products and preparations (21)","Euro Million","12349"
"Gross Value Added at Constant Basic Prices","2003","Rubber and plastic products (22)","Euro Million","908"
"Gross Value Added at Constant Basic Prices","2003","Other non-metallic mineral products (23)","Euro Million","2147"
"Gross Value Added at Constant Basic Prices","2003","Basic metals (24)","Euro Million","208"
"Gross Value Added at Constant Basic Prices","2003","Fabricated metal products (25)","Euro Million","1411"
"Gross Value Added at Constant Basic Prices","2003","Computer, electronic and optical products (26)","Euro Million","8720"
"Gross Value Added at Constant Basic Prices","2003","Electrical equipment (27)","Euro Million","495"
"Gross Value Added at Constant Basic Prices","2003","Manufacture of machinery and equipment n.e.c. (28)","Euro Million","1308"
"Gross Value Added at Constant Basic Prices","2003","Motor vehicles, trailers and semi-trailers (29)","Euro Million","288"
"Gross Value Added at Constant Basic Prices","2003","Other transport equipment (30)","Euro Million","470"
"Gross Value Added at Constant Basic Prices","2003","Furniture and other manufacturing (31,32)","Euro Million","10710"
"Gross Value Added at Constant Basic Prices","2003","Repair and installation of machinery and equipment (33 )","Euro Million","239"
"Gross Value Added at Constant Basic Prices","2003","Electricity, gas, steam and air conditioning supply (D)","Euro Million","3346"
"Gross Value Added at Constant Basic Prices","2003","Electricity, gas, steam and air conditioning supply (35)","Euro Million","3346"
"Gross Value Added at Constant Basic Prices","2003","Water supply; sewerage, waste management and remediation activities (E)","Euro Million","1516"
"Gross Value Added at Constant Basic Prices","2003","Water collection, treatment and supply (36)","Euro Million","661"
"Gross Value Added at Constant Basic Prices","2003","Sewerage, waste management and remediation activities (37 to 39)","Euro Million","947"
"Gross Value Added at Constant Basic Prices","2003","Construction (F)","Euro Million","15767"
"Gross Value Added at Constant Basic Prices","2003","Construction (41 to 43)","Euro Million","15767"
"Gross Value Added at Constant Basic Prices","2003","Wholesale and retail trade; repair of motor vehicles and motorcycles (G)","Euro Million","19569"
"Gross Value Added at Constant Basic Prices","2003","Wholesale and retail trade and repair of vehicles  (45)","Euro Million","2139"
"Gross Value Added at Constant Basic Prices","2003","Wholesale trade (46)","Euro Million","10411"
"Gross Value Added at Constant Basic Prices","2003","Retail trade (47)","Euro Million","7562"
"Gross Value Added at Constant Basic Prices","2003","Transportation and storage (H)","Euro Million","11881"
"Gross Value Added at Constant Basic Prices","2003","Land transport (49)","Euro Million","3183"
"Gross Value Added at Constant Basic Prices","2003","Water transport (50)","Euro Million","120"
"Gross Value Added at Constant Basic Prices","2003","Air transport (51)","Euro Million","250"
"Gross Value Added at Constant Basic Prices","2003","Warehousing and support activities for transportation (52)","Euro Million","2891"
"Gross Value Added at Constant Basic Prices","2003","Postal and courier activities (53)","Euro Million","1232"
"Gross Value Added at Constant Basic Prices","2003","Accommodation and food service activities (I)","Euro Million","7477"
"Gross Value Added at Constant Basic Prices","2003","Accommodation and food service activities (55,56)","Euro Million","7477"
"Gross Value Added at Constant Basic Prices","2003","Information and communication (J)","Euro Million","8006"
"Gross Value Added at Constant Basic Prices","2003","Publishing activities (58)","Euro Million","1828"
"Gross Value Added at Constant Basic Prices","2003","Audiovisual and broadcasting services (59,60)","Euro Million","499"
"Gross Value Added at Constant Basic Prices","2003","Telecommunications (61)","Euro Million","2662"
"Gross Value Added at Constant Basic Prices","2003","Computer programming, consultancy and Information service activities (62,63)","Euro Million","4157"
"Gross Value Added at Constant Basic Prices","2003","Financial and insurance activities (K)","Euro Million","16178"
"Gross Value Added at Constant Basic Prices","2003","Financial service activities (64)","Euro Million","13844"
"Gross Value Added at Constant Basic Prices","2003","Insurance, reinsurance and pension funding, except compulsory social security (65)","Euro Million","5011"
"Gross Value Added at Constant Basic Prices","2003","Activities auxiliary to financial services and insurance activities (66)","Euro Million","628"
"Gross Value Added at Constant Basic Prices","2003","Real estate activities (L)","Euro Million","24290"
"Gross Value Added at Constant Basic Prices","2003","Real estate activities (68)","Euro Million","24290"
"Gross Value Added at Constant Basic Prices","2003","Real estate activities of which: imputed rents of owner-occupied dwellings","Euro Million","21118"
"Gross Value Added at Constant Basic Prices","2003","Professional, scientific and technical activities (M)","Euro Million","8847"
"Gross Value Added at Constant Basic Prices","2003","Legal and accounting activities; head offices and management consultancy activities (69,70)","Euro Million","3198"
"Gross Value Added at Constant Basic Prices","2003","Architectural and engineering activities; technical testing and analysis (71)","Euro Million","3191"
"Gross Value Added at Constant Basic Prices","2003","Scientific research and development (72)","Euro Million","284"
"Gross Value Added at Constant Basic Prices","2003","Advertising and market research (73)","Euro Million","567"
"Gross Value Added at Constant Basic Prices","2003","Other professional, scientific, technical and veterinary activities (74,75)","Euro Million","1907"
"Gross Value Added at Constant Basic Prices","2003","Administrative and support service activities (N)","Euro Million","7403"
"Gross Value Added at Constant Basic Prices","2003","Rental and leasing activities  (77)","Euro Million","3496"
"Gross Value Added at Constant Basic Prices","2003","Employment activities (78)","Euro Million","3893"
"Gross Value Added at Constant Basic Prices","2003","Travel agency and tourism service activities (79)","Euro Million","625"
"Gross Value Added at Constant Basic Prices","2003","Administrative and support service activities (80 to 82)","Euro Million","2591"
"Gross Value Added at Constant Basic Prices","2003","Public administration and defence; compulsory social security (O)","Euro Million","8242"
"Gross Value Added at Constant Basic Prices","2003","Public administration and defence; compulsory social security (84)","Euro Million","8242"
"Gross Value Added at Constant Basic Prices","2003","Education (P)","Euro Million","9160"
"Gross Value Added at Constant Basic Prices","2003","Education (85)","Euro Million","9160"
"Gross Value Added at Constant Basic Prices","2003","Human health and social work activities (Q)","Euro Million","11503"
"Gross Value Added at Constant Basic Prices","2003","Human health activities (86)","Euro Million","9267"
"Gross Value Added at Constant Basic Prices","2003","Residential care and social work activities (87,88)","Euro Million","2449"
"Gross Value Added at Constant Basic Prices","2003","Arts, entertainment and recreation (R)","Euro Million","1751"
"Gross Value Added at Constant Basic Prices","2003","Arts, entertainment and recreation (90 to 92)","Euro Million","1597"
"Gross Value Added at Constant Basic Prices","2003","Sports activities and amusement and recreation activities (93)","Euro Million","367"
"Gross Value Added at Constant Basic Prices","2003","Other service activities (S)","Euro Million","1557"
"Gross Value Added at Constant Basic Prices","2003","Activities of membership organisations (94)","Euro Million","538"
"Gross Value Added at Constant Basic Prices","2003","Repair of computers and personal and household goods (95)","Euro Million","67"
"Gross Value Added at Constant Basic Prices","2003","Other personal service activities (96)","Euro Million","1094"
"Gross Value Added at Constant Basic Prices","2003","Activities of households as employers; producing activities of households for own use (T)","Euro Million","169"
"Gross Value Added at Constant Basic Prices","2003","Activities of households as employers; producing activities of households for own use (97,98)","Euro Million","169"
"Gross Value Added at Constant Basic Prices","2003","Activities of extraterritorial organisations and bodies (U)","Euro Million","5"
"Gross Value Added at Constant Basic Prices","2003","Activities of extraterritorial organisations and bodies (99)","Euro Million","5"
"Gross Value Added at Constant Basic Prices","2004","Agriculture, forestry and fishing (A)","Euro Million","3024"
"Gross Value Added at Constant Basic Prices","2004","Crop and animal production, hunting and related service activities (01)","Euro Million","2820"
"Gross Value Added at Constant Basic Prices","2004","Forestry and logging (02)","Euro Million","42"
"Gross Value Added at Constant Basic Prices","2004","Fishing and aquaculture (03)","Euro Million","137"
"Gross Value Added at Constant Basic Prices","2004","Mining and quarrying (B)","Euro Million","359"
"Gross Value Added at Constant Basic Prices","2004","Mining and quarrying (05 to 09)","Euro Million","359"
"Gross Value Added at Constant Basic Prices","2004","Manufacturing (C)","Euro Million","48628"
"Gross Value Added at Constant Basic Prices","2004","Food products, beverages and tobacco (10 to 12)","Euro Million","5606"
"Gross Value Added at Constant Basic Prices","2004","Textiles, wearing apparel and leather products (13 to 15)","Euro Million","369"
"Gross Value Added at Constant Basic Prices","2004","Wood and wood products, except furniture (16)","Euro Million","520"
"Gross Value Added at Constant Basic Prices","2004","Pulp, paper and paper products (17)","Euro Million","196"
"Gross Value Added at Constant Basic Prices","2004","Printing and reproduction of recorded media (18)","Euro Million","736"
"Gross Value Added at Constant Basic Prices","2004","Coke and refined petroleum products (19)","Euro Million",""
"Gross Value Added at Constant Basic Prices","2004","Chemicals and chemical products (20)","Euro Million",""
"Gross Value Added at Constant Basic Prices","2004","Basic pharmaceutical products and preparations (21)","Euro Million","10751"
"Gross Value Added at Constant Basic Prices","2004","Rubber and plastic products (22)","Euro Million","898"
"Gross Value Added at Constant Basic Prices","2004","Other non-metallic mineral products (23)","Euro Million","2173"
"Gross Value Added at Constant Basic Prices","2004","Basic metals (24)","Euro Million","198"
"Gross Value Added at Constant Basic Prices","2004","Fabricated metal products (25)","Euro Million","1521"
"Gross Value Added at Constant Basic Prices","2004","Computer, electronic and optical products (26)","Euro Million","11185"
"Gross Value Added at Constant Basic Prices","2004","Electrical equipment (27)","Euro Million","550"
"Gross Value Added at Constant Basic Prices","2004","Manufacture of machinery and equipment n.e.c. (28)","Euro Million","1113"
"Gross Value Added at Constant Basic Prices","2004","Motor vehicles, trailers and semi-trailers (29)","Euro Million","300"
"Gross Value Added at Constant Basic Prices","2004","Other transport equipment (30)","Euro Million","490"
"Gross Value Added at Constant Basic Prices","2004","Furniture and other manufacturing (31,32)","Euro Million","10805"
"Gross Value Added at Constant Basic Prices","2004","Repair and installation of machinery and equipment (33 )","Euro Million","238"
"Gross Value Added at Constant Basic Prices","2004","Electricity, gas, steam and air conditioning supply (D)","Euro Million","3423"
"Gross Value Added at Constant Basic Prices","2004","Electricity, gas, steam and air conditioning supply (35)","Euro Million","3423"
"Gross Value Added at Constant Basic Prices","2004","Water supply; sewerage, waste management and remediation activities (E)","Euro Million","1559"
"Gross Value Added at Constant Basic Prices","2004","Water collection, treatment and supply (36)","Euro Million","699"
"Gross Value Added at Constant Basic Prices","2004","Sewerage, waste management and remediation activities (37 to 39)","Euro Million","961"
"Gross Value Added at Constant Basic Prices","2004","Construction (F)","Euro Million","17347"
"Gross Value Added at Constant Basic Prices","2004","Construction (41 to 43)","Euro Million","17347"
"Gross Value Added at Constant Basic Prices","2004","Wholesale and retail trade; repair of motor vehicles and motorcycles (G)","Euro Million","20039"
"Gross Value Added at Constant Basic Prices","2004","Wholesale and retail trade and repair of vehicles  (45)","Euro Million","2224"
"Gross Value Added at Constant Basic Prices","2004","Wholesale trade (46)","Euro Million","10983"
"Gross Value Added at Constant Basic Prices","2004","Retail trade (47)","Euro Million","7488"
"Gross Value Added at Constant Basic Prices","2004","Transportation and storage (H)","Euro Million","12087"
"Gross Value Added at Constant Basic Prices","2004","Land transport (49)","Euro Million","3262"
"Gross Value Added at Constant Basic Prices","2004","Water transport (50)","Euro Million","118"
"Gross Value Added at Constant Basic Prices","2004","Air transport (51)","Euro Million","266"
"Gross Value Added at Constant Basic Prices","2004","Warehousing and support activities for transportation (52)","Euro Million","2956"
"Gross Value Added at Constant Basic Prices","2004","Postal and courier activities (53)","Euro Million","1178"
"Gross Value Added at Constant Basic Prices","2004","Accommodation and food service activities (I)","Euro Million","7359"
"Gross Value Added at Constant Basic Prices","2004","Accommodation and food service activities (55,56)","Euro Million","7359"
"Gross Value Added at Constant Basic Prices","2004","Information and communication (J)","Euro Million","9535"
"Gross Value Added at Constant Basic Prices","2004","Publishing activities (58)","Euro Million","2554"
"Gross Value Added at Constant Basic Prices","2004","Audiovisual and broadcasting services (59,60)","Euro Million","1065"
"Gross Value Added at Constant Basic Prices","2004","Telecommunications (61)","Euro Million","2799"
"Gross Value Added at Constant Basic Prices","2004","Computer programming, consultancy and Information service activities (62,63)","Euro Million","4245"
"Gross Value Added at Constant Basic Prices","2004","Financial and insurance activities (K)","Euro Million","18606"
"Gross Value Added at Constant Basic Prices","2004","Financial service activities (64)","Euro Million","15434"
"Gross Value Added at Constant Basic Prices","2004","Insurance, reinsurance and pension funding, except compulsory social security (65)","Euro Million","6312"
"Gross Value Added at Constant Basic Prices","2004","Activities auxiliary to financial services and insurance activities (66)","Euro Million","634"
"Gross Value Added at Constant Basic Prices","2004","Real estate activities (L)","Euro Million","24415"
"Gross Value Added at Constant Basic Prices","2004","Real estate activities (68)","Euro Million","24415"
"Gross Value Added at Constant Basic Prices","2004","Real estate activities of which: imputed rents of owner-occupied dwellings","Euro Million","21203"
"Gross Value Added at Constant Basic Prices","2004","Professional, scientific and technical activities (M)","Euro Million","9368"
"Gross Value Added at Constant Basic Prices","2004","Legal and accounting activities; head offices and management consultancy activities (69,70)","Euro Million","3460"
"Gross Value Added at Constant Basic Prices","2004","Architectural and engineering activities; technical testing and analysis (71)","Euro Million","2836"
"Gross Value Added at Constant Basic Prices","2004","Scientific research and development (72)","Euro Million","603"
"Gross Value Added at Constant Basic Prices","2004","Advertising and market research (73)","Euro Million","585"
"Gross Value Added at Constant Basic Prices","2004","Other professional, scientific, technical and veterinary activities (74,75)","Euro Million","2062"
"Gross Value Added at Constant Basic Prices","2004","Administrative and support service activities (N)","Euro Million","8154"
"Gross Value Added at Constant Basic Prices","2004","Rental and leasing activities  (77)","Euro Million","4021"
"Gross Value Added at Constant Basic Prices","2004","Employment activities (78)","Euro Million","3624"
"Gross Value Added at Constant Basic Prices","2004","Travel agency and tourism service activities (79)","Euro Million","673"
"Gross Value Added at Constant Basic Prices","2004","Administrative and support service activities (80 to 82)","Euro Million","2728"
"Gross Value Added at Constant Basic Prices","2004","Public administration and defence; compulsory social security (O)","Euro Million","8500"
"Gross Value Added at Constant Basic Prices","2004","Public administration and defence; compulsory social security (84)","Euro Million","8500"
"Gross Value Added at Constant Basic Prices","2004","Education (P)","Euro Million","9255"
"Gross Value Added at Constant Basic Prices","2004","Education (85)","Euro Million","9255"
"Gross Value Added at Constant Basic Prices","2004","Human health and social work activities (Q)","Euro Million","12390"
"Gross Value Added at Constant Basic Prices","2004","Human health activities (86)","Euro Million","9963"
"Gross Value Added at Constant Basic Prices","2004","Residential care and social work activities (87,88)","Euro Million","2663"
"Gross Value Added at Constant Basic Prices","2004","Arts, entertainment and recreation (R)","Euro Million","1830"
"Gross Value Added at Constant Basic Prices","2004","Arts, entertainment and recreation (90 to 92)","Euro Million","1667"
"Gross Value Added at Constant Basic Prices","2004","Sports activities and amusement and recreation activities (93)","Euro Million","384"
"Gross Value Added at Constant Basic Prices","2004","Other service activities (S)","Euro Million","1705"
"Gross Value Added at Constant Basic Prices","2004","Activities of membership organisations (94)","Euro Million","613"
"Gross Value Added at Constant Basic Prices","2004","Repair of computers and personal and household goods (95)","Euro Million","72"
"Gross Value Added at Constant Basic Prices","2004","Other personal service activities (96)","Euro Million","1180"
"Gross Value Added at Constant Basic Prices","2004","Activities of households as employers; producing activities of households for own use (T)","Euro Million","164"
"Gross Value Added at Constant Basic Prices","2004","Activities of households as employers; producing activities of households for own use (97,98)","Euro Million","164"
"Gross Value Added at Constant Basic Prices","2004","Activities of extraterritorial organisations and bodies (U)","Euro Million","5"
"Gross Value Added at Constant Basic Prices","2004","Activities of extraterritorial organisations and bodies (99)","Euro Million","5"
"Gross Value Added at Constant Basic Prices","2005","Agriculture, forestry and fishing (A)","Euro Million","2312"
"Gross Value Added at Constant Basic Prices","2005","Crop and animal production, hunting and related service activities (01)","Euro Million","2082"
"Gross Value Added at Constant Basic Prices","2005","Forestry and logging (02)","Euro Million","40"
"Gross Value Added at Constant Basic Prices","2005","Fishing and aquaculture (03)","Euro Million","141"
"Gross Value Added at Constant Basic Prices","2005","Mining and quarrying (B)","Euro Million","365"
"Gross Value Added at Constant Basic Prices","2005","Mining and quarrying (05 to 09)","Euro Million","365"
"Gross Value Added at Constant Basic Prices","2005","Manufacturing (C)","Euro Million","51410"
"Gross Value Added at Constant Basic Prices","2005","Food products, beverages and tobacco (10 to 12)","Euro Million","5650"
"Gross Value Added at Constant Basic Prices","2005","Textiles, wearing apparel and leather products (13 to 15)","Euro Million","329"
"Gross Value Added at Constant Basic Prices","2005","Wood and wood products, except furniture (16)","Euro Million","563"
"Gross Value Added at Constant Basic Prices","2005","Pulp, paper and paper products (17)","Euro Million","183"
"Gross Value Added at Constant Basic Prices","2005","Printing and reproduction of recorded media (18)","Euro Million","818"
"Gross Value Added at Constant Basic Prices","2005","Coke and refined petroleum products (19)","Euro Million",""
"Gross Value Added at Constant Basic Prices","2005","Chemicals and chemical products (20)","Euro Million",""
"Gross Value Added at Constant Basic Prices","2005","Basic pharmaceutical products and preparations (21)","Euro Million","10620"
"Gross Value Added at Constant Basic Prices","2005","Rubber and plastic products (22)","Euro Million","852"
"Gross Value Added at Constant Basic Prices","2005","Other non-metallic mineral products (23)","Euro Million","2302"
"Gross Value Added at Constant Basic Prices","2005","Basic metals (24)","Euro Million","224"
"Gross Value Added at Constant Basic Prices","2005","Fabricated metal products (25)","Euro Million","1443"
"Gross Value Added at Constant Basic Prices","2005","Computer, electronic and optical products (26)","Euro Million","12484"
"Gross Value Added at Constant Basic Prices","2005","Electrical equipment (27)","Euro Million","605"
"Gross Value Added at Constant Basic Prices","2005","Manufacture of machinery and equipment n.e.c. (28)","Euro Million","1081"
"Gross Value Added at Constant Basic Prices","2005","Motor vehicles, trailers and semi-trailers (29)","Euro Million","302"
"Gross Value Added at Constant Basic Prices","2005","Other transport equipment (30)","Euro Million","489"
"Gross Value Added at Constant Basic Prices","2005","Furniture and other manufacturing (31,32)","Euro Million","16259"
"Gross Value Added at Constant Basic Prices","2005","Repair and installation of machinery and equipment (33 )","Euro Million","260"
"Gross Value Added at Constant Basic Prices","2005","Electricity, gas, steam and air conditioning supply (D)","Euro Million","3512"
"Gross Value Added at Constant Basic Prices","2005","Electricity, gas, steam and air conditioning supply (35)","Euro Million","3512"
"Gross Value Added at Constant Basic Prices","2005","Water supply; sewerage, waste management and remediation activities (E)","Euro Million","1634"
"Gross Value Added at Constant Basic Prices","2005","Water collection, treatment and supply (36)","Euro Million","728"
"Gross Value Added at Constant Basic Prices","2005","Sewerage, waste management and remediation activities (37 to 39)","Euro Million","1010"
"Gross Value Added at Constant Basic Prices","2005","Construction (F)","Euro Million","19164"
"Gross Value Added at Constant Basic Prices","2005","Construction (41 to 43)","Euro Million","19164"
"Gross Value Added at Constant Basic Prices","2005","Wholesale and retail trade; repair of motor vehicles and motorcycles (G)","Euro Million","21135"
"Gross Value Added at Constant Basic Prices","2005","Wholesale and retail trade and repair of vehicles  (45)","Euro Million","2435"
"Gross Value Added at Constant Basic Prices","2005","Wholesale trade (46)","Euro Million","11228"
"Gross Value Added at Constant Basic Prices","2005","Retail trade (47)","Euro Million","8056"
"Gross Value Added at Constant Basic Prices","2005","Transportation and storage (H)","Euro Million","12635"
"Gross Value Added at Constant Basic Prices","2005","Land transport (49)","Euro Million","3401"
"Gross Value Added at Constant Basic Prices","2005","Water transport (50)","Euro Million","115"
"Gross Value Added at Constant Basic Prices","2005","Air transport (51)","Euro Million","307"
"Gross Value Added at Constant Basic Prices","2005","Warehousing and support activities for transportation (52)","Euro Million","3209"
"Gross Value Added at Constant Basic Prices","2005","Postal and courier activities (53)","Euro Million","1049"
"Gross Value Added at Constant Basic Prices","2005","Accommodation and food service activities (I)","Euro Million","7561"
"Gross Value Added at Constant Basic Prices","2005","Accommodation and food service activities (55,56)","Euro Million","7561"
"Gross Value Added at Constant Basic Prices","2005","Information and communication (J)","Euro Million","10666"
"Gross Value Added at Constant Basic Prices","2005","Publishing activities (58)","Euro Million","2743"
"Gross Value Added at Constant Basic Prices","2005","Audiovisual and broadcasting services (59,60)","Euro Million","1438"
"Gross Value Added at Constant Basic Prices","2005","Telecommunications (61)","Euro Million","2969"
"Gross Value Added at Constant Basic Prices","2005","Computer programming, consultancy and Information service activities (62,63)","Euro Million","5035"
"Gross Value Added at Constant Basic Prices","2005","Financial and insurance activities (K)","Euro Million","19044"
"Gross Value Added at Constant Basic Prices","2005","Financial service activities (64)","Euro Million","16042"
"Gross Value Added at Constant Basic Prices","2005","Insurance, reinsurance and pension funding, except compulsory social security (65)","Euro Million","5638"
"Gross Value Added at Constant Basic Prices","2005","Activities auxiliary to financial services and insurance activities (66)","Euro Million","800"
"Gross Value Added at Constant Basic Prices","2005","Real estate activities (L)","Euro Million","25645"
"Gross Value Added at Constant Basic Prices","2005","Real estate activities (68)","Euro Million","25645"
"Gross Value Added at Constant Basic Prices","2005","Real estate activities of which: imputed rents of owner-occupied dwellings","Euro Million","22229"
"Gross Value Added at Constant Basic Prices","2005","Professional, scientific and technical activities (M)","Euro Million","10254"
"Gross Value Added at Constant Basic Prices","2005","Legal and accounting activities; head offices and management consultancy activities (69,70)","Euro Million","3955"
"Gross Value Added at Constant Basic Prices","2005","Architectural and engineering activities; technical testing and analysis (71)","Euro Million","3097"
"Gross Value Added at Constant Basic Prices","2005","Scientific research and development (72)","Euro Million","794"
"Gross Value Added at Constant Basic Prices","2005","Advertising and market research (73)","Euro Million","535"
"Gross Value Added at Constant Basic Prices","2005","Other professional, scientific, technical and veterinary activities (74,75)","Euro Million","2030"
"Gross Value Added at Constant Basic Prices","2005","Administrative and support service activities (N)","Euro Million","10965"
"Gross Value Added at Constant Basic Prices","2005","Rental and leasing activities  (77)","Euro Million","6399"
"Gross Value Added at Constant Basic Prices","2005","Employment activities (78)","Euro Million","3622"
"Gross Value Added at Constant Basic Prices","2005","Travel agency and tourism service activities (79)","Euro Million","699"
"Gross Value Added at Constant Basic Prices","2005","Administrative and support service activities (80 to 82)","Euro Million","3080"
"Gross Value Added at Constant Basic Prices","2005","Public administration and defence; compulsory social security (O)","Euro Million","8809"
"Gross Value Added at Constant Basic Prices","2005","Public administration and defence; compulsory social security (84)","Euro Million","8809"
"Gross Value Added at Constant Basic Prices","2005","Education (P)","Euro Million","9432"
"Gross Value Added at Constant Basic Prices","2005","Education (85)","Euro Million","9432"
"Gross Value Added at Constant Basic Prices","2005","Human health and social work activities (Q)","Euro Million","13073"
"Gross Value Added at Constant Basic Prices","2005","Human health activities (86)","Euro Million","10556"
"Gross Value Added at Constant Basic Prices","2005","Residential care and social work activities (87,88)","Euro Million","2760"
"Gross Value Added at Constant Basic Prices","2005","Arts, entertainment and recreation (R)","Euro Million","1901"
"Gross Value Added at Constant Basic Prices","2005","Arts, entertainment and recreation (90 to 92)","Euro Million","1731"
"Gross Value Added at Constant Basic Prices","2005","Sports activities and amusement and recreation activities (93)","Euro Million","399"
"Gross Value Added at Constant Basic Prices","2005","Other service activities (S)","Euro Million","1736"
"Gross Value Added at Constant Basic Prices","2005","Activities of membership organisations (94)","Euro Million","590"
"Gross Value Added at Constant Basic Prices","2005","Repair of computers and personal and household goods (95)","Euro Million","75"
"Gross Value Added at Constant Basic Prices","2005","Other personal service activities (96)","Euro Million","1229"
"Gross Value Added at Constant Basic Prices","2005","Activities of households as employers; producing activities of households for own use (T)","Euro Million","207"
"Gross Value Added at Constant Basic Prices","2005","Activities of households as employers; producing activities of households for own use (97,98)","Euro Million","207"
"Gross Value Added at Constant Basic Prices","2005","Activities of extraterritorial organisations and bodies (U)","Euro Million","6"
"Gross Value Added at Constant Basic Prices","2005","Activities of extraterritorial organisations and bodies (99)","Euro Million","6"
"Gross Value Added at Constant Basic Prices","2006","Agriculture, forestry and fishing (A)","Euro Million","2009"
"Gross Value Added at Constant Basic Prices","2006","Crop and animal production, hunting and related service activities (01)","Euro Million","1817"
"Gross Value Added at Constant Basic Prices","2006","Forestry and logging (02)","Euro Million","34"
"Gross Value Added at Constant Basic Prices","2006","Fishing and aquaculture (03)","Euro Million","119"
"Gross Value Added at Constant Basic Prices","2006","Mining and quarrying (B)","Euro Million","371"
"Gross Value Added at Constant Basic Prices","2006","Mining and quarrying (05 to 09)","Euro Million","371"
"Gross Value Added at Constant Basic Prices","2006","Manufacturing (C)","Euro Million","52502"
"Gross Value Added at Constant Basic Prices","2006","Food products, beverages and tobacco (10 to 12)","Euro Million","5738"
"Gross Value Added at Constant Basic Prices","2006","Textiles, wearing apparel and leather products (13 to 15)","Euro Million","258"
"Gross Value Added at Constant Basic Prices","2006","Wood and wood products, except furniture (16)","Euro Million","611"
"Gross Value Added at Constant Basic Prices","2006","Pulp, paper and paper products (17)","Euro Million","179"
"Gross Value Added at Constant Basic Prices","2006","Printing and reproduction of recorded media (18)","Euro Million","804"
"Gross Value Added at Constant Basic Prices","2006","Coke and refined petroleum products (19)","Euro Million",""
"Gross Value Added at Constant Basic Prices","2006","Chemicals and chemical products (20)","Euro Million",""
"Gross Value Added at Constant Basic Prices","2006","Basic pharmaceutical products and preparations (21)","Euro Million","10238"
"Gross Value Added at Constant Basic Prices","2006","Rubber and plastic products (22)","Euro Million","869"
"Gross Value Added at Constant Basic Prices","2006","Other non-metallic mineral products (23)","Euro Million","2321"
"Gross Value Added at Constant Basic Prices","2006","Basic metals (24)","Euro Million","235"
"Gross Value Added at Constant Basic Prices","2006","Fabricated metal products (25)","Euro Million","1453"
"Gross Value Added at Constant Basic Prices","2006","Computer, electronic and optical products (26)","Euro Million","14288"
"Gross Value Added at Constant Basic Prices","2006","Electrical equipment (27)","Euro Million","708"
"Gross Value Added at Constant Basic Prices","2006","Manufacture of machinery and equipment n.e.c. (28)","Euro Million","1228"
"Gross Value Added at Constant Basic Prices","2006","Motor vehicles, trailers and semi-trailers (29)","Euro Million","311"
"Gross Value Added at Constant Basic Prices","2006","Other transport equipment (30)","Euro Million","480"
"Gross Value Added at Constant Basic Prices","2006","Furniture and other manufacturing (31,32)","Euro Million","17361"
"Gross Value Added at Constant Basic Prices","2006","Repair and installation of machinery and equipment (33 )","Euro Million","284"
"Gross Value Added at Constant Basic Prices","2006","Electricity, gas, steam and air conditioning supply (D)","Euro Million","3574"
"Gross Value Added at Constant Basic Prices","2006","Electricity, gas, steam and air conditioning supply (35)","Euro Million","3574"
"Gross Value Added at Constant Basic Prices","2006","Water supply; sewerage, waste management and remediation activities (E)","Euro Million","1747"
"Gross Value Added at Constant Basic Prices","2006","Water collection, treatment and supply (36)","Euro Million","726"
"Gross Value Added at Constant Basic Prices","2006","Sewerage, waste management and remediation activities (37 to 39)","Euro Million","1119"
"Gross Value Added at Constant Basic Prices","2006","Construction (F)","Euro Million","20058"
"Gross Value Added at Constant Basic Prices","2006","Construction (41 to 43)","Euro Million","20058"
"Gross Value Added at Constant Basic Prices","2006","Wholesale and retail trade; repair of motor vehicles and motorcycles (G)","Euro Million","22618"
"Gross Value Added at Constant Basic Prices","2006","Wholesale and retail trade and repair of vehicles  (45)","Euro Million","2583"
"Gross Value Added at Constant Basic Prices","2006","Wholesale trade (46)","Euro Million","12126"
"Gross Value Added at Constant Basic Prices","2006","Retail trade (47)","Euro Million","8560"
"Gross Value Added at Constant Basic Prices","2006","Transportation and storage (H)","Euro Million","13374"
"Gross Value Added at Constant Basic Prices","2006","Land transport (49)","Euro Million","3407"
"Gross Value Added at Constant Basic Prices","2006","Water transport (50)","Euro Million","115"
"Gross Value Added at Constant Basic Prices","2006","Air transport (51)","Euro Million","366"
"Gross Value Added at Constant Basic Prices","2006","Warehousing and support activities for transportation (52)","Euro Million","3435"
"Gross Value Added at Constant Basic Prices","2006","Postal and courier activities (53)","Euro Million","1134"
"Gross Value Added at Constant Basic Prices","2006","Accommodation and food service activities (I)","Euro Million","7882"
"Gross Value Added at Constant Basic Prices","2006","Accommodation and food service activities (55,56)","Euro Million","7882"
"Gross Value Added at Constant Basic Prices","2006","Information and communication (J)","Euro Million","12016"
"Gross Value Added at Constant Basic Prices","2006","Publishing activities (58)","Euro Million","3663"
"Gross Value Added at Constant Basic Prices","2006","Audiovisual and broadcasting services (59,60)","Euro Million","1455"
"Gross Value Added at Constant Basic Prices","2006","Telecommunications (61)","Euro Million","3145"
"Gross Value Added at Constant Basic Prices","2006","Computer programming, consultancy and Information service activities (62,63)","Euro Million","5048"
"Gross Value Added at Constant Basic Prices","2006","Financial and insurance activities (K)","Euro Million","21207"
"Gross Value Added at Constant Basic Prices","2006","Financial service activities (64)","Euro Million","17233"
"Gross Value Added at Constant Basic Prices","2006","Insurance, reinsurance and pension funding, except compulsory social security (65)","Euro Million","6213"
"Gross Value Added at Constant Basic Prices","2006","Activities auxiliary to financial services and insurance activities (66)","Euro Million","1067"
"Gross Value Added at Constant Basic Prices","2006","Real estate activities (L)","Euro Million","28376"
"Gross Value Added at Constant Basic Prices","2006","Real estate activities (68)","Euro Million","28376"
"Gross Value Added at Constant Basic Prices","2006","Real estate activities of which: imputed rents of owner-occupied dwellings","Euro Million","24573"
"Gross Value Added at Constant Basic Prices","2006","Professional, scientific and technical activities (M)","Euro Million","10538"
"Gross Value Added at Constant Basic Prices","2006","Legal and accounting activities; head offices and management consultancy activities (69,70)","Euro Million","4025"
"Gross Value Added at Constant Basic Prices","2006","Architectural and engineering activities; technical testing and analysis (71)","Euro Million","3194"
"Gross Value Added at Constant Basic Prices","2006","Scientific research and development (72)","Euro Million","738"
"Gross Value Added at Constant Basic Prices","2006","Advertising and market research (73)","Euro Million","558"
"Gross Value Added at Constant Basic Prices","2006","Other professional, scientific, technical and veterinary activities (74,75)","Euro Million","2176"
"Gross Value Added at Constant Basic Prices","2006","Administrative and support service activities (N)","Euro Million","7611"
"Gross Value Added at Constant Basic Prices","2006","Rental and leasing activities  (77)","Euro Million","3018"
"Gross Value Added at Constant Basic Prices","2006","Employment activities (78)","Euro Million","3416"
"Gross Value Added at Constant Basic Prices","2006","Travel agency and tourism service activities (79)","Euro Million","797"
"Gross Value Added at Constant Basic Prices","2006","Administrative and support service activities (80 to 82)","Euro Million","3004"
"Gross Value Added at Constant Basic Prices","2006","Public administration and defence; compulsory social security (O)","Euro Million","8812"
"Gross Value Added at Constant Basic Prices","2006","Public administration and defence; compulsory social security (84)","Euro Million","8812"
"Gross Value Added at Constant Basic Prices","2006","Education (P)","Euro Million","9559"
"Gross Value Added at Constant Basic Prices","2006","Education (85)","Euro Million","9559"
"Gross Value Added at Constant Basic Prices","2006","Human health and social work activities (Q)","Euro Million","14502"
"Gross Value Added at Constant Basic Prices","2006","Human health activities (86)","Euro Million","11586"
"Gross Value Added at Constant Basic Prices","2006","Residential care and social work activities (87,88)","Euro Million","3199"
"Gross Value Added at Constant Basic Prices","2006","Arts, entertainment and recreation (R)","Euro Million","2198"
"Gross Value Added at Constant Basic Prices","2006","Arts, entertainment and recreation (90 to 92)","Euro Million","2048"
"Gross Value Added at Constant Basic Prices","2006","Sports activities and amusement and recreation activities (93)","Euro Million","440"
"Gross Value Added at Constant Basic Prices","2006","Other service activities (S)","Euro Million","1816"
"Gross Value Added at Constant Basic Prices","2006","Activities of membership organisations (94)","Euro Million","620"
"Gross Value Added at Constant Basic Prices","2006","Repair of computers and personal and household goods (95)","Euro Million","102"
"Gross Value Added at Constant Basic Prices","2006","Other personal service activities (96)","Euro Million","1244"
"Gross Value Added at Constant Basic Prices","2006","Activities of households as employers; producing activities of households for own use (T)","Euro Million","278"
"Gross Value Added at Constant Basic Prices","2006","Activities of households as employers; producing activities of households for own use (97,98)","Euro Million","278"
"Gross Value Added at Constant Basic Prices","2006","Activities of extraterritorial organisations and bodies (U)","Euro Million","5"
"Gross Value Added at Constant Basic Prices","2006","Activities of extraterritorial organisations and bodies (99)","Euro Million","5"
"Gross Value Added at Constant Basic Prices","2007","Agriculture, forestry and fishing (A)","Euro Million","2188"
"Gross Value Added at Constant Basic Prices","2007","Crop and animal production, hunting and related service activities (01)","Euro Million","2020"
"Gross Value Added at Constant Basic Prices","2007","Forestry and logging (02)","Euro Million","33"
"Gross Value Added at Constant Basic Prices","2007","Fishing and aquaculture (03)","Euro Million","117"
"Gross Value Added at Constant Basic Prices","2007","Mining and quarrying (B)","Euro Million","359"
"Gross Value Added at Constant Basic Prices","2007","Mining and quarrying (05 to 09)","Euro Million","359"
"Gross Value Added at Constant Basic Prices","2007","Manufacturing (C)","Euro Million","55592"
"Gross Value Added at Constant Basic Prices","2007","Food products, beverages and tobacco (10 to 12)","Euro Million","5853"
"Gross Value Added at Constant Basic Prices","2007","Textiles, wearing apparel and leather products (13 to 15)","Euro Million","217"
"Gross Value Added at Constant Basic Prices","2007","Wood and wood products, except furniture (16)","Euro Million","576"
"Gross Value Added at Constant Basic Prices","2007","Pulp, paper and paper products (17)","Euro Million","182"
"Gross Value Added at Constant Basic Prices","2007","Printing and reproduction of recorded media (18)","Euro Million","819"
"Gross Value Added at Constant Basic Prices","2007","Coke and refined petroleum products (19)","Euro Million",""
"Gross Value Added at Constant Basic Prices","2007","Chemicals and chemical products (20)","Euro Million",""
"Gross Value Added at Constant Basic Prices","2007","Basic pharmaceutical products and preparations (21)","Euro Million","11087"
"Gross Value Added at Constant Basic Prices","2007","Rubber and plastic products (22)","Euro Million","896"
"Gross Value Added at Constant Basic Prices","2007","Other non-metallic mineral products (23)","Euro Million","2410"
"Gross Value Added at Constant Basic Prices","2007","Basic metals (24)","Euro Million","267"
"Gross Value Added at Constant Basic Prices","2007","Fabricated metal products (25)","Euro Million","1611"
"Gross Value Added at Constant Basic Prices","2007","Computer, electronic and optical products (26)","Euro Million","15393"
"Gross Value Added at Constant Basic Prices","2007","Electrical equipment (27)","Euro Million","669"
"Gross Value Added at Constant Basic Prices","2007","Manufacture of machinery and equipment n.e.c. (28)","Euro Million","1259"
"Gross Value Added at Constant Basic Prices","2007","Motor vehicles, trailers and semi-trailers (29)","Euro Million","325"
"Gross Value Added at Constant Basic Prices","2007","Other transport equipment (30)","Euro Million","523"
"Gross Value Added at Constant Basic Prices","2007","Furniture and other manufacturing (31,32)","Euro Million","17607"
"Gross Value Added at Constant Basic Prices","2007","Repair and installation of machinery and equipment (33 )","Euro Million","287"
"Gross Value Added at Constant Basic Prices","2007","Electricity, gas, steam and air conditioning supply (D)","Euro Million","3779"
"Gross Value Added at Constant Basic Prices","2007","Electricity, gas, steam and air conditioning supply (35)","Euro Million","3779"
"Gross Value Added at Constant Basic Prices","2007","Water supply; sewerage, waste management and remediation activities (E)","Euro Million","1791"
"Gross Value Added at Constant Basic Prices","2007","Water collection, treatment and supply (36)","Euro Million","731"
"Gross Value Added at Constant Basic Prices","2007","Sewerage, waste management and remediation activities (37 to 39)","Euro Million","1158"
"Gross Value Added at Constant Basic Prices","2007","Construction (F)","Euro Million","20250"
"Gross Value Added at Constant Basic Prices","2007","Construction (41 to 43)","Euro Million","20250"
"Gross Value Added at Constant Basic Prices","2007","Wholesale and retail trade; repair of motor vehicles and motorcycles (G)","Euro Million","25536"
"Gross Value Added at Constant Basic Prices","2007","Wholesale and retail trade and repair of vehicles  (45)","Euro Million","2761"
"Gross Value Added at Constant Basic Prices","2007","Wholesale trade (46)","Euro Million","13120"
"Gross Value Added at Constant Basic Prices","2007","Retail trade (47)","Euro Million","10183"
"Gross Value Added at Constant Basic Prices","2007","Transportation and storage (H)","Euro Million","14007"
"Gross Value Added at Constant Basic Prices","2007","Land transport (49)","Euro Million","3641"
"Gross Value Added at Constant Basic Prices","2007","Water transport (50)","Euro Million","117"
"Gross Value Added at Constant Basic Prices","2007","Air transport (51)","Euro Million","401"
"Gross Value Added at Constant Basic Prices","2007","Warehousing and support activities for transportation (52)","Euro Million","3542"
"Gross Value Added at Constant Basic Prices","2007","Postal and courier activities (53)","Euro Million","1095"
"Gross Value Added at Constant Basic Prices","2007","Accommodation and food service activities (I)","Euro Million","8551"
"Gross Value Added at Constant Basic Prices","2007","Accommodation and food service activities (55,56)","Euro Million","8551"
"Gross Value Added at Constant Basic Prices","2007","Information and communication (J)","Euro Million","14202"
"Gross Value Added at Constant Basic Prices","2007","Publishing activities (58)","Euro Million","5063"
"Gross Value Added at Constant Basic Prices","2007","Audiovisual and broadcasting services (59,60)","Euro Million","2234"
"Gross Value Added at Constant Basic Prices","2007","Telecommunications (61)","Euro Million","3244"
"Gross Value Added at Constant Basic Prices","2007","Computer programming, consultancy and Information service activities (62,63)","Euro Million","5231"
"Gross Value Added at Constant Basic Prices","2007","Financial and insurance activities (K)","Euro Million","22363"
"Gross Value Added at Constant Basic Prices","2007","Financial service activities (64)","Euro Million","18168"
"Gross Value Added at Constant Basic Prices","2007","Insurance, reinsurance and pension funding, except compulsory social security (65)","Euro Million","6116"
"Gross Value Added at Constant Basic Prices","2007","Activities auxiliary to financial services and insurance activities (66)","Euro Million","1256"
"Gross Value Added at Constant Basic Prices","2007","Real estate activities (L)","Euro Million","27987"
"Gross Value Added at Constant Basic Prices","2007","Real estate activities (68)","Euro Million","27987"
"Gross Value Added at Constant Basic Prices","2007","Real estate activities of which: imputed rents of owner-occupied dwellings","Euro Million","24171"
"Gross Value Added at Constant Basic Prices","2007","Professional, scientific and technical activities (M)","Euro Million","10820"
"Gross Value Added at Constant Basic Prices","2007","Legal and accounting activities; head offices and management consultancy activities (69,70)","Euro Million","4108"
"Gross Value Added at Constant Basic Prices","2007","Architectural and engineering activities; technical testing and analysis (71)","Euro Million","3105"
"Gross Value Added at Constant Basic Prices","2007","Scientific research and development (72)","Euro Million","966"
"Gross Value Added at Constant Basic Prices","2007","Advertising and market research (73)","Euro Million","825"
"Gross Value Added at Constant Basic Prices","2007","Other professional, scientific, technical and veterinary activities (74,75)","Euro Million","2034"
"Gross Value Added at Constant Basic Prices","2007","Administrative and support service activities (N)","Euro Million","11713"
"Gross Value Added at Constant Basic Prices","2007","Rental and leasing activities  (77)","Euro Million","5428"
"Gross Value Added at Constant Basic Prices","2007","Employment activities (78)","Euro Million","4836"
"Gross Value Added at Constant Basic Prices","2007","Travel agency and tourism service activities (79)","Euro Million","932"
"Gross Value Added at Constant Basic Prices","2007","Administrative and support service activities (80 to 82)","Euro Million","3366"
"Gross Value Added at Constant Basic Prices","2007","Public administration and defence; compulsory social security (O)","Euro Million","9213"
"Gross Value Added at Constant Basic Prices","2007","Public administration and defence; compulsory social security (84)","Euro Million","9213"
"Gross Value Added at Constant Basic Prices","2007","Education (P)","Euro Million","9883"
"Gross Value Added at Constant Basic Prices","2007","Education (85)","Euro Million","9883"
"Gross Value Added at Constant Basic Prices","2007","Human health and social work activities (Q)","Euro Million","15672"
"Gross Value Added at Constant Basic Prices","2007","Human health activities (86)","Euro Million","12459"
"Gross Value Added at Constant Basic Prices","2007","Residential care and social work activities (87,88)","Euro Million","3522"
"Gross Value Added at Constant Basic Prices","2007","Arts, entertainment and recreation (R)","Euro Million","2225"
"Gross Value Added at Constant Basic Prices","2007","Arts, entertainment and recreation (90 to 92)","Euro Million","2022"
"Gross Value Added at Constant Basic Prices","2007","Sports activities and amusement and recreation activities (93)","Euro Million","469"
"Gross Value Added at Constant Basic Prices","2007","Other service activities (S)","Euro Million","1794"
"Gross Value Added at Constant Basic Prices","2007","Activities of membership organisations (94)","Euro Million","590"
"Gross Value Added at Constant Basic Prices","2007","Repair of computers and personal and household goods (95)","Euro Million","123"
"Gross Value Added at Constant Basic Prices","2007","Other personal service activities (96)","Euro Million","1231"
"Gross Value Added at Constant Basic Prices","2007","Activities of households as employers; producing activities of households for own use (T)","Euro Million","336"
"Gross Value Added at Constant Basic Prices","2007","Activities of households as employers; producing activities of households for own use (97,98)","Euro Million","336"
"Gross Value Added at Constant Basic Prices","2007","Activities of extraterritorial organisations and bodies (U)","Euro Million","6"
"Gross Value Added at Constant Basic Prices","2007","Activities of extraterritorial organisations and bodies (99)","Euro Million","6"
"Gross Value Added at Constant Basic Prices","2008","Agriculture, forestry and fishing (A)","Euro Million","2304"
"Gross Value Added at Constant Basic Prices","2008","Crop and animal production, hunting and related service activities (01)","Euro Million","2247"
"Gross Value Added at Constant Basic Prices","2008","Forestry and logging (02)","Euro Million","29"
"Gross Value Added at Constant Basic Prices","2008","Fishing and aquaculture (03)","Euro Million","46"
"Gross Value Added at Constant Basic Prices","2008","Mining and quarrying (B)","Euro Million","336"
"Gross Value Added at Constant Basic Prices","2008","Mining and quarrying (05 to 09)","Euro Million","336"
"Gross Value Added at Constant Basic Prices","2008","Manufacturing (C)","Euro Million","50267"
"Gross Value Added at Constant Basic Prices","2008","Food products, beverages and tobacco (10 to 12)","Euro Million","5663"
"Gross Value Added at Constant Basic Prices","2008","Textiles, wearing apparel and leather products (13 to 15)","Euro Million","202"
"Gross Value Added at Constant Basic Prices","2008","Wood and wood products, except furniture (16)","Euro Million","418"
"Gross Value Added at Constant Basic Prices","2008","Pulp, paper and paper products (17)","Euro Million","169"
"Gross Value Added at Constant Basic Prices","2008","Printing and reproduction of recorded media (18)","Euro Million","767"
"Gross Value Added at Constant Basic Prices","2008","Coke and refined petroleum products (19)","Euro Million",""
"Gross Value Added at Constant Basic Prices","2008","Chemicals and chemical products (20)","Euro Million",""
"Gross Value Added at Constant Basic Prices","2008","Basic pharmaceutical products and preparations (21)","Euro Million","8956"
"Gross Value Added at Constant Basic Prices","2008","Rubber and plastic products (22)","Euro Million","807"
"Gross Value Added at Constant Basic Prices","2008","Other non-metallic mineral products (23)","Euro Million","2012"
"Gross Value Added at Constant Basic Prices","2008","Basic metals (24)","Euro Million","272"
"Gross Value Added at Constant Basic Prices","2008","Fabricated metal products (25)","Euro Million","1535"
"Gross Value Added at Constant Basic Prices","2008","Computer, electronic and optical products (26)","Euro Million","14816"
"Gross Value Added at Constant Basic Prices","2008","Electrical equipment (27)","Euro Million","655"
"Gross Value Added at Constant Basic Prices","2008","Manufacture of machinery and equipment n.e.c. (28)","Euro Million","1154"
"Gross Value Added at Constant Basic Prices","2008","Motor vehicles, trailers and semi-trailers (29)","Euro Million","293"
"Gross Value Added at Constant Basic Prices","2008","Other transport equipment (30)","Euro Million","649"
"Gross Value Added at Constant Basic Prices","2008","Furniture and other manufacturing (31,32)","Euro Million","17505"
"Gross Value Added at Constant Basic Prices","2008","Repair and installation of machinery and equipment (33 )","Euro Million","333"
"Gross Value Added at Constant Basic Prices","2008","Electricity, gas, steam and air conditioning supply (D)","Euro Million","3932"
"Gross Value Added at Constant Basic Prices","2008","Electricity, gas, steam and air conditioning supply (35)","Euro Million","3932"
"Gross Value Added at Constant Basic Prices","2008","Water supply; sewerage, waste management and remediation activities (E)","Euro Million","1768"
"Gross Value Added at Constant Basic Prices","2008","Water collection, treatment and supply (36)","Euro Million","788"
"Gross Value Added at Constant Basic Prices","2008","Sewerage, waste management and remediation activities (37 to 39)","Euro Million","1103"
"Gross Value Added at Constant Basic Prices","2008","Construction (F)","Euro Million","19086"
"Gross Value Added at Constant Basic Prices","2008","Construction (41 to 43)","Euro Million","19086"
"Gross Value Added at Constant Basic Prices","2008","Wholesale and retail trade; repair of motor vehicles and motorcycles (G)","Euro Million","24261"
"Gross Value Added at Constant Basic Prices","2008","Wholesale and retail trade and repair of vehicles  (45)","Euro Million","2269"
"Gross Value Added at Constant Basic Prices","2008","Wholesale trade (46)","Euro Million","12502"
"Gross Value Added at Constant Basic Prices","2008","Retail trade (47)","Euro Million","9925"
"Gross Value Added at Constant Basic Prices","2008","Transportation and storage (H)","Euro Million","13942"
"Gross Value Added at Constant Basic Prices","2008","Land transport (49)","Euro Million","3596"
"Gross Value Added at Constant Basic Prices","2008","Water transport (50)","Euro Million","107"
"Gross Value Added at Constant Basic Prices","2008","Air transport (51)","Euro Million","413"
"Gross Value Added at Constant Basic Prices","2008","Warehousing and support activities for transportation (52)","Euro Million","3393"
"Gross Value Added at Constant Basic Prices","2008","Postal and courier activities (53)","Euro Million","1133"
"Gross Value Added at Constant Basic Prices","2008","Accommodation and food service activities (I)","Euro Million","8587"
"Gross Value Added at Constant Basic Prices","2008","Accommodation and food service activities (55,56)","Euro Million","8587"
"Gross Value Added at Constant Basic Prices","2008","Information and communication (J)","Euro Million","15974"
"Gross Value Added at Constant Basic Prices","2008","Publishing activities (58)","Euro Million","6126"
"Gross Value Added at Constant Basic Prices","2008","Audiovisual and broadcasting services (59,60)","Euro Million","1313"
"Gross Value Added at Constant Basic Prices","2008","Telecommunications (61)","Euro Million","3219"
"Gross Value Added at Constant Basic Prices","2008","Computer programming, consultancy and Information service activities (62,63)","Euro Million","6103"
"Gross Value Added at Constant Basic Prices","2008","Financial and insurance activities (K)","Euro Million","22229"
"Gross Value Added at Constant Basic Prices","2008","Financial service activities (64)","Euro Million","16065"
"Gross Value Added at Constant Basic Prices","2008","Insurance, reinsurance and pension funding, except compulsory social security (65)","Euro Million","5525"
"Gross Value Added at Constant Basic Prices","2008","Activities auxiliary to financial services and insurance activities (66)","Euro Million","2429"
"Gross Value Added at Constant Basic Prices","2008","Real estate activities (L)","Euro Million","25115"
"Gross Value Added at Constant Basic Prices","2008","Real estate activities (68)","Euro Million","25115"
"Gross Value Added at Constant Basic Prices","2008","Real estate activities of which: imputed rents of owner-occupied dwellings","Euro Million","21671"
"Gross Value Added at Constant Basic Prices","2008","Professional, scientific and technical activities (M)","Euro Million","9894"
"Gross Value Added at Constant Basic Prices","2008","Legal and accounting activities; head offices and management consultancy activities (69,70)","Euro Million","3626"
"Gross Value Added at Constant Basic Prices","2008","Architectural and engineering activities; technical testing and analysis (71)","Euro Million","2832"
"Gross Value Added at Constant Basic Prices","2008","Scientific research and development (72)","Euro Million","761"
"Gross Value Added at Constant Basic Prices","2008","Advertising and market research (73)","Euro Million","969"
"Gross Value Added at Constant Basic Prices","2008","Other professional, scientific, technical and veterinary activities (74,75)","Euro Million","1932"
"Gross Value Added at Constant Basic Prices","2008","Administrative and support service activities (N)","Euro Million","13772"
"Gross Value Added at Constant Basic Prices","2008","Rental and leasing activities  (77)","Euro Million","7459"
"Gross Value Added at Constant Basic Prices","2008","Employment activities (78)","Euro Million","3777"
"Gross Value Added at Constant Basic Prices","2008","Travel agency and tourism service activities (79)","Euro Million","686"
"Gross Value Added at Constant Basic Prices","2008","Administrative and support service activities (80 to 82)","Euro Million","3161"
"Gross Value Added at Constant Basic Prices","2008","Public administration and defence; compulsory social security (O)","Euro Million","9471"
"Gross Value Added at Constant Basic Prices","2008","Public administration and defence; compulsory social security (84)","Euro Million","9471"
"Gross Value Added at Constant Basic Prices","2008","Education (P)","Euro Million","9857"
"Gross Value Added at Constant Basic Prices","2008","Education (85)","Euro Million","9857"
"Gross Value Added at Constant Basic Prices","2008","Human health and social work activities (Q)","Euro Million","16399"
"Gross Value Added at Constant Basic Prices","2008","Human health activities (86)","Euro Million","13025"
"Gross Value Added at Constant Basic Prices","2008","Residential care and social work activities (87,88)","Euro Million","3698"
"Gross Value Added at Constant Basic Prices","2008","Arts, entertainment and recreation (R)","Euro Million","2244"
"Gross Value Added at Constant Basic Prices","2008","Arts, entertainment and recreation (90 to 92)","Euro Million","1984"
"Gross Value Added at Constant Basic Prices","2008","Sports activities and amusement and recreation activities (93)","Euro Million","499"
"Gross Value Added at Constant Basic Prices","2008","Other service activities (S)","Euro Million","1716"
"Gross Value Added at Constant Basic Prices","2008","Activities of membership organisations (94)","Euro Million","567"
"Gross Value Added at Constant Basic Prices","2008","Repair of computers and personal and household goods (95)","Euro Million","115"
"Gross Value Added at Constant Basic Prices","2008","Other personal service activities (96)","Euro Million","1176"
"Gross Value Added at Constant Basic Prices","2008","Activities of households as employers; producing activities of households for own use (T)","Euro Million","314"
"Gross Value Added at Constant Basic Prices","2008","Activities of households as employers; producing activities of households for own use (97,98)","Euro Million","314"
"Gross Value Added at Constant Basic Prices","2008","Activities of extraterritorial organisations and bodies (U)","Euro Million","6"
"Gross Value Added at Constant Basic Prices","2008","Activities of extraterritorial organisations and bodies (99)","Euro Million","6"
"Gross Value Added at Constant Basic Prices","2009","Agriculture, forestry and fishing (A)","Euro Million","1896"
"Gross Value Added at Constant Basic Prices","2009","Crop and animal production, hunting and related service activities (01)","Euro Million","1755"
"Gross Value Added at Constant Basic Prices","2009","Forestry and logging (02)","Euro Million","28"
"Gross Value Added at Constant Basic Prices","2009","Fishing and aquaculture (03)","Euro Million","80"
"Gross Value Added at Constant Basic Prices","2009","Mining and quarrying (B)","Euro Million","293"
"Gross Value Added at Constant Basic Prices","2009","Mining and quarrying (05 to 09)","Euro Million","293"
"Gross Value Added at Constant Basic Prices","2009","Manufacturing (C)","Euro Million","47718"
"Gross Value Added at Constant Basic Prices","2009","Food products, beverages and tobacco (10 to 12)","Euro Million","5371"
"Gross Value Added at Constant Basic Prices","2009","Textiles, wearing apparel and leather products (13 to 15)","Euro Million","170"
"Gross Value Added at Constant Basic Prices","2009","Wood and wood products, except furniture (16)","Euro Million","276"
"Gross Value Added at Constant Basic Prices","2009","Pulp, paper and paper products (17)","Euro Million","130"
"Gross Value Added at Constant Basic Prices","2009","Printing and reproduction of recorded media (18)","Euro Million","623"
"Gross Value Added at Constant Basic Prices","2009","Coke and refined petroleum products (19)","Euro Million",""
"Gross Value Added at Constant Basic Prices","2009","Chemicals and chemical products (20)","Euro Million",""
"Gross Value Added at Constant Basic Prices","2009","Basic pharmaceutical products and preparations (21)","Euro Million","11436"
"Gross Value Added at Constant Basic Prices","2009","Rubber and plastic products (22)","Euro Million","642"
"Gross Value Added at Constant Basic Prices","2009","Other non-metallic mineral products (23)","Euro Million","1218"
"Gross Value Added at Constant Basic Prices","2009","Basic metals (24)","Euro Million","165"
"Gross Value Added at Constant Basic Prices","2009","Fabricated metal products (25)","Euro Million","989"
"Gross Value Added at Constant Basic Prices","2009","Computer, electronic and optical products (26)","Euro Million","9724"
"Gross Value Added at Constant Basic Prices","2009","Electrical equipment (27)","Euro Million","404"
"Gross Value Added at Constant Basic Prices","2009","Manufacture of machinery and equipment n.e.c. (28)","Euro Million","885"
"Gross Value Added at Constant Basic Prices","2009","Motor vehicles, trailers and semi-trailers (29)","Euro Million","162"
"Gross Value Added at Constant Basic Prices","2009","Other transport equipment (30)","Euro Million","475"
"Gross Value Added at Constant Basic Prices","2009","Furniture and other manufacturing (31,32)","Euro Million","10887"
"Gross Value Added at Constant Basic Prices","2009","Repair and installation of machinery and equipment (33 )","Euro Million","313"
"Gross Value Added at Constant Basic Prices","2009","Electricity, gas, steam and air conditioning supply (D)","Euro Million","3723"
"Gross Value Added at Constant Basic Prices","2009","Electricity, gas, steam and air conditioning supply (35)","Euro Million","3723"
"Gross Value Added at Constant Basic Prices","2009","Water supply; sewerage, waste management and remediation activities (E)","Euro Million","1585"
"Gross Value Added at Constant Basic Prices","2009","Water collection, treatment and supply (36)","Euro Million","751"
"Gross Value Added at Constant Basic Prices","2009","Sewerage, waste management and remediation activities (37 to 39)","Euro Million","958"
"Gross Value Added at Constant Basic Prices","2009","Construction (F)","Euro Million","13888"
"Gross Value Added at Constant Basic Prices","2009","Construction (41 to 43)","Euro Million","13888"
"Gross Value Added at Constant Basic Prices","2009","Wholesale and retail trade; repair of motor vehicles and motorcycles (G)","Euro Million","21128"
"Gross Value Added at Constant Basic Prices","2009","Wholesale and retail trade and repair of vehicles  (45)","Euro Million","1304"
"Gross Value Added at Constant Basic Prices","2009","Wholesale trade (46)","Euro Million","10702"
"Gross Value Added at Constant Basic Prices","2009","Retail trade (47)","Euro Million","9276"
"Gross Value Added at Constant Basic Prices","2009","Transportation and storage (H)","Euro Million","12401"
"Gross Value Added at Constant Basic Prices","2009","Land transport (49)","Euro Million","3150"
"Gross Value Added at Constant Basic Prices","2009","Water transport (50)","Euro Million","101"
"Gross Value Added at Constant Basic Prices","2009","Air transport (51)","Euro Million","361"
"Gross Value Added at Constant Basic Prices","2009","Warehousing and support activities for transportation (52)","Euro Million","2880"
"Gross Value Added at Constant Basic Prices","2009","Postal and courier activities (53)","Euro Million","1136"
"Gross Value Added at Constant Basic Prices","2009","Accommodation and food service activities (I)","Euro Million","7825"
"Gross Value Added at Constant Basic Prices","2009","Accommodation and food service activities (55,56)","Euro Million","7825"
"Gross Value Added at Constant Basic Prices","2009","Information and communication (J)","Euro Million","16986"
"Gross Value Added at Constant Basic Prices","2009","Publishing activities (58)","Euro Million","7987"
"Gross Value Added at Constant Basic Prices","2009","Audiovisual and broadcasting services (59,60)","Euro Million","786"
"Gross Value Added at Constant Basic Prices","2009","Telecommunications (61)","Euro Million","3131"
"Gross Value Added at Constant Basic Prices","2009","Computer programming, consultancy and Information service activities (62,63)","Euro Million","5566"
"Gross Value Added at Constant Basic Prices","2009","Financial and insurance activities (K)","Euro Million","21228"
"Gross Value Added at Constant Basic Prices","2009","Financial service activities (64)","Euro Million","14965"
"Gross Value Added at Constant Basic Prices","2009","Insurance, reinsurance and pension funding, except compulsory social security (65)","Euro Million","5093"
"Gross Value Added at Constant Basic Prices","2009","Activities auxiliary to financial services and insurance activities (66)","Euro Million","2897"
"Gross Value Added at Constant Basic Prices","2009","Real estate activities (L)","Euro Million","23079"
"Gross Value Added at Constant Basic Prices","2009","Real estate activities (68)","Euro Million","23079"
"Gross Value Added at Constant Basic Prices","2009","Real estate activities of which: imputed rents of owner-occupied dwellings","Euro Million","19800"
"Gross Value Added at Constant Basic Prices","2009","Professional, scientific and technical activities (M)","Euro Million","9006"
"Gross Value Added at Constant Basic Prices","2009","Legal and accounting activities; head offices and management consultancy activities (69,70)","Euro Million","3584"
"Gross Value Added at Constant Basic Prices","2009","Architectural and engineering activities; technical testing and analysis (71)","Euro Million","2207"
"Gross Value Added at Constant Basic Prices","2009","Scientific research and development (72)","Euro Million","576"
"Gross Value Added at Constant Basic Prices","2009","Advertising and market research (73)","Euro Million","981"
"Gross Value Added at Constant Basic Prices","2009","Other professional, scientific, technical and veterinary activities (74,75)","Euro Million","1840"
"Gross Value Added at Constant Basic Prices","2009","Administrative and support service activities (N)","Euro Million","13428"
"Gross Value Added at Constant Basic Prices","2009","Rental and leasing activities  (77)","Euro Million","8031"
"Gross Value Added at Constant Basic Prices","2009","Employment activities (78)","Euro Million","2744"
"Gross Value Added at Constant Basic Prices","2009","Travel agency and tourism service activities (79)","Euro Million","493"
"Gross Value Added at Constant Basic Prices","2009","Administrative and support service activities (80 to 82)","Euro Million","2676"
"Gross Value Added at Constant Basic Prices","2009","Public administration and defence; compulsory social security (O)","Euro Million","8480"
"Gross Value Added at Constant Basic Prices","2009","Public administration and defence; compulsory social security (84)","Euro Million","8480"
"Gross Value Added at Constant Basic Prices","2009","Education (P)","Euro Million","9992"
"Gross Value Added at Constant Basic Prices","2009","Education (85)","Euro Million","9992"
"Gross Value Added at Constant Basic Prices","2009","Human health and social work activities (Q)","Euro Million","16982"
"Gross Value Added at Constant Basic Prices","2009","Human health activities (86)","Euro Million","13400"
"Gross Value Added at Constant Basic Prices","2009","Residential care and social work activities (87,88)","Euro Million","3915"
"Gross Value Added at Constant Basic Prices","2009","Arts, entertainment and recreation (R)","Euro Million","2217"
"Gross Value Added at Constant Basic Prices","2009","Arts, entertainment and recreation (90 to 92)","Euro Million","1875"
"Gross Value Added at Constant Basic Prices","2009","Sports activities and amusement and recreation activities (93)","Euro Million","535"
"Gross Value Added at Constant Basic Prices","2009","Other service activities (S)","Euro Million","1689"
"Gross Value Added at Constant Basic Prices","2009","Activities of membership organisations (94)","Euro Million","604"
"Gross Value Added at Constant Basic Prices","2009","Repair of computers and personal and household goods (95)","Euro Million","98"
"Gross Value Added at Constant Basic Prices","2009","Other personal service activities (96)","Euro Million","1125"
"Gross Value Added at Constant Basic Prices","2009","Activities of households as employers; producing activities of households for own use (T)","Euro Million","259"
"Gross Value Added at Constant Basic Prices","2009","Activities of households as employers; producing activities of households for own use (97,98)","Euro Million","259"
"Gross Value Added at Constant Basic Prices","2009","Activities of extraterritorial organisations and bodies (U)","Euro Million","6"
"Gross Value Added at Constant Basic Prices","2009","Activities of extraterritorial organisations and bodies (99)","Euro Million","6"
"Gross Value Added at Constant Basic Prices","2010","Agriculture, forestry and fishing (A)","Euro Million","2332"
"Gross Value Added at Constant Basic Prices","2010","Crop and animal production, hunting and related service activities (01)","Euro Million","2134"
"Gross Value Added at Constant Basic Prices","2010","Forestry and logging (02)","Euro Million","26"
"Gross Value Added at Constant Basic Prices","2010","Fishing and aquaculture (03)","Euro Million","143"
"Gross Value Added at Constant Basic Prices","2010","Mining and quarrying (B)","Euro Million","273"
"Gross Value Added at Constant Basic Prices","2010","Mining and quarrying (05 to 09)","Euro Million","273"
"Gross Value Added at Constant Basic Prices","2010","Manufacturing (C)","Euro Million","49837"
"Gross Value Added at Constant Basic Prices","2010","Food products, beverages and tobacco (10 to 12)","Euro Million","5560"
"Gross Value Added at Constant Basic Prices","2010","Textiles, wearing apparel and leather products (13 to 15)","Euro Million","159"
"Gross Value Added at Constant Basic Prices","2010","Wood and wood products, except furniture (16)","Euro Million","268"
"Gross Value Added at Constant Basic Prices","2010","Pulp, paper and paper products (17)","Euro Million","123"
"Gross Value Added at Constant Basic Prices","2010","Printing and reproduction of recorded media (18)","Euro Million","599"
"Gross Value Added at Constant Basic Prices","2010","Coke and refined petroleum products (19)","Euro Million",""
"Gross Value Added at Constant Basic Prices","2010","Chemicals and chemical products (20)","Euro Million",""
"Gross Value Added at Constant Basic Prices","2010","Basic pharmaceutical products and preparations (21)","Euro Million","14481"
"Gross Value Added at Constant Basic Prices","2010","Rubber and plastic products (22)","Euro Million","671"
"Gross Value Added at Constant Basic Prices","2010","Other non-metallic mineral products (23)","Euro Million","1031"
"Gross Value Added at Constant Basic Prices","2010","Basic metals (24)","Euro Million","196"
"Gross Value Added at Constant Basic Prices","2010","Fabricated metal products (25)","Euro Million","1002"
"Gross Value Added at Constant Basic Prices","2010","Computer, electronic and optical products (26)","Euro Million","6958"
"Gross Value Added at Constant Basic Prices","2010","Electrical equipment (27)","Euro Million","346"
"Gross Value Added at Constant Basic Prices","2010","Manufacture of machinery and equipment n.e.c. (28)","Euro Million","1031"
"Gross Value Added at Constant Basic Prices","2010","Motor vehicles, trailers and semi-trailers (29)","Euro Million","197"
"Gross Value Added at Constant Basic Prices","2010","Other transport equipment (30)","Euro Million","454"
"Gross Value Added at Constant Basic Prices","2010","Furniture and other manufacturing (31,32)","Euro Million","5069"
"Gross Value Added at Constant Basic Prices","2010","Repair and installation of machinery and equipment (33 )","Euro Million","289"
"Gross Value Added at Constant Basic Prices","2010","Electricity, gas, steam and air conditioning supply (D)","Euro Million","3824"
"Gross Value Added at Constant Basic Prices","2010","Electricity, gas, steam and air conditioning supply (35)","Euro Million","3824"
"Gross Value Added at Constant Basic Prices","2010","Water supply; sewerage, waste management and remediation activities (E)","Euro Million","1589"
"Gross Value Added at Constant Basic Prices","2010","Water collection, treatment and supply (36)","Euro Million","770"
"Gross Value Added at Constant Basic Prices","2010","Sewerage, waste management and remediation activities (37 to 39)","Euro Million","946"
"Gross Value Added at Constant Basic Prices","2010","Construction (F)","Euro Million","10261"
"Gross Value Added at Constant Basic Prices","2010","Construction (41 to 43)","Euro Million","10261"
"Gross Value Added at Constant Basic Prices","2010","Wholesale and retail trade; repair of motor vehicles and motorcycles (G)","Euro Million","21349"
"Gross Value Added at Constant Basic Prices","2010","Wholesale and retail trade and repair of vehicles  (45)","Euro Million","1525"
"Gross Value Added at Constant Basic Prices","2010","Wholesale trade (46)","Euro Million","10890"
"Gross Value Added at Constant Basic Prices","2010","Retail trade (47)","Euro Million","9132"
"Gross Value Added at Constant Basic Prices","2010","Transportation and storage (H)","Euro Million","11883"
"Gross Value Added at Constant Basic Prices","2010","Land transport (49)","Euro Million","2945"
"Gross Value Added at Constant Basic Prices","2010","Water transport (50)","Euro Million","111"
"Gross Value Added at Constant Basic Prices","2010","Air transport (51)","Euro Million","334"
"Gross Value Added at Constant Basic Prices","2010","Warehousing and support activities for transportation (52)","Euro Million","2740"
"Gross Value Added at Constant Basic Prices","2010","Postal and courier activities (53)","Euro Million","1204"
"Gross Value Added at Constant Basic Prices","2010","Accommodation and food service activities (I)","Euro Million","7521"
"Gross Value Added at Constant Basic Prices","2010","Accommodation and food service activities (55,56)","Euro Million","7521"
"Gross Value Added at Constant Basic Prices","2010","Information and communication (J)","Euro Million","18399"
"Gross Value Added at Constant Basic Prices","2010","Publishing activities (58)","Euro Million","9313"
"Gross Value Added at Constant Basic Prices","2010","Audiovisual and broadcasting services (59,60)","Euro Million","1272"
"Gross Value Added at Constant Basic Prices","2010","Telecommunications (61)","Euro Million","3048"
"Gross Value Added at Constant Basic Prices","2010","Computer programming, consultancy and Information service activities (62,63)","Euro Million","5634"
"Gross Value Added at Constant Basic Prices","2010","Financial and insurance activities (K)","Euro Million","22705"
"Gross Value Added at Constant Basic Prices","2010","Financial service activities (64)","Euro Million","16520"
"Gross Value Added at Constant Basic Prices","2010","Insurance, reinsurance and pension funding, except compulsory social security (65)","Euro Million","5276"
"Gross Value Added at Constant Basic Prices","2010","Activities auxiliary to financial services and insurance activities (66)","Euro Million","2669"
"Gross Value Added at Constant Basic Prices","2010","Real estate activities (L)","Euro Million","21898"
"Gross Value Added at Constant Basic Prices","2010","Real estate activities (68)","Euro Million","21898"
"Gross Value Added at Constant Basic Prices","2010","Real estate activities of which: imputed rents of owner-occupied dwellings","Euro Million","18739"
"Gross Value Added at Constant Basic Prices","2010","Professional, scientific and technical activities (M)","Euro Million","10130"
"Gross Value Added at Constant Basic Prices","2010","Legal and accounting activities; head offices and management consultancy activities (69,70)","Euro Million","4479"
"Gross Value Added at Constant Basic Prices","2010","Architectural and engineering activities; technical testing and analysis (71)","Euro Million","2276"
"Gross Value Added at Constant Basic Prices","2010","Scientific research and development (72)","Euro Million","885"
"Gross Value Added at Constant Basic Prices","2010","Advertising and market research (73)","Euro Million","937"
"Gross Value Added at Constant Basic Prices","2010","Other professional, scientific, technical and veterinary activities (74,75)","Euro Million","1740"
"Gross Value Added at Constant Basic Prices","2010","Administrative and support service activities (N)","Euro Million","13127"
"Gross Value Added at Constant Basic Prices","2010","Rental and leasing activities  (77)","Euro Million","7810"
"Gross Value Added at Constant Basic Prices","2010","Employment activities (78)","Euro Million","2588"
"Gross Value Added at Constant Basic Prices","2010","Travel agency and tourism service activities (79)","Euro Million","493"
"Gross Value Added at Constant Basic Prices","2010","Administrative and support service activities (80 to 82)","Euro Million","2651"
"Gross Value Added at Constant Basic Prices","2010","Public administration and defence; compulsory social security (O)","Euro Million","8341"
"Gross Value Added at Constant Basic Prices","2010","Public administration and defence; compulsory social security (84)","Euro Million","8341"
"Gross Value Added at Constant Basic Prices","2010","Education (P)","Euro Million","10052"
"Gross Value Added at Constant Basic Prices","2010","Education (85)","Euro Million","10052"
"Gross Value Added at Constant Basic Prices","2010","Human health and social work activities (Q)","Euro Million","17265"
"Gross Value Added at Constant Basic Prices","2010","Human health activities (86)","Euro Million","13860"
"Gross Value Added at Constant Basic Prices","2010","Residential care and social work activities (87,88)","Euro Million","3745"
"Gross Value Added at Constant Basic Prices","2010","Arts, entertainment and recreation (R)","Euro Million","2219"
"Gross Value Added at Constant Basic Prices","2010","Arts, entertainment and recreation (90 to 92)","Euro Million","1781"
"Gross Value Added at Constant Basic Prices","2010","Sports activities and amusement and recreation activities (93)","Euro Million","586"
"Gross Value Added at Constant Basic Prices","2010","Other service activities (S)","Euro Million","1563"
"Gross Value Added at Constant Basic Prices","2010","Activities of membership organisations (94)","Euro Million","601"
"Gross Value Added at Constant Basic Prices","2010","Repair of computers and personal and household goods (95)","Euro Million","68"
"Gross Value Added at Constant Basic Prices","2010","Other personal service activities (96)","Euro Million","1003"
"Gross Value Added at Constant Basic Prices","2010","Activities of households as employers; producing activities of households for own use (T)","Euro Million","47"
"Gross Value Added at Constant Basic Prices","2010","Activities of households as employers; producing activities of households for own use (97,98)","Euro Million","47"
"Gross Value Added at Constant Basic Prices","2010","Activities of extraterritorial organisations and bodies (U)","Euro Million","13"
"Gross Value Added at Constant Basic Prices","2010","Activities of extraterritorial organisations and bodies (99)","Euro Million","13"
"Gross Value Added at Constant Basic Prices","2011","Agriculture, forestry and fishing (A)","Euro Million","2851"
"Gross Value Added at Constant Basic Prices","2011","Crop and animal production, hunting and related service activities (01)","Euro Million","2706"
"Gross Value Added at Constant Basic Prices","2011","Forestry and logging (02)","Euro Million","23"
"Gross Value Added at Constant Basic Prices","2011","Fishing and aquaculture (03)","Euro Million","168"
"Gross Value Added at Constant Basic Prices","2011","Mining and quarrying (B)","Euro Million","233"
"Gross Value Added at Constant Basic Prices","2011","Mining and quarrying (05 to 09)","Euro Million","233"
"Gross Value Added at Constant Basic Prices","2011","Manufacturing (C)","Euro Million","51691"
"Gross Value Added at Constant Basic Prices","2011","Food products, beverages and tobacco (10 to 12)","Euro Million","6625"
"Gross Value Added at Constant Basic Prices","2011","Textiles, wearing apparel and leather products (13 to 15)","Euro Million","143"
"Gross Value Added at Constant Basic Prices","2011","Wood and wood products, except furniture (16)","Euro Million","245"
"Gross Value Added at Constant Basic Prices","2011","Pulp, paper and paper products (17)","Euro Million","108"
"Gross Value Added at Constant Basic Prices","2011","Printing and reproduction of recorded media (18)","Euro Million","630"
"Gross Value Added at Constant Basic Prices","2011","Coke and refined petroleum products (19)","Euro Million",""
"Gross Value Added at Constant Basic Prices","2011","Chemicals and chemical products (20)","Euro Million",""
"Gross Value Added at Constant Basic Prices","2011","Basic pharmaceutical products and preparations (21)","Euro Million","14283"
"Gross Value Added at Constant Basic Prices","2011","Rubber and plastic products (22)","Euro Million","660"
"Gross Value Added at Constant Basic Prices","2011","Other non-metallic mineral products (23)","Euro Million","1031"
"Gross Value Added at Constant Basic Prices","2011","Basic metals (24)","Euro Million","241"
"Gross Value Added at Constant Basic Prices","2011","Fabricated metal products (25)","Euro Million","1091"
"Gross Value Added at Constant Basic Prices","2011","Computer, electronic and optical products (26)","Euro Million","5529"
"Gross Value Added at Constant Basic Prices","2011","Electrical equipment (27)","Euro Million","405"
"Gross Value Added at Constant Basic Prices","2011","Manufacture of machinery and equipment n.e.c. (28)","Euro Million","1138"
"Gross Value Added at Constant Basic Prices","2011","Motor vehicles, trailers and semi-trailers (29)","Euro Million","227"
"Gross Value Added at Constant Basic Prices","2011","Other transport equipment (30)","Euro Million","365"
"Gross Value Added at Constant Basic Prices","2011","Furniture and other manufacturing (31,32)","Euro Million","5386"
"Gross Value Added at Constant Basic Prices","2011","Repair and installation of machinery and equipment (33 )","Euro Million","371"
"Gross Value Added at Constant Basic Prices","2011","Electricity, gas, steam and air conditioning supply (D)","Euro Million","3634"
"Gross Value Added at Constant Basic Prices","2011","Electricity, gas, steam and air conditioning supply (35)","Euro Million","3634"
"Gross Value Added at Constant Basic Prices","2011","Water supply; sewerage, waste management and remediation activities (E)","Euro Million","1577"
"Gross Value Added at Constant Basic Prices","2011","Water collection, treatment and supply (36)","Euro Million","676"
"Gross Value Added at Constant Basic Prices","2011","Sewerage, waste management and remediation activities (37 to 39)","Euro Million","975"
"Gross Value Added at Constant Basic Prices","2011","Construction (F)","Euro Million","10901"
"Gross Value Added at Constant Basic Prices","2011","Construction (41 to 43)","Euro Million","10901"
"Gross Value Added at Constant Basic Prices","2011","Wholesale and retail trade; repair of motor vehicles and motorcycles (G)","Euro Million","21005"
"Gross Value Added at Constant Basic Prices","2011","Wholesale and retail trade and repair of vehicles  (45)","Euro Million","1617"
"Gross Value Added at Constant Basic Prices","2011","Wholesale trade (46)","Euro Million","10784"
"Gross Value Added at Constant Basic Prices","2011","Retail trade (47)","Euro Million","8825"
"Gross Value Added at Constant Basic Prices","2011","Transportation and storage (H)","Euro Million","12578"
"Gross Value Added at Constant Basic Prices","2011","Land transport (49)","Euro Million","3433"
"Gross Value Added at Constant Basic Prices","2011","Water transport (50)","Euro Million","92"
"Gross Value Added at Constant Basic Prices","2011","Air transport (51)","Euro Million","330"
"Gross Value Added at Constant Basic Prices","2011","Warehousing and support activities for transportation (52)","Euro Million","2820"
"Gross Value Added at Constant Basic Prices","2011","Postal and courier activities (53)","Euro Million","1169"
"Gross Value Added at Constant Basic Prices","2011","Accommodation and food service activities (I)","Euro Million","7605"
"Gross Value Added at Constant Basic Prices","2011","Accommodation and food service activities (55,56)","Euro Million","7605"
"Gross Value Added at Constant Basic Prices","2011","Information and communication (J)","Euro Million","18975"
"Gross Value Added at Constant Basic Prices","2011","Publishing activities (58)","Euro Million","10203"
"Gross Value Added at Constant Basic Prices","2011","Audiovisual and broadcasting services (59,60)","Euro Million","898"
"Gross Value Added at Constant Basic Prices","2011","Telecommunications (61)","Euro Million","3108"
"Gross Value Added at Constant Basic Prices","2011","Computer programming, consultancy and Information service activities (62,63)","Euro Million","5361"
"Gross Value Added at Constant Basic Prices","2011","Financial and insurance activities (K)","Euro Million","22484"
"Gross Value Added at Constant Basic Prices","2011","Financial service activities (64)","Euro Million","16423"
"Gross Value Added at Constant Basic Prices","2011","Insurance, reinsurance and pension funding, except compulsory social security (65)","Euro Million","5242"
"Gross Value Added at Constant Basic Prices","2011","Activities auxiliary to financial services and insurance activities (66)","Euro Million","2589"
"Gross Value Added at Constant Basic Prices","2011","Real estate activities (L)","Euro Million","22182"
"Gross Value Added at Constant Basic Prices","2011","Real estate activities (68)","Euro Million","22182"
"Gross Value Added at Constant Basic Prices","2011","Real estate activities of which: imputed rents of owner-occupied dwellings","Euro Million","18986"
"Gross Value Added at Constant Basic Prices","2011","Professional, scientific and technical activities (M)","Euro Million","10036"
"Gross Value Added at Constant Basic Prices","2011","Legal and accounting activities; head offices and management consultancy activities (69,70)","Euro Million","6153"
"Gross Value Added at Constant Basic Prices","2011","Architectural and engineering activities; technical testing and analysis (71)","Euro Million","1773"
"Gross Value Added at Constant Basic Prices","2011","Scientific research and development (72)","Euro Million","409"
"Gross Value Added at Constant Basic Prices","2011","Advertising and market research (73)","Euro Million","828"
"Gross Value Added at Constant Basic Prices","2011","Other professional, scientific, technical and veterinary activities (74,75)","Euro Million","848"
"Gross Value Added at Constant Basic Prices","2011","Administrative and support service activities (N)","Euro Million","15286"
"Gross Value Added at Constant Basic Prices","2011","Rental and leasing activities  (77)","Euro Million","9150"
"Gross Value Added at Constant Basic Prices","2011","Employment activities (78)","Euro Million","2756"
"Gross Value Added at Constant Basic Prices","2011","Travel agency and tourism service activities (79)","Euro Million","494"
"Gross Value Added at Constant Basic Prices","2011","Administrative and support service activities (80 to 82)","Euro Million","3162"
"Gross Value Added at Constant Basic Prices","2011","Public administration and defence; compulsory social security (O)","Euro Million","8011"
"Gross Value Added at Constant Basic Prices","2011","Public administration and defence; compulsory social security (84)","Euro Million","8011"
"Gross Value Added at Constant Basic Prices","2011","Education (P)","Euro Million","10520"
"Gross Value Added at Constant Basic Prices","2011","Education (85)","Euro Million","10520"
"Gross Value Added at Constant Basic Prices","2011","Human health and social work activities (Q)","Euro Million","17841"
"Gross Value Added at Constant Basic Prices","2011","Human health activities (86)","Euro Million","14348"
"Gross Value Added at Constant Basic Prices","2011","Residential care and social work activities (87,88)","Euro Million","3850"
"Gross Value Added at Constant Basic Prices","2011","Arts, entertainment and recreation (R)","Euro Million","2111"
"Gross Value Added at Constant Basic Prices","2011","Arts, entertainment and recreation (90 to 92)","Euro Million","1646"
"Gross Value Added at Constant Basic Prices","2011","Sports activities and amusement and recreation activities (93)","Euro Million","590"
"Gross Value Added at Constant Basic Prices","2011","Other service activities (S)","Euro Million","1602"
"Gross Value Added at Constant Basic Prices","2011","Activities of membership organisations (94)","Euro Million","676"
"Gross Value Added at Constant Basic Prices","2011","Repair of computers and personal and household goods (95)","Euro Million","57"
"Gross Value Added at Constant Basic Prices","2011","Other personal service activities (96)","Euro Million","961"
"Gross Value Added at Constant Basic Prices","2011","Activities of households as employers; producing activities of households for own use (T)","Euro Million","75"
"Gross Value Added at Constant Basic Prices","2011","Activities of households as employers; producing activities of households for own use (97,98)","Euro Million","75"
"Gross Value Added at Constant Basic Prices","2011","Activities of extraterritorial organisations and bodies (U)","Euro Million","9"
"Gross Value Added at Constant Basic Prices","2011","Activities of extraterritorial organisations and bodies (99)","Euro Million","9"
"Gross Value Added at Constant Basic Prices","2012","Agriculture, forestry and fishing (A)","Euro Million","2258"
"Gross Value Added at Constant Basic Prices","2012","Crop and animal production, hunting and related service activities (01)","Euro Million","2075"
"Gross Value Added at Constant Basic Prices","2012","Forestry and logging (02)","Euro Million","28"
"Gross Value Added at Constant Basic Prices","2012","Fishing and aquaculture (03)","Euro Million","166"
"Gross Value Added at Constant Basic Prices","2012","Mining and quarrying (B)","Euro Million","208"
"Gross Value Added at Constant Basic Prices","2012","Mining and quarrying (05 to 09)","Euro Million","208"
"Gross Value Added at Constant Basic Prices","2012","Manufacturing (C)","Euro Million","50612"
"Gross Value Added at Constant Basic Prices","2012","Food products, beverages and tobacco (10 to 12)","Euro Million","6564"
"Gross Value Added at Constant Basic Prices","2012","Textiles, wearing apparel and leather products (13 to 15)","Euro Million","128"
"Gross Value Added at Constant Basic Prices","2012","Wood and wood products, except furniture (16)","Euro Million","222"
"Gross Value Added at Constant Basic Prices","2012","Pulp, paper and paper products (17)","Euro Million","108"
"Gross Value Added at Constant Basic Prices","2012","Printing and reproduction of recorded media (18)","Euro Million","609"
"Gross Value Added at Constant Basic Prices","2012","Coke and refined petroleum products (19)","Euro Million",""
"Gross Value Added at Constant Basic Prices","2012","Chemicals and chemical products (20)","Euro Million",""
"Gross Value Added at Constant Basic Prices","2012","Basic pharmaceutical products and preparations (21)","Euro Million","13236"
"Gross Value Added at Constant Basic Prices","2012","Rubber and plastic products (22)","Euro Million","631"
"Gross Value Added at Constant Basic Prices","2012","Other non-metallic mineral products (23)","Euro Million","894"
"Gross Value Added at Constant Basic Prices","2012","Basic metals (24)","Euro Million","234"
"Gross Value Added at Constant Basic Prices","2012","Fabricated metal products (25)","Euro Million","918"
"Gross Value Added at Constant Basic Prices","2012","Computer, electronic and optical products (26)","Euro Million","6018"
"Gross Value Added at Constant Basic Prices","2012","Electrical equipment (27)","Euro Million","407"
"Gross Value Added at Constant Basic Prices","2012","Manufacture of machinery and equipment n.e.c. (28)","Euro Million","1204"
"Gross Value Added at Constant Basic Prices","2012","Motor vehicles, trailers and semi-trailers (29)","Euro Million","213"
"Gross Value Added at Constant Basic Prices","2012","Other transport equipment (30)","Euro Million","337"
"Gross Value Added at Constant Basic Prices","2012","Furniture and other manufacturing (31,32)","Euro Million","5480"
"Gross Value Added at Constant Basic Prices","2012","Repair and installation of machinery and equipment (33 )","Euro Million","391"
"Gross Value Added at Constant Basic Prices","2012","Electricity, gas, steam and air conditioning supply (D)","Euro Million","3593"
"Gross Value Added at Constant Basic Prices","2012","Electricity, gas, steam and air conditioning supply (35)","Euro Million","3593"
"Gross Value Added at Constant Basic Prices","2012","Water supply; sewerage, waste management and remediation activities (E)","Euro Million","1545"
"Gross Value Added at Constant Basic Prices","2012","Water collection, treatment and supply (36)","Euro Million","638"
"Gross Value Added at Constant Basic Prices","2012","Sewerage, waste management and remediation activities (37 to 39)","Euro Million","971"
"Gross Value Added at Constant Basic Prices","2012","Construction (F)","Euro Million","8643"
"Gross Value Added at Constant Basic Prices","2012","Construction (41 to 43)","Euro Million","8643"
"Gross Value Added at Constant Basic Prices","2012","Wholesale and retail trade; repair of motor vehicles and motorcycles (G)","Euro Million","20716"
"Gross Value Added at Constant Basic Prices","2012","Wholesale and retail trade and repair of vehicles  (45)","Euro Million","1518"
"Gross Value Added at Constant Basic Prices","2012","Wholesale trade (46)","Euro Million","10574"
"Gross Value Added at Constant Basic Prices","2012","Retail trade (47)","Euro Million","8820"
"Gross Value Added at Constant Basic Prices","2012","Transportation and storage (H)","Euro Million","12668"
"Gross Value Added at Constant Basic Prices","2012","Land transport (49)","Euro Million","3406"
"Gross Value Added at Constant Basic Prices","2012","Water transport (50)","Euro Million","88"
"Gross Value Added at Constant Basic Prices","2012","Air transport (51)","Euro Million","358"
"Gross Value Added at Constant Basic Prices","2012","Warehousing and support activities for transportation (52)","Euro Million","2769"
"Gross Value Added at Constant Basic Prices","2012","Postal and courier activities (53)","Euro Million","1131"
"Gross Value Added at Constant Basic Prices","2012","Accommodation and food service activities (I)","Euro Million","7489"
"Gross Value Added at Constant Basic Prices","2012","Accommodation and food service activities (55,56)","Euro Million","7489"
"Gross Value Added at Constant Basic Prices","2012","Information and communication (J)","Euro Million","19269"
"Gross Value Added at Constant Basic Prices","2012","Publishing activities (58)","Euro Million","9496"
"Gross Value Added at Constant Basic Prices","2012","Audiovisual and broadcasting services (59,60)","Euro Million","788"
"Gross Value Added at Constant Basic Prices","2012","Telecommunications (61)","Euro Million","3215"
"Gross Value Added at Constant Basic Prices","2012","Computer programming, consultancy and Information service activities (62,63)","Euro Million","6263"
"Gross Value Added at Constant Basic Prices","2012","Financial and insurance activities (K)","Euro Million","19292"
"Gross Value Added at Constant Basic Prices","2012","Financial service activities (64)","Euro Million","13008"
"Gross Value Added at Constant Basic Prices","2012","Insurance, reinsurance and pension funding, except compulsory social security (65)","Euro Million","5741"
"Gross Value Added at Constant Basic Prices","2012","Activities auxiliary to financial services and insurance activities (66)","Euro Million","2320"
"Gross Value Added at Constant Basic Prices","2012","Real estate activities (L)","Euro Million","22383"
"Gross Value Added at Constant Basic Prices","2012","Real estate activities (68)","Euro Million","22383"
"Gross Value Added at Constant Basic Prices","2012","Real estate activities of which: imputed rents of owner-occupied dwellings","Euro Million","18935"
"Gross Value Added at Constant Basic Prices","2012","Professional, scientific and technical activities (M)","Euro Million","9772"
"Gross Value Added at Constant Basic Prices","2012","Legal and accounting activities; head offices and management consultancy activities (69,70)","Euro Million","6382"
"Gross Value Added at Constant Basic Prices","2012","Architectural and engineering activities; technical testing and analysis (71)","Euro Million","1440"
"Gross Value Added at Constant Basic Prices","2012","Scientific research and development (72)","Euro Million","459"
"Gross Value Added at Constant Basic Prices","2012","Advertising and market research (73)","Euro Million","577"
"Gross Value Added at Constant Basic Prices","2012","Other professional, scientific, technical and veterinary activities (74,75)","Euro Million","866"
"Gross Value Added at Constant Basic Prices","2012","Administrative and support service activities (N)","Euro Million","14839"
"Gross Value Added at Constant Basic Prices","2012","Rental and leasing activities  (77)","Euro Million","9481"
"Gross Value Added at Constant Basic Prices","2012","Employment activities (78)","Euro Million","2804"
"Gross Value Added at Constant Basic Prices","2012","Travel agency and tourism service activities (79)","Euro Million","492"
"Gross Value Added at Constant Basic Prices","2012","Administrative and support service activities (80 to 82)","Euro Million","2555"
"Gross Value Added at Constant Basic Prices","2012","Public administration and defence; compulsory social security (O)","Euro Million","7800"
"Gross Value Added at Constant Basic Prices","2012","Public administration and defence; compulsory social security (84)","Euro Million","7800"
"Gross Value Added at Constant Basic Prices","2012","Education (P)","Euro Million","10577"
"Gross Value Added at Constant Basic Prices","2012","Education (85)","Euro Million","10577"
"Gross Value Added at Constant Basic Prices","2012","Human health and social work activities (Q)","Euro Million","17870"
"Gross Value Added at Constant Basic Prices","2012","Human health activities (86)","Euro Million","14202"
"Gross Value Added at Constant Basic Prices","2012","Residential care and social work activities (87,88)","Euro Million","3979"
"Gross Value Added at Constant Basic Prices","2012","Arts, entertainment and recreation (R)","Euro Million","2209"
"Gross Value Added at Constant Basic Prices","2012","Arts, entertainment and recreation (90 to 92)","Euro Million","1582"
"Gross Value Added at Constant Basic Prices","2012","Sports activities and amusement and recreation activities (93)","Euro Million","695"
"Gross Value Added at Constant Basic Prices","2012","Other service activities (S)","Euro Million","1572"
"Gross Value Added at Constant Basic Prices","2012","Activities of membership organisations (94)","Euro Million","668"
"Gross Value Added at Constant Basic Prices","2012","Repair of computers and personal and household goods (95)","Euro Million","53"
"Gross Value Added at Constant Basic Prices","2012","Other personal service activities (96)","Euro Million","942"
"Gross Value Added at Constant Basic Prices","2012","Activities of households as employers; producing activities of households for own use (T)","Euro Million","87"
"Gross Value Added at Constant Basic Prices","2012","Activities of households as employers; producing activities of households for own use (97,98)","Euro Million","87"
"Gross Value Added at Constant Basic Prices","2012","Activities of extraterritorial organisations and bodies (U)","Euro Million","6"
"Gross Value Added at Constant Basic Prices","2012","Activities of extraterritorial organisations and bodies (99)","Euro Million","6"
"Gross Value Added at Constant Basic Prices","2013","Agriculture, forestry and fishing (A)","Euro Million","2334"
"Gross Value Added at Constant Basic Prices","2013","Crop and animal production, hunting and related service activities (01)","Euro Million","2146"
"Gross Value Added at Constant Basic Prices","2013","Forestry and logging (02)","Euro Million","39"
"Gross Value Added at Constant Basic Prices","2013","Fishing and aquaculture (03)","Euro Million","155"
"Gross Value Added at Constant Basic Prices","2013","Mining and quarrying (B)","Euro Million","300"
"Gross Value Added at Constant Basic Prices","2013","Mining and quarrying (05 to 09)","Euro Million","300"
"Gross Value Added at Constant Basic Prices","2013","Manufacturing (C)","Euro Million","47706"
"Gross Value Added at Constant Basic Prices","2013","Food products, beverages and tobacco (10 to 12)","Euro Million","7060"
"Gross Value Added at Constant Basic Prices","2013","Textiles, wearing apparel and leather products (13 to 15)","Euro Million","130"
"Gross Value Added at Constant Basic Prices","2013","Wood and wood products, except furniture (16)","Euro Million","243"
"Gross Value Added at Constant Basic Prices","2013","Pulp, paper and paper products (17)","Euro Million","110"
"Gross Value Added at Constant Basic Prices","2013","Printing and reproduction of recorded media (18)","Euro Million","584"
"Gross Value Added at Constant Basic Prices","2013","Coke and refined petroleum products (19)","Euro Million",""
"Gross Value Added at Constant Basic Prices","2013","Chemicals and chemical products (20)","Euro Million",""
"Gross Value Added at Constant Basic Prices","2013","Basic pharmaceutical products and preparations (21)","Euro Million","11376"
"Gross Value Added at Constant Basic Prices","2013","Rubber and plastic products (22)","Euro Million","650"
"Gross Value Added at Constant Basic Prices","2013","Other non-metallic mineral products (23)","Euro Million","896"
"Gross Value Added at Constant Basic Prices","2013","Basic metals (24)","Euro Million","288"
"Gross Value Added at Constant Basic Prices","2013","Fabricated metal products (25)","Euro Million","975"
"Gross Value Added at Constant Basic Prices","2013","Computer, electronic and optical products (26)","Euro Million","4962"
"Gross Value Added at Constant Basic Prices","2013","Electrical equipment (27)","Euro Million","413"
"Gross Value Added at Constant Basic Prices","2013","Manufacture of machinery and equipment n.e.c. (28)","Euro Million","1217"
"Gross Value Added at Constant Basic Prices","2013","Motor vehicles, trailers and semi-trailers (29)","Euro Million","201"
"Gross Value Added at Constant Basic Prices","2013","Other transport equipment (30)","Euro Million","319"
"Gross Value Added at Constant Basic Prices","2013","Furniture and other manufacturing (31,32)","Euro Million","5369"
"Gross Value Added at Constant Basic Prices","2013","Repair and installation of machinery and equipment (33 )","Euro Million","475"
"Gross Value Added at Constant Basic Prices","2013","Electricity, gas, steam and air conditioning supply (D)","Euro Million","3365"
"Gross Value Added at Constant Basic Prices","2013","Electricity, gas, steam and air conditioning supply (35)","Euro Million","3365"
"Gross Value Added at Constant Basic Prices","2013","Water supply; sewerage, waste management and remediation activities (E)","Euro Million","1536"
"Gross Value Added at Constant Basic Prices","2013","Water collection, treatment and supply (36)","Euro Million","602"
"Gross Value Added at Constant Basic Prices","2013","Sewerage, waste management and remediation activities (37 to 39)","Euro Million","983"
"Gross Value Added at Constant Basic Prices","2013","Construction (F)","Euro Million","10181"
"Gross Value Added at Constant Basic Prices","2013","Construction (41 to 43)","Euro Million","10181"
"Gross Value Added at Constant Basic Prices","2013","Wholesale and retail trade; repair of motor vehicles and motorcycles (G)","Euro Million","20873"
"Gross Value Added at Constant Basic Prices","2013","Wholesale and retail trade and repair of vehicles  (45)","Euro Million","1539"
"Gross Value Added at Constant Basic Prices","2013","Wholesale trade (46)","Euro Million","10651"
"Gross Value Added at Constant Basic Prices","2013","Retail trade (47)","Euro Million","8883"
"Gross Value Added at Constant Basic Prices","2013","Transportation and storage (H)","Euro Million","12617"
"Gross Value Added at Constant Basic Prices","2013","Land transport (49)","Euro Million","3316"
"Gross Value Added at Constant Basic Prices","2013","Water transport (50)","Euro Million","90"
"Gross Value Added at Constant Basic Prices","2013","Air transport (51)","Euro Million","358"
"Gross Value Added at Constant Basic Prices","2013","Warehousing and support activities for transportation (52)","Euro Million","2864"
"Gross Value Added at Constant Basic Prices","2013","Postal and courier activities (53)","Euro Million","1108"
"Gross Value Added at Constant Basic Prices","2013","Accommodation and food service activities (I)","Euro Million","8137"
"Gross Value Added at Constant Basic Prices","2013","Accommodation and food service activities (55,56)","Euro Million","8137"
"Gross Value Added at Constant Basic Prices","2013","Information and communication (J)","Euro Million","21379"
"Gross Value Added at Constant Basic Prices","2013","Publishing activities (58)","Euro Million","10686"
"Gross Value Added at Constant Basic Prices","2013","Audiovisual and broadcasting services (59,60)","Euro Million","790"
"Gross Value Added at Constant Basic Prices","2013","Telecommunications (61)","Euro Million","3233"
"Gross Value Added at Constant Basic Prices","2013","Computer programming, consultancy and Information service activities (62,63)","Euro Million","7107"
"Gross Value Added at Constant Basic Prices","2013","Financial and insurance activities (K)","Euro Million","17718"
"Gross Value Added at Constant Basic Prices","2013","Financial service activities (64)","Euro Million","11119"
"Gross Value Added at Constant Basic Prices","2013","Insurance, reinsurance and pension funding, except compulsory social security (65)","Euro Million","5964"
"Gross Value Added at Constant Basic Prices","2013","Activities auxiliary to financial services and insurance activities (66)","Euro Million","2252"
"Gross Value Added at Constant Basic Prices","2013","Real estate activities (L)","Euro Million","22560"
"Gross Value Added at Constant Basic Prices","2013","Real estate activities (68)","Euro Million","22560"
"Gross Value Added at Constant Basic Prices","2013","Real estate activities of which: imputed rents of owner-occupied dwellings","Euro Million","18750"
"Gross Value Added at Constant Basic Prices","2013","Professional, scientific and technical activities (M)","Euro Million","10634"
"Gross Value Added at Constant Basic Prices","2013","Legal and accounting activities; head offices and management consultancy activities (69,70)","Euro Million","6529"
"Gross Value Added at Constant Basic Prices","2013","Architectural and engineering activities; technical testing and analysis (71)","Euro Million","1824"
"Gross Value Added at Constant Basic Prices","2013","Scientific research and development (72)","Euro Million","576"
"Gross Value Added at Constant Basic Prices","2013","Advertising and market research (73)","Euro Million","683"
"Gross Value Added at Constant Basic Prices","2013","Other professional, scientific, technical and veterinary activities (74,75)","Euro Million","983"
"Gross Value Added at Constant Basic Prices","2013","Administrative and support service activities (N)","Euro Million","19613"
"Gross Value Added at Constant Basic Prices","2013","Rental and leasing activities  (77)","Euro Million","14253"
"Gross Value Added at Constant Basic Prices","2013","Employment activities (78)","Euro Million","2437"
"Gross Value Added at Constant Basic Prices","2013","Travel agency and tourism service activities (79)","Euro Million","543"
"Gross Value Added at Constant Basic Prices","2013","Administrative and support service activities (80 to 82)","Euro Million","2652"
"Gross Value Added at Constant Basic Prices","2013","Public administration and defence; compulsory social security (O)","Euro Million","7729"
"Gross Value Added at Constant Basic Prices","2013","Public administration and defence; compulsory social security (84)","Euro Million","7729"
"Gross Value Added at Constant Basic Prices","2013","Education (P)","Euro Million","10685"
"Gross Value Added at Constant Basic Prices","2013","Education (85)","Euro Million","10685"
"Gross Value Added at Constant Basic Prices","2013","Human health and social work activities (Q)","Euro Million","18251"
"Gross Value Added at Constant Basic Prices","2013","Human health activities (86)","Euro Million","14315"
"Gross Value Added at Constant Basic Prices","2013","Residential care and social work activities (87,88)","Euro Million","4201"
"Gross Value Added at Constant Basic Prices","2013","Arts, entertainment and recreation (R)","Euro Million","2247"
"Gross Value Added at Constant Basic Prices","2013","Arts, entertainment and recreation (90 to 92)","Euro Million","1478"
"Gross Value Added at Constant Basic Prices","2013","Sports activities and amusement and recreation activities (93)","Euro Million","801"
"Gross Value Added at Constant Basic Prices","2013","Other service activities (S)","Euro Million","1541"
"Gross Value Added at Constant Basic Prices","2013","Activities of membership organisations (94)","Euro Million","604"
"Gross Value Added at Constant Basic Prices","2013","Repair of computers and personal and household goods (95)","Euro Million","55"
"Gross Value Added at Constant Basic Prices","2013","Other personal service activities (96)","Euro Million","988"
"Gross Value Added at Constant Basic Prices","2013","Activities of households as employers; producing activities of households for own use (T)","Euro Million","76"
"Gross Value Added at Constant Basic Prices","2013","Activities of households as employers; producing activities of households for own use (97,98)","Euro Million","76"
"Gross Value Added at Constant Basic Prices","2013","Activities of extraterritorial organisations and bodies (U)","Euro Million","16"
"Gross Value Added at Constant Basic Prices","2013","Activities of extraterritorial organisations and bodies (99)","Euro Million","16"
"Gross Value Added at Constant Basic Prices","2014","Agriculture, forestry and fishing (A)","Euro Million","2988"
"Gross Value Added at Constant Basic Prices","2014","Crop and animal production, hunting and related service activities (01)","Euro Million","2792"
"Gross Value Added at Constant Basic Prices","2014","Forestry and logging (02)","Euro Million","51"
"Gross Value Added at Constant Basic Prices","2014","Fishing and aquaculture (03)","Euro Million","160"
"Gross Value Added at Constant Basic Prices","2014","Mining and quarrying (B)","Euro Million","274"
"Gross Value Added at Constant Basic Prices","2014","Mining and quarrying (05 to 09)","Euro Million","274"
"Gross Value Added at Constant Basic Prices","2014","Manufacturing (C)","Euro Million","53810"
"Gross Value Added at Constant Basic Prices","2014","Food products, beverages and tobacco (10 to 12)","Euro Million","7612"
"Gross Value Added at Constant Basic Prices","2014","Textiles, wearing apparel and leather products (13 to 15)","Euro Million","134"
"Gross Value Added at Constant Basic Prices","2014","Wood and wood products, except furniture (16)","Euro Million","232"
"Gross Value Added at Constant Basic Prices","2014","Pulp, paper and paper products (17)","Euro Million","143"
"Gross Value Added at Constant Basic Prices","2014","Printing and reproduction of recorded media (18)","Euro Million","567"
"Gross Value Added at Constant Basic Prices","2014","Coke and refined petroleum products (19)","Euro Million",""
"Gross Value Added at Constant Basic Prices","2014","Chemicals and chemical products (20)","Euro Million",""
"Gross Value Added at Constant Basic Prices","2014","Basic pharmaceutical products and preparations (21)","Euro Million","13489"
"Gross Value Added at Constant Basic Prices","2014","Rubber and plastic products (22)","Euro Million","606"
"Gross Value Added at Constant Basic Prices","2014","Other non-metallic mineral products (23)","Euro Million","951"
"Gross Value Added at Constant Basic Prices","2014","Basic metals (24)","Euro Million","322"
"Gross Value Added at Constant Basic Prices","2014","Fabricated metal products (25)","Euro Million","1073"
"Gross Value Added at Constant Basic Prices","2014","Computer, electronic and optical products (26)","Euro Million","4917"
"Gross Value Added at Constant Basic Prices","2014","Electrical equipment (27)","Euro Million","387"
"Gross Value Added at Constant Basic Prices","2014","Manufacture of machinery and equipment n.e.c. (28)","Euro Million","1377"
"Gross Value Added at Constant Basic Prices","2014","Motor vehicles, trailers and semi-trailers (29)","Euro Million","204"
"Gross Value Added at Constant Basic Prices","2014","Other transport equipment (30)","Euro Million","115"
"Gross Value Added at Constant Basic Prices","2014","Furniture and other manufacturing (31,32)","Euro Million","7870"
"Gross Value Added at Constant Basic Prices","2014","Repair and installation of machinery and equipment (33 )","Euro Million","470"
"Gross Value Added at Constant Basic Prices","2014","Electricity, gas, steam and air conditioning supply (D)","Euro Million","3851"
"Gross Value Added at Constant Basic Prices","2014","Electricity, gas, steam and air conditioning supply (35)","Euro Million","3851"
"Gross Value Added at Constant Basic Prices","2014","Water supply; sewerage, waste management and remediation activities (E)","Euro Million","1682"
"Gross Value Added at Constant Basic Prices","2014","Water collection, treatment and supply (36)","Euro Million","696"
"Gross Value Added at Constant Basic Prices","2014","Sewerage, waste management and remediation activities (37 to 39)","Euro Million","1056"
"Gross Value Added at Constant Basic Prices","2014","Construction (F)","Euro Million","10603"
"Gross Value Added at Constant Basic Prices","2014","Construction (41 to 43)","Euro Million","10603"
"Gross Value Added at Constant Basic Prices","2014","Wholesale and retail trade; repair of motor vehicles and motorcycles (G)","Euro Million","22316"
"Gross Value Added at Constant Basic Prices","2014","Wholesale and retail trade and repair of vehicles  (45)","Euro Million","1811"
"Gross Value Added at Constant Basic Prices","2014","Wholesale trade (46)","Euro Million","11537"
"Gross Value Added at Constant Basic Prices","2014","Retail trade (47)","Euro Million","9205"
"Gross Value Added at Constant Basic Prices","2014","Transportation and storage (H)","Euro Million","13161"
"Gross Value Added at Constant Basic Prices","2014","Land transport (49)","Euro Million","3473"
"Gross Value Added at Constant Basic Prices","2014","Water transport (50)","Euro Million","85"
"Gross Value Added at Constant Basic Prices","2014","Air transport (51)","Euro Million","388"
"Gross Value Added at Constant Basic Prices","2014","Warehousing and support activities for transportation (52)","Euro Million","2959"
"Gross Value Added at Constant Basic Prices","2014","Postal and courier activities (53)","Euro Million","1090"
"Gross Value Added at Constant Basic Prices","2014","Accommodation and food service activities (I)","Euro Million","8611"
"Gross Value Added at Constant Basic Prices","2014","Accommodation and food service activities (55,56)","Euro Million","8611"
"Gross Value Added at Constant Basic Prices","2014","Information and communication (J)","Euro Million","24172"
"Gross Value Added at Constant Basic Prices","2014","Publishing activities (58)","Euro Million","12137"
"Gross Value Added at Constant Basic Prices","2014","Audiovisual and broadcasting services (59,60)","Euro Million","849"
"Gross Value Added at Constant Basic Prices","2014","Telecommunications (61)","Euro Million","3260"
"Gross Value Added at Constant Basic Prices","2014","Computer programming, consultancy and Information service activities (62,63)","Euro Million","8323"
"Gross Value Added at Constant Basic Prices","2014","Financial and insurance activities (K)","Euro Million","18193"
"Gross Value Added at Constant Basic Prices","2014","Financial service activities (64)","Euro Million","11442"
"Gross Value Added at Constant Basic Prices","2014","Insurance, reinsurance and pension funding, except compulsory social security (65)","Euro Million","5758"
"Gross Value Added at Constant Basic Prices","2014","Activities auxiliary to financial services and insurance activities (66)","Euro Million","2420"
"Gross Value Added at Constant Basic Prices","2014","Real estate activities (L)","Euro Million","23192"
"Gross Value Added at Constant Basic Prices","2014","Real estate activities (68)","Euro Million","23192"
"Gross Value Added at Constant Basic Prices","2014","Real estate activities of which: imputed rents of owner-occupied dwellings","Euro Million","19176"
"Gross Value Added at Constant Basic Prices","2014","Professional, scientific and technical activities (M)","Euro Million","11974"
"Gross Value Added at Constant Basic Prices","2014","Legal and accounting activities; head offices and management consultancy activities (69,70)","Euro Million","6986"
"Gross Value Added at Constant Basic Prices","2014","Architectural and engineering activities; technical testing and analysis (71)","Euro Million","2113"
"Gross Value Added at Constant Basic Prices","2014","Scientific research and development (72)","Euro Million","1034"
"Gross Value Added at Constant Basic Prices","2014","Advertising and market research (73)","Euro Million","803"
"Gross Value Added at Constant Basic Prices","2014","Other professional, scientific, technical and veterinary activities (74,75)","Euro Million","1028"
"Gross Value Added at Constant Basic Prices","2014","Administrative and support service activities (N)","Euro Million","24181"
"Gross Value Added at Constant Basic Prices","2014","Rental and leasing activities  (77)","Euro Million","18074"
"Gross Value Added at Constant Basic Prices","2014","Employment activities (78)","Euro Million","2823"
"Gross Value Added at Constant Basic Prices","2014","Travel agency and tourism service activities (79)","Euro Million","600"
"Gross Value Added at Constant Basic Prices","2014","Administrative and support service activities (80 to 82)","Euro Million","3029"
"Gross Value Added at Constant Basic Prices","2014","Public administration and defence; compulsory social security (O)","Euro Million","7963"
"Gross Value Added at Constant Basic Prices","2014","Public administration and defence; compulsory social security (84)","Euro Million","7963"
"Gross Value Added at Constant Basic Prices","2014","Education (P)","Euro Million","10888"
"Gross Value Added at Constant Basic Prices","2014","Education (85)","Euro Million","10888"
"Gross Value Added at Constant Basic Prices","2014","Human health and social work activities (Q)","Euro Million","18094"
"Gross Value Added at Constant Basic Prices","2014","Human health activities (86)","Euro Million","14099"
"Gross Value Added at Constant Basic Prices","2014","Residential care and social work activities (87,88)","Euro Million","4231"
"Gross Value Added at Constant Basic Prices","2014","Arts, entertainment and recreation (R)","Euro Million","2399"
"Gross Value Added at Constant Basic Prices","2014","Arts, entertainment and recreation (90 to 92)","Euro Million","1466"
"Gross Value Added at Constant Basic Prices","2014","Sports activities and amusement and recreation activities (93)","Euro Million","954"
"Gross Value Added at Constant Basic Prices","2014","Other service activities (S)","Euro Million","1551"
"Gross Value Added at Constant Basic Prices","2014","Activities of membership organisations (94)","Euro Million","610"
"Gross Value Added at Constant Basic Prices","2014","Repair of computers and personal and household goods (95)","Euro Million","64"
"Gross Value Added at Constant Basic Prices","2014","Other personal service activities (96)","Euro Million","979"
"Gross Value Added at Constant Basic Prices","2014","Activities of households as employers; producing activities of households for own use (T)","Euro Million","84"
"Gross Value Added at Constant Basic Prices","2014","Activities of households as employers; producing activities of households for own use (97,98)","Euro Million","84"
"Gross Value Added at Constant Basic Prices","2014","Activities of extraterritorial organisations and bodies (U)","Euro Million","11"
"Gross Value Added at Constant Basic Prices","2014","Activities of extraterritorial organisations and bodies (99)","Euro Million","11"
"Gross Value Added at Constant Basic Prices","2015","Agriculture, forestry and fishing (A)","Euro Million","3176"
"Gross Value Added at Constant Basic Prices","2015","Crop and animal production, hunting and related service activities (01)","Euro Million","2970"
"Gross Value Added at Constant Basic Prices","2015","Forestry and logging (02)","Euro Million","52"
"Gross Value Added at Constant Basic Prices","2015","Fishing and aquaculture (03)","Euro Million","170"
"Gross Value Added at Constant Basic Prices","2015","Mining and quarrying (B)","Euro Million","226"
"Gross Value Added at Constant Basic Prices","2015","Mining and quarrying (05 to 09)","Euro Million","226"
"Gross Value Added at Constant Basic Prices","2015","Manufacturing (C)","Euro Million","98697"
"Gross Value Added at Constant Basic Prices","2015","Food products, beverages and tobacco (10 to 12)","Euro Million","7940"
"Gross Value Added at Constant Basic Prices","2015","Textiles, wearing apparel and leather products (13 to 15)","Euro Million","134"
"Gross Value Added at Constant Basic Prices","2015","Wood and wood products, except furniture (16)","Euro Million","231"
"Gross Value Added at Constant Basic Prices","2015","Pulp, paper and paper products (17)","Euro Million","170"
"Gross Value Added at Constant Basic Prices","2015","Printing and reproduction of recorded media (18)","Euro Million","447"
"Gross Value Added at Constant Basic Prices","2015","Coke and refined petroleum products (19)","Euro Million",""
"Gross Value Added at Constant Basic Prices","2015","Chemicals and chemical products (20)","Euro Million",""
"Gross Value Added at Constant Basic Prices","2015","Basic pharmaceutical products and preparations (21)","Euro Million",""
"Gross Value Added at Constant Basic Prices","2015","Rubber and plastic products (22)","Euro Million","653"
"Gross Value Added at Constant Basic Prices","2015","Other non-metallic mineral products (23)","Euro Million","1069"
"Gross Value Added at Constant Basic Prices","2015","Basic metals (24)","Euro Million","321"
"Gross Value Added at Constant Basic Prices","2015","Fabricated metal products (25)","Euro Million","1211"
"Gross Value Added at Constant Basic Prices","2015","Computer, electronic and optical products (26)","Euro Million",""
"Gross Value Added at Constant Basic Prices","2015","Electrical equipment (27)","Euro Million","383"
"Gross Value Added at Constant Basic Prices","2015","Manufacture of machinery and equipment n.e.c. (28)","Euro Million","1774"
"Gross Value Added at Constant Basic Prices","2015","Motor vehicles, trailers and semi-trailers (29)","Euro Million",""
"Gross Value Added at Constant Basic Prices","2015","Other transport equipment (30)","Euro Million",""
"Gross Value Added at Constant Basic Prices","2015","Furniture and other manufacturing (31,32)","Euro Million","9265"
"Gross Value Added at Constant Basic Prices","2015","Repair and installation of machinery and equipment (33 )","Euro Million","569"
"Gross Value Added at Constant Basic Prices","2015","Electricity, gas, steam and air conditioning supply (D)","Euro Million","3816"
"Gross Value Added at Constant Basic Prices","2015","Electricity, gas, steam and air conditioning supply (35)","Euro Million","3816"
"Gross Value Added at Constant Basic Prices","2015","Water supply; sewerage, waste management and remediation activities (E)","Euro Million","1710"
"Gross Value Added at Constant Basic Prices","2015","Water collection, treatment and supply (36)","Euro Million","716"
"Gross Value Added at Constant Basic Prices","2015","Sewerage, waste management and remediation activities (37 to 39)","Euro Million","1069"
"Gross Value Added at Constant Basic Prices","2015","Construction (F)","Euro Million","11041"
"Gross Value Added at Constant Basic Prices","2015","Construction (41 to 43)","Euro Million","11041"
"Gross Value Added at Constant Basic Prices","2015","Wholesale and retail trade; repair of motor vehicles and motorcycles (G)","Euro Million","23990"
"Gross Value Added at Constant Basic Prices","2015","Wholesale and retail trade and repair of vehicles  (45)","Euro Million","2096"
"Gross Value Added at Constant Basic Prices","2015","Wholesale trade (46)","Euro Million","12357"
"Gross Value Added at Constant Basic Prices","2015","Retail trade (47)","Euro Million","9817"
"Gross Value Added at Constant Basic Prices","2015","Transportation and storage (H)","Euro Million","13888"
"Gross Value Added at Constant Basic Prices","2015","Land transport (49)","Euro Million","3575"
"Gross Value Added at Constant Basic Prices","2015","Water transport (50)","Euro Million","87"
"Gross Value Added at Constant Basic Prices","2015","Air transport (51)","Euro Million",""
"Gross Value Added at Constant Basic Prices","2015","Warehousing and support activities for transportation (52)","Euro Million",""
"Gross Value Added at Constant Basic Prices","2015","Postal and courier activities (53)","Euro Million","1066"
"Gross Value Added at Constant Basic Prices","2015","Accommodation and food service activities (I)","Euro Million","9105"
"Gross Value Added at Constant Basic Prices","2015","Accommodation and food service activities (55,56)","Euro Million","9105"
"Gross Value Added at Constant Basic Prices","2015","Information and communication (J)","Euro Million","28078"
"Gross Value Added at Constant Basic Prices","2015","Publishing activities (58)","Euro Million",""
"Gross Value Added at Constant Basic Prices","2015","Audiovisual and broadcasting services (59,60)","Euro Million",""
"Gross Value Added at Constant Basic Prices","2015","Telecommunications (61)","Euro Million","3258"
"Gross Value Added at Constant Basic Prices","2015","Computer programming, consultancy and Information service activities (62,63)","Euro Million",""
"Gross Value Added at Constant Basic Prices","2015","Financial and insurance activities (K)","Euro Million","18468"
"Gross Value Added at Constant Basic Prices","2015","Financial service activities (64)","Euro Million","10930"
"Gross Value Added at Constant Basic Prices","2015","Insurance, reinsurance and pension funding, except compulsory social security (65)","Euro Million","6601"
"Gross Value Added at Constant Basic Prices","2015","Activities auxiliary to financial services and insurance activities (66)","Euro Million","2555"
"Gross Value Added at Constant Basic Prices","2015","Real estate activities (L)","Euro Million","23378"
"Gross Value Added at Constant Basic Prices","2015","Real estate activities (68)","Euro Million","23378"
"Gross Value Added at Constant Basic Prices","2015","Real estate activities of which: imputed rents of owner-occupied dwellings","Euro Million","19303"
"Gross Value Added at Constant Basic Prices","2015","Professional, scientific and technical activities (M)","Euro Million","13167"
"Gross Value Added at Constant Basic Prices","2015","Legal and accounting activities; head offices and management consultancy activities (69,70)","Euro Million","7747"
"Gross Value Added at Constant Basic Prices","2015","Architectural and engineering activities; technical testing and analysis (71)","Euro Million","2283"
"Gross Value Added at Constant Basic Prices","2015","Scientific research and development (72)","Euro Million","1162"
"Gross Value Added at Constant Basic Prices","2015","Advertising and market research (73)","Euro Million","965"
"Gross Value Added at Constant Basic Prices","2015","Other professional, scientific, technical and veterinary activities (74,75)","Euro Million","1013"
"Gross Value Added at Constant Basic Prices","2015","Administrative and support service activities (N)","Euro Million","26009"
"Gross Value Added at Constant Basic Prices","2015","Rental and leasing activities  (77)","Euro Million","19887"
"Gross Value Added at Constant Basic Prices","2015","Employment activities (78)","Euro Million","2802"
"Gross Value Added at Constant Basic Prices","2015","Travel agency and tourism service activities (79)","Euro Million","646"
"Gross Value Added at Constant Basic Prices","2015","Administrative and support service activities (80 to 82)","Euro Million","3042"
"Gross Value Added at Constant Basic Prices","2015","Public administration and defence; compulsory social security (O)","Euro Million","8190"
"Gross Value Added at Constant Basic Prices","2015","Public administration and defence; compulsory social security (84)","Euro Million","8190"
"Gross Value Added at Constant Basic Prices","2015","Education (P)","Euro Million","11119"
"Gross Value Added at Constant Basic Prices","2015","Education (85)","Euro Million","11119"
"Gross Value Added at Constant Basic Prices","2015","Human health and social work activities (Q)","Euro Million","18869"
"Gross Value Added at Constant Basic Prices","2015","Human health activities (86)","Euro Million","14587"
"Gross Value Added at Constant Basic Prices","2015","Residential care and social work activities (87,88)","Euro Million","4493"
"Gross Value Added at Constant Basic Prices","2015","Arts, entertainment and recreation (R)","Euro Million","2660"
"Gross Value Added at Constant Basic Prices","2015","Arts, entertainment and recreation (90 to 92)","Euro Million","1556"
"Gross Value Added at Constant Basic Prices","2015","Sports activities and amusement and recreation activities (93)","Euro Million","1130"
"Gross Value Added at Constant Basic Prices","2015","Other service activities (S)","Euro Million","1732"
"Gross Value Added at Constant Basic Prices","2015","Activities of membership organisations (94)","Euro Million","750"
"Gross Value Added at Constant Basic Prices","2015","Repair of computers and personal and household goods (95)","Euro Million","70"
"Gross Value Added at Constant Basic Prices","2015","Other personal service activities (96)","Euro Million","1002"
"Gross Value Added at Constant Basic Prices","2015","Activities of households as employers; producing activities of households for own use (T)","Euro Million","82"
"Gross Value Added at Constant Basic Prices","2015","Activities of households as employers; producing activities of households for own use (97,98)","Euro Million","82"
"Gross Value Added at Constant Basic Prices","2015","Activities of extraterritorial organisations and bodies (U)","Euro Million","10"
"Gross Value Added at Constant Basic Prices","2015","Activities of extraterritorial organisations and bodies (99)","Euro Million","10"
"Gross Value Added at Constant Basic Prices","2016","Agriculture, forestry and fishing (A)","Euro Million","3521"
"Gross Value Added at Constant Basic Prices","2016","Crop and animal production, hunting and related service activities (01)","Euro Million","3320"
"Gross Value Added at Constant Basic Prices","2016","Forestry and logging (02)","Euro Million","72"
"Gross Value Added at Constant Basic Prices","2016","Fishing and aquaculture (03)","Euro Million","153"
"Gross Value Added at Constant Basic Prices","2016","Mining and quarrying (B)","Euro Million","198"
"Gross Value Added at Constant Basic Prices","2016","Mining and quarrying (05 to 09)","Euro Million","198"
"Gross Value Added at Constant Basic Prices","2016","Manufacturing (C)","Euro Million","97446"
"Gross Value Added at Constant Basic Prices","2016","Food products, beverages and tobacco (10 to 12)","Euro Million","7702"
"Gross Value Added at Constant Basic Prices","2016","Textiles, wearing apparel and leather products (13 to 15)","Euro Million","140"
"Gross Value Added at Constant Basic Prices","2016","Wood and wood products, except furniture (16)","Euro Million","237"
"Gross Value Added at Constant Basic Prices","2016","Pulp, paper and paper products (17)","Euro Million","169"
"Gross Value Added at Constant Basic Prices","2016","Printing and reproduction of recorded media (18)","Euro Million","404"
"Gross Value Added at Constant Basic Prices","2016","Coke and refined petroleum products (19)","Euro Million",""
"Gross Value Added at Constant Basic Prices","2016","Chemicals and chemical products (20)","Euro Million",""
"Gross Value Added at Constant Basic Prices","2016","Basic pharmaceutical products and preparations (21)","Euro Million",""
"Gross Value Added at Constant Basic Prices","2016","Rubber and plastic products (22)","Euro Million","660"
"Gross Value Added at Constant Basic Prices","2016","Other non-metallic mineral products (23)","Euro Million","1170"
"Gross Value Added at Constant Basic Prices","2016","Basic metals (24)","Euro Million","372"
"Gross Value Added at Constant Basic Prices","2016","Fabricated metal products (25)","Euro Million","1295"
"Gross Value Added at Constant Basic Prices","2016","Computer, electronic and optical products (26)","Euro Million",""
"Gross Value Added at Constant Basic Prices","2016","Electrical equipment (27)","Euro Million","434"
"Gross Value Added at Constant Basic Prices","2016","Manufacture of machinery and equipment n.e.c. (28)","Euro Million","1743"
"Gross Value Added at Constant Basic Prices","2016","Motor vehicles, trailers and semi-trailers (29)","Euro Million",""
"Gross Value Added at Constant Basic Prices","2016","Other transport equipment (30)","Euro Million",""
"Gross Value Added at Constant Basic Prices","2016","Furniture and other manufacturing (31,32)","Euro Million","11919"
"Gross Value Added at Constant Basic Prices","2016","Repair and installation of machinery and equipment (33 )","Euro Million","620"
"Gross Value Added at Constant Basic Prices","2016","Electricity, gas, steam and air conditioning supply (D)","Euro Million","3915"
"Gross Value Added at Constant Basic Prices","2016","Electricity, gas, steam and air conditioning supply (35)","Euro Million","3915"
"Gross Value Added at Constant Basic Prices","2016","Water supply; sewerage, waste management and remediation activities (E)","Euro Million","1765"
"Gross Value Added at Constant Basic Prices","2016","Water collection, treatment and supply (36)","Euro Million","770"
"Gross Value Added at Constant Basic Prices","2016","Sewerage, waste management and remediation activities (37 to 39)","Euro Million","1085"
"Gross Value Added at Constant Basic Prices","2016","Construction (F)","Euro Million","11719"
"Gross Value Added at Constant Basic Prices","2016","Construction (41 to 43)","Euro Million","11719"
"Gross Value Added at Constant Basic Prices","2016","Wholesale and retail trade; repair of motor vehicles and motorcycles (G)","Euro Million","25652"
"Gross Value Added at Constant Basic Prices","2016","Wholesale and retail trade and repair of vehicles  (45)","Euro Million","2374"
"Gross Value Added at Constant Basic Prices","2016","Wholesale trade (46)","Euro Million","13309"
"Gross Value Added at Constant Basic Prices","2016","Retail trade (47)","Euro Million","10296"
"Gross Value Added at Constant Basic Prices","2016","Transportation and storage (H)","Euro Million","14668"
"Gross Value Added at Constant Basic Prices","2016","Land transport (49)","Euro Million","3868"
"Gross Value Added at Constant Basic Prices","2016","Water transport (50)","Euro Million","83"
"Gross Value Added at Constant Basic Prices","2016","Air transport (51)","Euro Million",""
"Gross Value Added at Constant Basic Prices","2016","Warehousing and support activities for transportation (52)","Euro Million",""
"Gross Value Added at Constant Basic Prices","2016","Postal and courier activities (53)","Euro Million","1049"
"Gross Value Added at Constant Basic Prices","2016","Accommodation and food service activities (I)","Euro Million","9664"
"Gross Value Added at Constant Basic Prices","2016","Accommodation and food service activities (55,56)","Euro Million","9664"
"Gross Value Added at Constant Basic Prices","2016","Information and communication (J)","Euro Million","30657"
"Gross Value Added at Constant Basic Prices","2016","Publishing activities (58)","Euro Million",""
"Gross Value Added at Constant Basic Prices","2016","Audiovisual and broadcasting services (59,60)","Euro Million",""
"Gross Value Added at Constant Basic Prices","2016","Telecommunications (61)","Euro Million","3295"
"Gross Value Added at Constant Basic Prices","2016","Computer programming, consultancy and Information service activities (62,63)","Euro Million",""
"Gross Value Added at Constant Basic Prices","2016","Financial and insurance activities (K)","Euro Million","15373"
"Gross Value Added at Constant Basic Prices","2016","Financial service activities (64)","Euro Million","8555"
"Gross Value Added at Constant Basic Prices","2016","Insurance, reinsurance and pension funding, except compulsory social security (65)","Euro Million","5337"
"Gross Value Added at Constant Basic Prices","2016","Activities auxiliary to financial services and insurance activities (66)","Euro Million","2550"
"Gross Value Added at Constant Basic Prices","2016","Real estate activities (L)","Euro Million","23063"
"Gross Value Added at Constant Basic Prices","2016","Real estate activities (68)","Euro Million","23063"
"Gross Value Added at Constant Basic Prices","2016","Real estate activities of which: imputed rents of owner-occupied dwellings","Euro Million","19089"
"Gross Value Added at Constant Basic Prices","2016","Professional, scientific and technical activities (M)","Euro Million","12461"
"Gross Value Added at Constant Basic Prices","2016","Legal and accounting activities; head offices and management consultancy activities (69,70)","Euro Million","7225"
"Gross Value Added at Constant Basic Prices","2016","Architectural and engineering activities; technical testing and analysis (71)","Euro Million","2345"
"Gross Value Added at Constant Basic Prices","2016","Scientific research and development (72)","Euro Million","714"
"Gross Value Added at Constant Basic Prices","2016","Advertising and market research (73)","Euro Million","1064"
"Gross Value Added at Constant Basic Prices","2016","Other professional, scientific, technical and veterinary activities (74,75)","Euro Million","1100"
"Gross Value Added at Constant Basic Prices","2016","Administrative and support service activities (N)","Euro Million","28264"
"Gross Value Added at Constant Basic Prices","2016","Rental and leasing activities  (77)","Euro Million","22186"
"Gross Value Added at Constant Basic Prices","2016","Employment activities (78)","Euro Million","2757"
"Gross Value Added at Constant Basic Prices","2016","Travel agency and tourism service activities (79)","Euro Million","635"
"Gross Value Added at Constant Basic Prices","2016","Administrative and support service activities (80 to 82)","Euro Million","3016"
"Gross Value Added at Constant Basic Prices","2016","Public administration and defence; compulsory social security (O)","Euro Million","8253"
"Gross Value Added at Constant Basic Prices","2016","Public administration and defence; compulsory social security (84)","Euro Million","8253"
"Gross Value Added at Constant Basic Prices","2016","Education (P)","Euro Million","11367"
"Gross Value Added at Constant Basic Prices","2016","Education (85)","Euro Million","11367"
"Gross Value Added at Constant Basic Prices","2016","Human health and social work activities (Q)","Euro Million","19188"
"Gross Value Added at Constant Basic Prices","2016","Human health activities (86)","Euro Million","15006"
"Gross Value Added at Constant Basic Prices","2016","Residential care and social work activities (87,88)","Euro Million","4447"
"Gross Value Added at Constant Basic Prices","2016","Arts, entertainment and recreation (R)","Euro Million","3227"
"Gross Value Added at Constant Basic Prices","2016","Arts, entertainment and recreation (90 to 92)","Euro Million","2095"
"Gross Value Added at Constant Basic Prices","2016","Sports activities and amusement and recreation activities (93)","Euro Million","1146"
"Gross Value Added at Constant Basic Prices","2016","Other service activities (S)","Euro Million","1671"
"Gross Value Added at Constant Basic Prices","2016","Activities of membership organisations (94)","Euro Million","645"
"Gross Value Added at Constant Basic Prices","2016","Repair of computers and personal and household goods (95)","Euro Million","77"
"Gross Value Added at Constant Basic Prices","2016","Other personal service activities (96)","Euro Million","1045"
"Gross Value Added at Constant Basic Prices","2016","Activities of households as employers; producing activities of households for own use (T)","Euro Million","93"
"Gross Value Added at Constant Basic Prices","2016","Activities of households as employers; producing activities of households for own use (97,98)","Euro Million","93"
"Gross Value Added at Constant Basic Prices","2016","Activities of extraterritorial organisations and bodies (U)","Euro Million","7"
"Gross Value Added at Constant Basic Prices","2016","Activities of extraterritorial organisations and bodies (99)","Euro Million","7"
"Gross Value Added at Constant Basic Prices","2017","Agriculture, forestry and fishing (A)","Euro Million","3844"
"Gross Value Added at Constant Basic Prices","2017","Crop and animal production, hunting and related service activities (01)","Euro Million","3556"
"Gross Value Added at Constant Basic Prices","2017","Forestry and logging (02)","Euro Million","107"
"Gross Value Added at Constant Basic Prices","2017","Fishing and aquaculture (03)","Euro Million","196"
"Gross Value Added at Constant Basic Prices","2017","Mining and quarrying (B)","Euro Million","186"
"Gross Value Added at Constant Basic Prices","2017","Mining and quarrying (05 to 09)","Euro Million","186"
"Gross Value Added at Constant Basic Prices","2017","Manufacturing (C)","Euro Million","100902"
"Gross Value Added at Constant Basic Prices","2017","Food products, beverages and tobacco (10 to 12)","Euro Million","7399"
"Gross Value Added at Constant Basic Prices","2017","Textiles, wearing apparel and leather products (13 to 15)","Euro Million","145"
"Gross Value Added at Constant Basic Prices","2017","Wood and wood products, except furniture (16)","Euro Million","322"
"Gross Value Added at Constant Basic Prices","2017","Pulp, paper and paper products (17)","Euro Million","183"
"Gross Value Added at Constant Basic Prices","2017","Printing and reproduction of recorded media (18)","Euro Million","324"
"Gross Value Added at Constant Basic Prices","2017","Coke and refined petroleum products (19)","Euro Million",""
"Gross Value Added at Constant Basic Prices","2017","Chemicals and chemical products (20)","Euro Million",""
"Gross Value Added at Constant Basic Prices","2017","Basic pharmaceutical products and preparations (21)","Euro Million",""
"Gross Value Added at Constant Basic Prices","2017","Rubber and plastic products (22)","Euro Million","710"
"Gross Value Added at Constant Basic Prices","2017","Other non-metallic mineral products (23)","Euro Million","1260"
"Gross Value Added at Constant Basic Prices","2017","Basic metals (24)","Euro Million","446"
"Gross Value Added at Constant Basic Prices","2017","Fabricated metal products (25)","Euro Million","1248"
"Gross Value Added at Constant Basic Prices","2017","Computer, electronic and optical products (26)","Euro Million",""
"Gross Value Added at Constant Basic Prices","2017","Electrical equipment (27)","Euro Million","496"
"Gross Value Added at Constant Basic Prices","2017","Manufacture of machinery and equipment n.e.c. (28)","Euro Million","1723"
"Gross Value Added at Constant Basic Prices","2017","Motor vehicles, trailers and semi-trailers (29)","Euro Million",""
"Gross Value Added at Constant Basic Prices","2017","Other transport equipment (30)","Euro Million",""
"Gross Value Added at Constant Basic Prices","2017","Furniture and other manufacturing (31,32)","Euro Million","8962"
"Gross Value Added at Constant Basic Prices","2017","Repair and installation of machinery and equipment (33 )","Euro Million","603"
"Gross Value Added at Constant Basic Prices","2017","Electricity, gas, steam and air conditioning supply (D)","Euro Million","4299"
"Gross Value Added at Constant Basic Prices","2017","Electricity, gas, steam and air conditioning supply (35)","Euro Million","4299"
"Gross Value Added at Constant Basic Prices","2017","Water supply; sewerage, waste management and remediation activities (E)","Euro Million","1802"
"Gross Value Added at Constant Basic Prices","2017","Water collection, treatment and supply (36)","Euro Million","789"
"Gross Value Added at Constant Basic Prices","2017","Sewerage, waste management and remediation activities (37 to 39)","Euro Million","1106"
"Gross Value Added at Constant Basic Prices","2017","Construction (F)","Euro Million","12793"
"Gross Value Added at Constant Basic Prices","2017","Construction (41 to 43)","Euro Million","12793"
"Gross Value Added at Constant Basic Prices","2017","Wholesale and retail trade; repair of motor vehicles and motorcycles (G)","Euro Million","26862"
"Gross Value Added at Constant Basic Prices","2017","Wholesale and retail trade and repair of vehicles  (45)","Euro Million","2380"
"Gross Value Added at Constant Basic Prices","2017","Wholesale trade (46)","Euro Million","13939"
"Gross Value Added at Constant Basic Prices","2017","Retail trade (47)","Euro Million","10863"
"Gross Value Added at Constant Basic Prices","2017","Transportation and storage (H)","Euro Million","15038"
"Gross Value Added at Constant Basic Prices","2017","Land transport (49)","Euro Million","3974"
"Gross Value Added at Constant Basic Prices","2017","Water transport (50)","Euro Million","83"
"Gross Value Added at Constant Basic Prices","2017","Air transport (51)","Euro Million",""
"Gross Value Added at Constant Basic Prices","2017","Warehousing and support activities for transportation (52)","Euro Million",""
"Gross Value Added at Constant Basic Prices","2017","Postal and courier activities (53)","Euro Million","1044"
"Gross Value Added at Constant Basic Prices","2017","Accommodation and food service activities (I)","Euro Million","10199"
"Gross Value Added at Constant Basic Prices","2017","Accommodation and food service activities (55,56)","Euro Million","10199"
"Gross Value Added at Constant Basic Prices","2017","Information and communication (J)","Euro Million","39301"
"Gross Value Added at Constant Basic Prices","2017","Publishing activities (58)","Euro Million",""
"Gross Value Added at Constant Basic Prices","2017","Audiovisual and broadcasting services (59,60)","Euro Million",""
"Gross Value Added at Constant Basic Prices","2017","Telecommunications (61)","Euro Million","3368"
"Gross Value Added at Constant Basic Prices","2017","Computer programming, consultancy and Information service activities (62,63)","Euro Million",""
"Gross Value Added at Constant Basic Prices","2017","Financial and insurance activities (K)","Euro Million","15893"
"Gross Value Added at Constant Basic Prices","2017","Financial service activities (64)","Euro Million","7730"
"Gross Value Added at Constant Basic Prices","2017","Insurance, reinsurance and pension funding, except compulsory social security (65)","Euro Million","7150"
"Gross Value Added at Constant Basic Prices","2017","Activities auxiliary to financial services and insurance activities (66)","Euro Million","2620"
"Gross Value Added at Constant Basic Prices","2017","Real estate activities (L)","Euro Million","23768"
"Gross Value Added at Constant Basic Prices","2017","Real estate activities (68)","Euro Million","23768"
"Gross Value Added at Constant Basic Prices","2017","Real estate activities of which: imputed rents of owner-occupied dwellings","Euro Million","19681"
"Gross Value Added at Constant Basic Prices","2017","Professional, scientific and technical activities (M)","Euro Million","15804"
"Gross Value Added at Constant Basic Prices","2017","Legal and accounting activities; head offices and management consultancy activities (69,70)","Euro Million","9482"
"Gross Value Added at Constant Basic Prices","2017","Architectural and engineering activities; technical testing and analysis (71)","Euro Million","2626"
"Gross Value Added at Constant Basic Prices","2017","Scientific research and development (72)","Euro Million","1310"
"Gross Value Added at Constant Basic Prices","2017","Advertising and market research (73)","Euro Million","1208"
"Gross Value Added at Constant Basic Prices","2017","Other professional, scientific, technical and veterinary activities (74,75)","Euro Million","1186"
"Gross Value Added at Constant Basic Prices","2017","Administrative and support service activities (N)","Euro Million","30798"
"Gross Value Added at Constant Basic Prices","2017","Rental and leasing activities  (77)","Euro Million","23596"
"Gross Value Added at Constant Basic Prices","2017","Employment activities (78)","Euro Million","3280"
"Gross Value Added at Constant Basic Prices","2017","Travel agency and tourism service activities (79)","Euro Million","726"
"Gross Value Added at Constant Basic Prices","2017","Administrative and support service activities (80 to 82)","Euro Million","3581"
"Gross Value Added at Constant Basic Prices","2017","Public administration and defence; compulsory social security (O)","Euro Million","8762"
"Gross Value Added at Constant Basic Prices","2017","Public administration and defence; compulsory social security (84)","Euro Million","8762"
"Gross Value Added at Constant Basic Prices","2017","Education (P)","Euro Million","11557"
"Gross Value Added at Constant Basic Prices","2017","Education (85)","Euro Million","11557"
"Gross Value Added at Constant Basic Prices","2017","Human health and social work activities (Q)","Euro Million","19915"
"Gross Value Added at Constant Basic Prices","2017","Human health activities (86)","Euro Million","15009"
"Gross Value Added at Constant Basic Prices","2017","Residential care and social work activities (87,88)","Euro Million","5009"
"Gross Value Added at Constant Basic Prices","2017","Arts, entertainment and recreation (R)","Euro Million","3265"
"Gross Value Added at Constant Basic Prices","2017","Arts, entertainment and recreation (90 to 92)","Euro Million","2127"
"Gross Value Added at Constant Basic Prices","2017","Sports activities and amusement and recreation activities (93)","Euro Million","1154"
"Gross Value Added at Constant Basic Prices","2017","Other service activities (S)","Euro Million","1909"
"Gross Value Added at Constant Basic Prices","2017","Activities of membership organisations (94)","Euro Million","727"
"Gross Value Added at Constant Basic Prices","2017","Repair of computers and personal and household goods (95)","Euro Million","95"
"Gross Value Added at Constant Basic Prices","2017","Other personal service activities (96)","Euro Million","1198"
"Gross Value Added at Constant Basic Prices","2017","Activities of households as employers; producing activities of households for own use (T)","Euro Million","205"
"Gross Value Added at Constant Basic Prices","2017","Activities of households as employers; producing activities of households for own use (97,98)","Euro Million","205"
"Gross Value Added at Constant Basic Prices","2017","Activities of extraterritorial organisations and bodies (U)","Euro Million","8"
"Gross Value Added at Constant Basic Prices","2017","Activities of extraterritorial organisations and bodies (99)","Euro Million","8"
"Gross Value Added at Constant Basic Prices","2018","Agriculture, forestry and fishing (A)","Euro Million","3666"
"Gross Value Added at Constant Basic Prices","2018","Crop and animal production, hunting and related service activities (01)","Euro Million","3392"
"Gross Value Added at Constant Basic Prices","2018","Forestry and logging (02)","Euro Million","59"
"Gross Value Added at Constant Basic Prices","2018","Fishing and aquaculture (03)","Euro Million","209"
"Gross Value Added at Constant Basic Prices","2018","Mining and quarrying (B)","Euro Million","136"
"Gross Value Added at Constant Basic Prices","2018","Mining and quarrying (05 to 09)","Euro Million","136"
"Gross Value Added at Constant Basic Prices","2018","Manufacturing (C)","Euro Million","112043"
"Gross Value Added at Constant Basic Prices","2018","Food products, beverages and tobacco (10 to 12)","Euro Million","7454"
"Gross Value Added at Constant Basic Prices","2018","Textiles, wearing apparel and leather products (13 to 15)","Euro Million","158"
"Gross Value Added at Constant Basic Prices","2018","Wood and wood products, except furniture (16)","Euro Million","365"
"Gross Value Added at Constant Basic Prices","2018","Pulp, paper and paper products (17)","Euro Million","207"
"Gross Value Added at Constant Basic Prices","2018","Printing and reproduction of recorded media (18)","Euro Million","316"
"Gross Value Added at Constant Basic Prices","2018","Coke and refined petroleum products (19)","Euro Million",""
"Gross Value Added at Constant Basic Prices","2018","Chemicals and chemical products (20)","Euro Million",""
"Gross Value Added at Constant Basic Prices","2018","Basic pharmaceutical products and preparations (21)","Euro Million",""
"Gross Value Added at Constant Basic Prices","2018","Rubber and plastic products (22)","Euro Million","763"
"Gross Value Added at Constant Basic Prices","2018","Other non-metallic mineral products (23)","Euro Million","1372"
"Gross Value Added at Constant Basic Prices","2018","Basic metals (24)","Euro Million","477"
"Gross Value Added at Constant Basic Prices","2018","Fabricated metal products (25)","Euro Million","1158"
"Gross Value Added at Constant Basic Prices","2018","Computer, electronic and optical products (26)","Euro Million",""
"Gross Value Added at Constant Basic Prices","2018","Electrical equipment (27)","Euro Million","498"
"Gross Value Added at Constant Basic Prices","2018","Manufacture of machinery and equipment n.e.c. (28)","Euro Million","1762"
"Gross Value Added at Constant Basic Prices","2018","Motor vehicles, trailers and semi-trailers (29)","Euro Million",""
"Gross Value Added at Constant Basic Prices","2018","Other transport equipment (30)","Euro Million",""
"Gross Value Added at Constant Basic Prices","2018","Furniture and other manufacturing (31,32)","Euro Million","8144"
"Gross Value Added at Constant Basic Prices","2018","Repair and installation of machinery and equipment (33 )","Euro Million","561"
"Gross Value Added at Constant Basic Prices","2018","Electricity, gas, steam and air conditioning supply (D)","Euro Million","4491"
"Gross Value Added at Constant Basic Prices","2018","Electricity, gas, steam and air conditioning supply (35)","Euro Million","4491"
"Gross Value Added at Constant Basic Prices","2018","Water supply; sewerage, waste management and remediation activities (E)","Euro Million","2016"
"Gross Value Added at Constant Basic Prices","2018","Water collection, treatment and supply (36)","Euro Million","834"
"Gross Value Added at Constant Basic Prices","2018","Sewerage, waste management and remediation activities (37 to 39)","Euro Million","1264"
"Gross Value Added at Constant Basic Prices","2018","Construction (F)","Euro Million","13919"
"Gross Value Added at Constant Basic Prices","2018","Construction (41 to 43)","Euro Million","13919"
"Gross Value Added at Constant Basic Prices","2018","Wholesale and retail trade; repair of motor vehicles and motorcycles (G)","Euro Million","27824"
"Gross Value Added at Constant Basic Prices","2018","Wholesale and retail trade and repair of vehicles  (45)","Euro Million","2465"
"Gross Value Added at Constant Basic Prices","2018","Wholesale trade (46)","Euro Million","14402"
"Gross Value Added at Constant Basic Prices","2018","Retail trade (47)","Euro Million","11288"
"Gross Value Added at Constant Basic Prices","2018","Transportation and storage (H)","Euro Million","15876"
"Gross Value Added at Constant Basic Prices","2018","Land transport (49)","Euro Million","4068"
"Gross Value Added at Constant Basic Prices","2018","Water transport (50)","Euro Million","73"
"Gross Value Added at Constant Basic Prices","2018","Air transport (51)","Euro Million",""
"Gross Value Added at Constant Basic Prices","2018","Warehousing and support activities for transportation (52)","Euro Million",""
"Gross Value Added at Constant Basic Prices","2018","Postal and courier activities (53)","Euro Million","1090"
"Gross Value Added at Constant Basic Prices","2018","Accommodation and food service activities (I)","Euro Million","11171"
"Gross Value Added at Constant Basic Prices","2018","Accommodation and food service activities (55,56)","Euro Million","11171"
"Gross Value Added at Constant Basic Prices","2018","Information and communication (J)","Euro Million","48813"
"Gross Value Added at Constant Basic Prices","2018","Publishing activities (58)","Euro Million",""
"Gross Value Added at Constant Basic Prices","2018","Audiovisual and broadcasting services (59,60)","Euro Million",""
"Gross Value Added at Constant Basic Prices","2018","Telecommunications (61)","Euro Million","3419"
"Gross Value Added at Constant Basic Prices","2018","Computer programming, consultancy and Information service activities (62,63)","Euro Million",""
"Gross Value Added at Constant Basic Prices","2018","Financial and insurance activities (K)","Euro Million","16927"
"Gross Value Added at Constant Basic Prices","2018","Financial service activities (64)","Euro Million","8185"
"Gross Value Added at Constant Basic Prices","2018","Insurance, reinsurance and pension funding, except compulsory social security (65)","Euro Million","6918"
"Gross Value Added at Constant Basic Prices","2018","Activities auxiliary to financial services and insurance activities (66)","Euro Million","3114"
"Gross Value Added at Constant Basic Prices","2018","Real estate activities (L)","Euro Million","24113"
"Gross Value Added at Constant Basic Prices","2018","Real estate activities (68)","Euro Million","24113"
"Gross Value Added at Constant Basic Prices","2018","Real estate activities of which: imputed rents of owner-occupied dwellings","Euro Million","19951"
"Gross Value Added at Constant Basic Prices","2018","Professional, scientific and technical activities (M)","Euro Million","18734"
"Gross Value Added at Constant Basic Prices","2018","Legal and accounting activities; head offices and management consultancy activities (69,70)","Euro Million","11629"
"Gross Value Added at Constant Basic Prices","2018","Architectural and engineering activities; technical testing and analysis (71)","Euro Million","3167"
"Gross Value Added at Constant Basic Prices","2018","Scientific research and development (72)","Euro Million","1312"
"Gross Value Added at Constant Basic Prices","2018","Advertising and market research (73)","Euro Million","1366"
"Gross Value Added at Constant Basic Prices","2018","Other professional, scientific, technical and veterinary activities (74,75)","Euro Million","1268"
"Gross Value Added at Constant Basic Prices","2018","Administrative and support service activities (N)","Euro Million","31941"
"Gross Value Added at Constant Basic Prices","2018","Rental and leasing activities  (77)","Euro Million","24337"
"Gross Value Added at Constant Basic Prices","2018","Employment activities (78)","Euro Million","3344"
"Gross Value Added at Constant Basic Prices","2018","Travel agency and tourism service activities (79)","Euro Million","736"
"Gross Value Added at Constant Basic Prices","2018","Administrative and support service activities (80 to 82)","Euro Million","3877"
"Gross Value Added at Constant Basic Prices","2018","Public administration and defence; compulsory social security (O)","Euro Million","9388"
"Gross Value Added at Constant Basic Prices","2018","Public administration and defence; compulsory social security (84)","Euro Million","9388"
"Gross Value Added at Constant Basic Prices","2018","Education (P)","Euro Million","11725"
"Gross Value Added at Constant Basic Prices","2018","Education (85)","Euro Million","11725"
"Gross Value Added at Constant Basic Prices","2018","Human health and social work activities (Q)","Euro Million","20386"
"Gross Value Added at Constant Basic Prices","2018","Human health activities (86)","Euro Million","15080"
"Gross Value Added at Constant Basic Prices","2018","Residential care and social work activities (87,88)","Euro Million","5353"
"Gross Value Added at Constant Basic Prices","2018","Arts, entertainment and recreation (R)","Euro Million","3350"
"Gross Value Added at Constant Basic Prices","2018","Arts, entertainment and recreation (90 to 92)","Euro Million","2192"
"Gross Value Added at Constant Basic Prices","2018","Sports activities and amusement and recreation activities (93)","Euro Million","1175"
"Gross Value Added at Constant Basic Prices","2018","Other service activities (S)","Euro Million","1938"
"Gross Value Added at Constant Basic Prices","2018","Activities of membership organisations (94)","Euro Million","713"
"Gross Value Added at Constant Basic Prices","2018","Repair of computers and personal and household goods (95)","Euro Million","102"
"Gross Value Added at Constant Basic Prices","2018","Other personal service activities (96)","Euro Million","1241"
"Gross Value Added at Constant Basic Prices","2018","Activities of households as employers; producing activities of households for own use (T)","Euro Million","226"
"Gross Value Added at Constant Basic Prices","2018","Activities of households as employers; producing activities of households for own use (97,98)","Euro Million","226"
"Gross Value Added at Constant Basic Prices","2018","Activities of extraterritorial organisations and bodies (U)","Euro Million","9"
"Gross Value Added at Constant Basic Prices","2018","Activities of extraterritorial organisations and bodies (99)","Euro Million","9"
"Gross Value Added at Constant Basic Prices","2019","Agriculture, forestry and fishing (A)","Euro Million","4538"
"Gross Value Added at Constant Basic Prices","2019","Crop and animal production, hunting and related service activities (01)","Euro Million","4261"
"Gross Value Added at Constant Basic Prices","2019","Forestry and logging (02)","Euro Million","61"
"Gross Value Added at Constant Basic Prices","2019","Fishing and aquaculture (03)","Euro Million","212"
"Gross Value Added at Constant Basic Prices","2019","Mining and quarrying (B)","Euro Million","164"
"Gross Value Added at Constant Basic Prices","2019","Mining and quarrying (05 to 09)","Euro Million","164"
"Gross Value Added at Constant Basic Prices","2019","Manufacturing (C)","Euro Million","114098"
"Gross Value Added at Constant Basic Prices","2019","Food products, beverages and tobacco (10 to 12)","Euro Million","7971"
"Gross Value Added at Constant Basic Prices","2019","Textiles, wearing apparel and leather products (13 to 15)","Euro Million","167"
"Gross Value Added at Constant Basic Prices","2019","Wood and wood products, except furniture (16)","Euro Million","396"
"Gross Value Added at Constant Basic Prices","2019","Pulp, paper and paper products (17)","Euro Million","237"
"Gross Value Added at Constant Basic Prices","2019","Printing and reproduction of recorded media (18)","Euro Million","313"
"Gross Value Added at Constant Basic Prices","2019","Coke and refined petroleum products (19)","Euro Million",""
"Gross Value Added at Constant Basic Prices","2019","Chemicals and chemical products (20)","Euro Million",""
"Gross Value Added at Constant Basic Prices","2019","Basic pharmaceutical products and preparations (21)","Euro Million",""
"Gross Value Added at Constant Basic Prices","2019","Rubber and plastic products (22)","Euro Million","767"
"Gross Value Added at Constant Basic Prices","2019","Other non-metallic mineral products (23)","Euro Million","1453"
"Gross Value Added at Constant Basic Prices","2019","Basic metals (24)","Euro Million","516"
"Gross Value Added at Constant Basic Prices","2019","Fabricated metal products (25)","Euro Million","1395"
"Gross Value Added at Constant Basic Prices","2019","Computer, electronic and optical products (26)","Euro Million",""
"Gross Value Added at Constant Basic Prices","2019","Electrical equipment (27)","Euro Million","533"
"Gross Value Added at Constant Basic Prices","2019","Manufacture of machinery and equipment n.e.c. (28)","Euro Million","1730"
"Gross Value Added at Constant Basic Prices","2019","Motor vehicles, trailers and semi-trailers (29)","Euro Million",""
"Gross Value Added at Constant Basic Prices","2019","Other transport equipment (30)","Euro Million",""
"Gross Value Added at Constant Basic Prices","2019","Furniture and other manufacturing (31,32)","Euro Million","8524"
"Gross Value Added at Constant Basic Prices","2019","Repair and installation of machinery and equipment (33 )","Euro Million","717"
"Gross Value Added at Constant Basic Prices","2019","Electricity, gas, steam and air conditioning supply (D)","Euro Million","4326"
"Gross Value Added at Constant Basic Prices","2019","Electricity, gas, steam and air conditioning supply (35)","Euro Million","4326"
"Gross Value Added at Constant Basic Prices","2019","Water supply; sewerage, waste management and remediation activities (E)","Euro Million","2376"
"Gross Value Added at Constant Basic Prices","2019","Water collection, treatment and supply (36)","Euro Million","903"
"Gross Value Added at Constant Basic Prices","2019","Sewerage, waste management and remediation activities (37 to 39)","Euro Million","1539"
"Gross Value Added at Constant Basic Prices","2019","Construction (F)","Euro Million","14579"
"Gross Value Added at Constant Basic Prices","2019","Construction (41 to 43)","Euro Million","14579"
"Gross Value Added at Constant Basic Prices","2019","Wholesale and retail trade; repair of motor vehicles and motorcycles (G)","Euro Million","28480"
"Gross Value Added at Constant Basic Prices","2019","Wholesale and retail trade and repair of vehicles  (45)","Euro Million","2410"
"Gross Value Added at Constant Basic Prices","2019","Wholesale trade (46)","Euro Million","14586"
"Gross Value Added at Constant Basic Prices","2019","Retail trade (47)","Euro Million","11795"
"Gross Value Added at Constant Basic Prices","2019","Transportation and storage (H)","Euro Million","16585"
"Gross Value Added at Constant Basic Prices","2019","Land transport (49)","Euro Million","4273"
"Gross Value Added at Constant Basic Prices","2019","Water transport (50)","Euro Million","75"
"Gross Value Added at Constant Basic Prices","2019","Air transport (51)","Euro Million",""
"Gross Value Added at Constant Basic Prices","2019","Warehousing and support activities for transportation (52)","Euro Million",""
"Gross Value Added at Constant Basic Prices","2019","Postal and courier activities (53)","Euro Million","1084"
"Gross Value Added at Constant Basic Prices","2019","Accommodation and food service activities (I)","Euro Million","11386"
"Gross Value Added at Constant Basic Prices","2019","Accommodation and food service activities (55,56)","Euro Million","11386"
"Gross Value Added at Constant Basic Prices","2019","Information and communication (J)","Euro Million","58598"
"Gross Value Added at Constant Basic Prices","2019","Publishing activities (58)","Euro Million",""
"Gross Value Added at Constant Basic Prices","2019","Audiovisual and broadcasting services (59,60)","Euro Million",""
"Gross Value Added at Constant Basic Prices","2019","Telecommunications (61)","Euro Million","3486"
"Gross Value Added at Constant Basic Prices","2019","Computer programming, consultancy and Information service activities (62,63)","Euro Million",""
"Gross Value Added at Constant Basic Prices","2019","Financial and insurance activities (K)","Euro Million","16534"
"Gross Value Added at Constant Basic Prices","2019","Financial service activities (64)","Euro Million","7797"
"Gross Value Added at Constant Basic Prices","2019","Insurance, reinsurance and pension funding, except compulsory social security (65)","Euro Million","6673"
"Gross Value Added at Constant Basic Prices","2019","Activities auxiliary to financial services and insurance activities (66)","Euro Million","3292"
"Gross Value Added at Constant Basic Prices","2019","Real estate activities (L)","Euro Million","24674"
"Gross Value Added at Constant Basic Prices","2019","Real estate activities (68)","Euro Million","24674"
"Gross Value Added at Constant Basic Prices","2019","Real estate activities of which: imputed rents of owner-occupied dwellings","Euro Million","20447"
"Gross Value Added at Constant Basic Prices","2019","Professional, scientific and technical activities (M)","Euro Million","21175"
"Gross Value Added at Constant Basic Prices","2019","Legal and accounting activities; head offices and management consultancy activities (69,70)","Euro Million","13571"
"Gross Value Added at Constant Basic Prices","2019","Architectural and engineering activities; technical testing and analysis (71)","Euro Million","3347"
"Gross Value Added at Constant Basic Prices","2019","Scientific research and development (72)","Euro Million","1460"
"Gross Value Added at Constant Basic Prices","2019","Advertising and market research (73)","Euro Million","1605"
"Gross Value Added at Constant Basic Prices","2019","Other professional, scientific, technical and veterinary activities (74,75)","Euro Million","1223"
"Gross Value Added at Constant Basic Prices","2019","Administrative and support service activities (N)","Euro Million","32844"
"Gross Value Added at Constant Basic Prices","2019","Rental and leasing activities  (77)","Euro Million","24815"
"Gross Value Added at Constant Basic Prices","2019","Employment activities (78)","Euro Million","3516"
"Gross Value Added at Constant Basic Prices","2019","Travel agency and tourism service activities (79)","Euro Million","638"
"Gross Value Added at Constant Basic Prices","2019","Administrative and support service activities (80 to 82)","Euro Million","4185"
"Gross Value Added at Constant Basic Prices","2019","Public administration and defence; compulsory social security (O)","Euro Million","10202"
"Gross Value Added at Constant Basic Prices","2019","Public administration and defence; compulsory social security (84)","Euro Million","10202"
"Gross Value Added at Constant Basic Prices","2019","Education (P)","Euro Million","11935"
"Gross Value Added at Constant Basic Prices","2019","Education (85)","Euro Million","11935"
"Gross Value Added at Constant Basic Prices","2019","Human health and social work activities (Q)","Euro Million","21031"
"Gross Value Added at Constant Basic Prices","2019","Human health activities (86)","Euro Million","15297"
"Gross Value Added at Constant Basic Prices","2019","Residential care and social work activities (87,88)","Euro Million","5741"
"Gross Value Added at Constant Basic Prices","2019","Arts, entertainment and recreation (R)","Euro Million","3344"
"Gross Value Added at Constant Basic Prices","2019","Arts, entertainment and recreation (90 to 92)","Euro Million","2168"
"Gross Value Added at Constant Basic Prices","2019","Sports activities and amusement and recreation activities (93)","Euro Million","1191"
"Gross Value Added at Constant Basic Prices","2019","Other service activities (S)","Euro Million","2011"
"Gross Value Added at Constant Basic Prices","2019","Activities of membership organisations (94)","Euro Million","760"
"Gross Value Added at Constant Basic Prices","2019","Repair of computers and personal and household goods (95)","Euro Million","109"
"Gross Value Added at Constant Basic Prices","2019","Other personal service activities (96)","Euro Million","1258"
"Gross Value Added at Constant Basic Prices","2019","Activities of households as employers; producing activities of households for own use (T)","Euro Million","225"
"Gross Value Added at Constant Basic Prices","2019","Activities of households as employers; producing activities of households for own use (97,98)","Euro Million","225"
"Gross Value Added at Constant Basic Prices","2019","Activities of extraterritorial organisations and bodies (U)","Euro Million","9"
"Gross Value Added at Constant Basic Prices","2019","Activities of extraterritorial organisations and bodies (99)","Euro Million","9"
"Gross Value Added at Constant Basic Prices","2020","Agriculture, forestry and fishing (A)","Euro Million","4555"
"Gross Value Added at Constant Basic Prices","2020","Crop and animal production, hunting and related service activities (01)","Euro Million","4311"
"Gross Value Added at Constant Basic Prices","2020","Forestry and logging (02)","Euro Million","81"
"Gross Value Added at Constant Basic Prices","2020","Fishing and aquaculture (03)","Euro Million","162"
"Gross Value Added at Constant Basic Prices","2020","Mining and quarrying (B)","Euro Million","298"
"Gross Value Added at Constant Basic Prices","2020","Mining and quarrying (05 to 09)","Euro Million","298"
"Gross Value Added at Constant Basic Prices","2020","Manufacturing (C)","Euro Million","139360"
"Gross Value Added at Constant Basic Prices","2020","Food products, beverages and tobacco (10 to 12)","Euro Million","7199"
"Gross Value Added at Constant Basic Prices","2020","Textiles, wearing apparel and leather products (13 to 15)","Euro Million","157"
"Gross Value Added at Constant Basic Prices","2020","Wood and wood products, except furniture (16)","Euro Million","379"
"Gross Value Added at Constant Basic Prices","2020","Pulp, paper and paper products (17)","Euro Million","246"
"Gross Value Added at Constant Basic Prices","2020","Printing and reproduction of recorded media (18)","Euro Million","288"
"Gross Value Added at Constant Basic Prices","2020","Coke and refined petroleum products (19)","Euro Million",""
"Gross Value Added at Constant Basic Prices","2020","Chemicals and chemical products (20)","Euro Million",""
"Gross Value Added at Constant Basic Prices","2020","Basic pharmaceutical products and preparations (21)","Euro Million",""
"Gross Value Added at Constant Basic Prices","2020","Rubber and plastic products (22)","Euro Million","854"
"Gross Value Added at Constant Basic Prices","2020","Other non-metallic mineral products (23)","Euro Million","1462"
"Gross Value Added at Constant Basic Prices","2020","Basic metals (24)","Euro Million","482"
"Gross Value Added at Constant Basic Prices","2020","Fabricated metal products (25)","Euro Million","1320"
"Gross Value Added at Constant Basic Prices","2020","Computer, electronic and optical products (26)","Euro Million",""
"Gross Value Added at Constant Basic Prices","2020","Electrical equipment (27)","Euro Million","579"
"Gross Value Added at Constant Basic Prices","2020","Manufacture of machinery and equipment n.e.c. (28)","Euro Million","2210"
"Gross Value Added at Constant Basic Prices","2020","Motor vehicles, trailers and semi-trailers (29)","Euro Million",""
"Gross Value Added at Constant Basic Prices","2020","Other transport equipment (30)","Euro Million",""
"Gross Value Added at Constant Basic Prices","2020","Furniture and other manufacturing (31,32)","Euro Million","6438"
"Gross Value Added at Constant Basic Prices","2020","Repair and installation of machinery and equipment (33 )","Euro Million","458"
"Gross Value Added at Constant Basic Prices","2020","Electricity, gas, steam and air conditioning supply (D)","Euro Million","5165"
"Gross Value Added at Constant Basic Prices","2020","Electricity, gas, steam and air conditioning supply (35)","Euro Million","5165"
"Gross Value Added at Constant Basic Prices","2020","Water supply; sewerage, waste management and remediation activities (E)","Euro Million","2111"
"Gross Value Added at Constant Basic Prices","2020","Water collection, treatment and supply (36)","Euro Million","850"
"Gross Value Added at Constant Basic Prices","2020","Sewerage, waste management and remediation activities (37 to 39)","Euro Million","1334"
"Gross Value Added at Constant Basic Prices","2020","Construction (F)","Euro Million","12788"
"Gross Value Added at Constant Basic Prices","2020","Construction (41 to 43)","Euro Million","12788"
"Gross Value Added at Constant Basic Prices","2020","Wholesale and retail trade; repair of motor vehicles and motorcycles (G)","Euro Million","27118"
"Gross Value Added at Constant Basic Prices","2020","Wholesale and retail trade and repair of vehicles  (45)","Euro Million","2006"
"Gross Value Added at Constant Basic Prices","2020","Wholesale trade (46)","Euro Million","13983"
"Gross Value Added at Constant Basic Prices","2020","Retail trade (47)","Euro Million","11387"
"Gross Value Added at Constant Basic Prices","2020","Transportation and storage (H)","Euro Million","10488"
"Gross Value Added at Constant Basic Prices","2020","Land transport (49)","Euro Million","3842"
"Gross Value Added at Constant Basic Prices","2020","Water transport (50)","Euro Million","45"
"Gross Value Added at Constant Basic Prices","2020","Air transport (51)","Euro Million",""
"Gross Value Added at Constant Basic Prices","2020","Warehousing and support activities for transportation (52)","Euro Million",""
"Gross Value Added at Constant Basic Prices","2020","Postal and courier activities (53)","Euro Million","1073"
"Gross Value Added at Constant Basic Prices","2020","Accommodation and food service activities (I)","Euro Million","5658"
"Gross Value Added at Constant Basic Prices","2020","Accommodation and food service activities (55,56)","Euro Million","5658"
"Gross Value Added at Constant Basic Prices","2020","Information and communication (J)","Euro Million","69125"
"Gross Value Added at Constant Basic Prices","2020","Publishing activities (58)","Euro Million",""
"Gross Value Added at Constant Basic Prices","2020","Audiovisual and broadcasting services (59,60)","Euro Million",""
"Gross Value Added at Constant Basic Prices","2020","Telecommunications (61)","Euro Million","3522"
"Gross Value Added at Constant Basic Prices","2020","Computer programming, consultancy and Information service activities (62,63)","Euro Million",""
"Gross Value Added at Constant Basic Prices","2020","Financial and insurance activities (K)","Euro Million","15988"
"Gross Value Added at Constant Basic Prices","2020","Financial service activities (64)","Euro Million","8646"
"Gross Value Added at Constant Basic Prices","2020","Insurance, reinsurance and pension funding, except compulsory social security (65)","Euro Million","3863"
"Gross Value Added at Constant Basic Prices","2020","Activities auxiliary to financial services and insurance activities (66)","Euro Million","3492"
"Gross Value Added at Constant Basic Prices","2020","Real estate activities (L)","Euro Million","24506"
"Gross Value Added at Constant Basic Prices","2020","Real estate activities (68)","Euro Million","24506"
"Gross Value Added at Constant Basic Prices","2020","Real estate activities of which: imputed rents of owner-occupied dwellings","Euro Million","20434"
"Gross Value Added at Constant Basic Prices","2020","Professional, scientific and technical activities (M)","Euro Million","25114"
"Gross Value Added at Constant Basic Prices","2020","Legal and accounting activities; head offices and management consultancy activities (69,70)","Euro Million","17970"
"Gross Value Added at Constant Basic Prices","2020","Architectural and engineering activities; technical testing and analysis (71)","Euro Million","3605"
"Gross Value Added at Constant Basic Prices","2020","Scientific research and development (72)","Euro Million","1278"
"Gross Value Added at Constant Basic Prices","2020","Advertising and market research (73)","Euro Million","1086"
"Gross Value Added at Constant Basic Prices","2020","Other professional, scientific, technical and veterinary activities (74,75)","Euro Million","1168"
"Gross Value Added at Constant Basic Prices","2020","Administrative and support service activities (N)","Euro Million","28294"
"Gross Value Added at Constant Basic Prices","2020","Rental and leasing activities  (77)","Euro Million","21080"
"Gross Value Added at Constant Basic Prices","2020","Employment activities (78)","Euro Million","3349"
"Gross Value Added at Constant Basic Prices","2020","Travel agency and tourism service activities (79)","Euro Million","274"
"Gross Value Added at Constant Basic Prices","2020","Administrative and support service activities (80 to 82)","Euro Million","3796"
"Gross Value Added at Constant Basic Prices","2020","Public administration and defence; compulsory social security (O)","Euro Million","10798"
"Gross Value Added at Constant Basic Prices","2020","Public administration and defence; compulsory social security (84)","Euro Million","10798"
"Gross Value Added at Constant Basic Prices","2020","Education (P)","Euro Million","11340"
"Gross Value Added at Constant Basic Prices","2020","Education (85)","Euro Million","11340"
"Gross Value Added at Constant Basic Prices","2020","Human health and social work activities (Q)","Euro Million","19830"
"Gross Value Added at Constant Basic Prices","2020","Human health activities (86)","Euro Million","14269"
"Gross Value Added at Constant Basic Prices","2020","Residential care and social work activities (87,88)","Euro Million","5560"
"Gross Value Added at Constant Basic Prices","2020","Arts, entertainment and recreation (R)","Euro Million","2633"
"Gross Value Added at Constant Basic Prices","2020","Arts, entertainment and recreation (90 to 92)","Euro Million","1933"
"Gross Value Added at Constant Basic Prices","2020","Sports activities and amusement and recreation activities (93)","Euro Million","732"
"Gross Value Added at Constant Basic Prices","2020","Other service activities (S)","Euro Million","1578"
"Gross Value Added at Constant Basic Prices","2020","Activities of membership organisations (94)","Euro Million","781"
"Gross Value Added at Constant Basic Prices","2020","Repair of computers and personal and household goods (95)","Euro Million","85"
"Gross Value Added at Constant Basic Prices","2020","Other personal service activities (96)","Euro Million","765"
"Gross Value Added at Constant Basic Prices","2020","Activities of households as employers; producing activities of households for own use (T)","Euro Million","203"
"Gross Value Added at Constant Basic Prices","2020","Activities of households as employers; producing activities of households for own use (97,98)","Euro Million","203"
"Gross Value Added at Constant Basic Prices","2020","Activities of extraterritorial organisations and bodies (U)","Euro Million","7"
"Gross Value Added at Constant Basic Prices","2020","Activities of extraterritorial organisations and bodies (99)","Euro Million","7"
"Gross Value Added at Constant Basic Prices","2021","Agriculture, forestry and fishing (A)","Euro Million","4747"
"Gross Value Added at Constant Basic Prices","2021","Crop and animal production, hunting and related service activities (01)","Euro Million","4420"
"Gross Value Added at Constant Basic Prices","2021","Forestry and logging (02)","Euro Million","97"
"Gross Value Added at Constant Basic Prices","2021","Fishing and aquaculture (03)","Euro Million","230"
"Gross Value Added at Constant Basic Prices","2021","Mining and quarrying (B)","Euro Million","487"
"Gross Value Added at Constant Basic Prices","2021","Mining and quarrying (05 to 09)","Euro Million","487"
"Gross Value Added at Constant Basic Prices","2021","Manufacturing (C)","Euro Million","173757"
"Gross Value Added at Constant Basic Prices","2021","Food products, beverages and tobacco (10 to 12)","Euro Million","8567"
"Gross Value Added at Constant Basic Prices","2021","Textiles, wearing apparel and leather products (13 to 15)","Euro Million","185"
"Gross Value Added at Constant Basic Prices","2021","Wood and wood products, except furniture (16)","Euro Million","490"
"Gross Value Added at Constant Basic Prices","2021","Pulp, paper and paper products (17)","Euro Million","272"
"Gross Value Added at Constant Basic Prices","2021","Printing and reproduction of recorded media (18)","Euro Million","201"
"Gross Value Added at Constant Basic Prices","2021","Coke and refined petroleum products (19)","Euro Million",""
"Gross Value Added at Constant Basic Prices","2021","Chemicals and chemical products (20)","Euro Million",""
"Gross Value Added at Constant Basic Prices","2021","Basic pharmaceutical products and preparations (21)","Euro Million",""
"Gross Value Added at Constant Basic Prices","2021","Rubber and plastic products (22)","Euro Million","955"
"Gross Value Added at Constant Basic Prices","2021","Other non-metallic mineral products (23)","Euro Million","1433"
"Gross Value Added at Constant Basic Prices","2021","Basic metals (24)","Euro Million","223"
"Gross Value Added at Constant Basic Prices","2021","Fabricated metal products (25)","Euro Million","1340"
"Gross Value Added at Constant Basic Prices","2021","Computer, electronic and optical products (26)","Euro Million",""
"Gross Value Added at Constant Basic Prices","2021","Electrical equipment (27)","Euro Million","492"
"Gross Value Added at Constant Basic Prices","2021","Manufacture of machinery and equipment n.e.c. (28)","Euro Million","1583"
"Gross Value Added at Constant Basic Prices","2021","Motor vehicles, trailers and semi-trailers (29)","Euro Million",""
"Gross Value Added at Constant Basic Prices","2021","Other transport equipment (30)","Euro Million",""
"Gross Value Added at Constant Basic Prices","2021","Furniture and other manufacturing (31,32)","Euro Million","8929"
"Gross Value Added at Constant Basic Prices","2021","Repair and installation of machinery and equipment (33 )","Euro Million","577"
"Gross Value Added at Constant Basic Prices","2021","Electricity, gas, steam and air conditioning supply (D)","Euro Million","3580"
"Gross Value Added at Constant Basic Prices","2021","Electricity, gas, steam and air conditioning supply (35)","Euro Million","3580"
"Gross Value Added at Constant Basic Prices","2021","Water supply; sewerage, waste management and remediation activities (E)","Euro Million","2061"
"Gross Value Added at Constant Basic Prices","2021","Water collection, treatment and supply (36)","Euro Million","733"
"Gross Value Added at Constant Basic Prices","2021","Sewerage, waste management and remediation activities (37 to 39)","Euro Million","1370"
"Gross Value Added at Constant Basic Prices","2021","Construction (F)","Euro Million","13633"
"Gross Value Added at Constant Basic Prices","2021","Construction (41 to 43)","Euro Million","13633"
"Gross Value Added at Constant Basic Prices","2021","Wholesale and retail trade; repair of motor vehicles and motorcycles (G)","Euro Million","31842"
"Gross Value Added at Constant Basic Prices","2021","Wholesale and retail trade and repair of vehicles  (45)","Euro Million","2463"
"Gross Value Added at Constant Basic Prices","2021","Wholesale trade (46)","Euro Million","17432"
"Gross Value Added at Constant Basic Prices","2021","Retail trade (47)","Euro Million","11977"
"Gross Value Added at Constant Basic Prices","2021","Transportation and storage (H)","Euro Million","10745"
"Gross Value Added at Constant Basic Prices","2021","Land transport (49)","Euro Million","4025"
"Gross Value Added at Constant Basic Prices","2021","Water transport (50)","Euro Million","63"
"Gross Value Added at Constant Basic Prices","2021","Air transport (51)","Euro Million",""
"Gross Value Added at Constant Basic Prices","2021","Warehousing and support activities for transportation (52)","Euro Million",""
"Gross Value Added at Constant Basic Prices","2021","Postal and courier activities (53)","Euro Million","1120"
"Gross Value Added at Constant Basic Prices","2021","Accommodation and food service activities (I)","Euro Million","4955"
"Gross Value Added at Constant Basic Prices","2021","Accommodation and food service activities (55,56)","Euro Million","4955"
"Gross Value Added at Constant Basic Prices","2021","Information and communication (J)","Euro Million","86192"
"Gross Value Added at Constant Basic Prices","2021","Publishing activities (58)","Euro Million",""
"Gross Value Added at Constant Basic Prices","2021","Audiovisual and broadcasting services (59,60)","Euro Million",""
"Gross Value Added at Constant Basic Prices","2021","Telecommunications (61)","Euro Million","3634"
"Gross Value Added at Constant Basic Prices","2021","Computer programming, consultancy and Information service activities (62,63)","Euro Million",""
"Gross Value Added at Constant Basic Prices","2021","Financial and insurance activities (K)","Euro Million","20825"
"Gross Value Added at Constant Basic Prices","2021","Financial service activities (64)","Euro Million","10558"
"Gross Value Added at Constant Basic Prices","2021","Insurance, reinsurance and pension funding, except compulsory social security (65)","Euro Million","6724"
"Gross Value Added at Constant Basic Prices","2021","Activities auxiliary to financial services and insurance activities (66)","Euro Million","3971"
"Gross Value Added at Constant Basic Prices","2021","Real estate activities (L)","Euro Million","27525"
"Gross Value Added at Constant Basic Prices","2021","Real estate activities (68)","Euro Million","27525"
"Gross Value Added at Constant Basic Prices","2021","Real estate activities of which: imputed rents of owner-occupied dwellings","Euro Million","20991"
"Gross Value Added at Constant Basic Prices","2021","Professional, scientific and technical activities (M)","Euro Million","27251"
"Gross Value Added at Constant Basic Prices","2021","Legal and accounting activities; head offices and management consultancy activities (69,70)","Euro Million","19082"
"Gross Value Added at Constant Basic Prices","2021","Architectural and engineering activities; technical testing and analysis (71)","Euro Million","4426"
"Gross Value Added at Constant Basic Prices","2021","Scientific research and development (72)","Euro Million","1302"
"Gross Value Added at Constant Basic Prices","2021","Advertising and market research (73)","Euro Million","974"
"Gross Value Added at Constant Basic Prices","2021","Other professional, scientific, technical and veterinary activities (74,75)","Euro Million","1435"
"Gross Value Added at Constant Basic Prices","2021","Administrative and support service activities (N)","Euro Million","26183"
"Gross Value Added at Constant Basic Prices","2021","Rental and leasing activities  (77)","Euro Million","19205"
"Gross Value Added at Constant Basic Prices","2021","Employment activities (78)","Euro Million","3205"
"Gross Value Added at Constant Basic Prices","2021","Travel agency and tourism service activities (79)","Euro Million","172"
"Gross Value Added at Constant Basic Prices","2021","Administrative and support service activities (80 to 82)","Euro Million","3748"
"Gross Value Added at Constant Basic Prices","2021","Public administration and defence; compulsory social security (O)","Euro Million","11861"
"Gross Value Added at Constant Basic Prices","2021","Public administration and defence; compulsory social security (84)","Euro Million","11861"
"Gross Value Added at Constant Basic Prices","2021","Education (P)","Euro Million","11648"
"Gross Value Added at Constant Basic Prices","2021","Education (85)","Euro Million","11648"
"Gross Value Added at Constant Basic Prices","2021","Human health and social work activities (Q)","Euro Million","21008"
"Gross Value Added at Constant Basic Prices","2021","Human health activities (86)","Euro Million","15062"
"Gross Value Added at Constant Basic Prices","2021","Residential care and social work activities (87,88)","Euro Million","5947"
"Gross Value Added at Constant Basic Prices","2021","Arts, entertainment and recreation (R)","Euro Million","2861"
"Gross Value Added at Constant Basic Prices","2021","Arts, entertainment and recreation (90 to 92)","Euro Million","2037"
"Gross Value Added at Constant Basic Prices","2021","Sports activities and amusement and recreation activities (93)","Euro Million","846"
"Gross Value Added at Constant Basic Prices","2021","Other service activities (S)","Euro Million","1685"
"Gross Value Added at Constant Basic Prices","2021","Activities of membership organisations (94)","Euro Million","873"
"Gross Value Added at Constant Basic Prices","2021","Repair of computers and personal and household goods (95)","Euro Million","100"
"Gross Value Added at Constant Basic Prices","2021","Other personal service activities (96)","Euro Million","770"
"Gross Value Added at Constant Basic Prices","2021","Activities of households as employers; producing activities of households for own use (T)","Euro Million","253"
"Gross Value Added at Constant Basic Prices","2021","Activities of households as employers; producing activities of households for own use (97,98)","Euro Million","253"
"Gross Value Added at Constant Basic Prices","2021","Activities of extraterritorial organisations and bodies (U)","Euro Million","9"
"Gross Value Added at Constant Basic Prices","2021","Activities of extraterritorial organisations and bodies (99)","Euro Million","9"
"Gross Value Added at Constant Basic Prices","2022","Agriculture, forestry and fishing (A)","Euro Million","5225"
"Gross Value Added at Constant Basic Prices","2022","Crop and animal production, hunting and related service activities (01)","Euro Million","4874"
"Gross Value Added at Constant Basic Prices","2022","Forestry and logging (02)","Euro Million","108"
"Gross Value Added at Constant Basic Prices","2022","Fishing and aquaculture (03)","Euro Million","240"
"Gross Value Added at Constant Basic Prices","2022","Mining and quarrying (B)","Euro Million","538"
"Gross Value Added at Constant Basic Prices","2022","Mining and quarrying (05 to 09)","Euro Million","538"
"Gross Value Added at Constant Basic Prices","2022","Manufacturing (C)","Euro Million","203259"
"Gross Value Added at Constant Basic Prices","2022","Food products, beverages and tobacco (10 to 12)","Euro Million","9404"
"Gross Value Added at Constant Basic Prices","2022","Textiles, wearing apparel and leather products (13 to 15)","Euro Million","200"
"Gross Value Added at Constant Basic Prices","2022","Wood and wood products, except furniture (16)","Euro Million","418"
"Gross Value Added at Constant Basic Prices","2022","Pulp, paper and paper products (17)","Euro Million","275"
"Gross Value Added at Constant Basic Prices","2022","Printing and reproduction of recorded media (18)","Euro Million","255"
"Gross Value Added at Constant Basic Prices","2022","Coke and refined petroleum products (19)","Euro Million",""
"Gross Value Added at Constant Basic Prices","2022","Chemicals and chemical products (20)","Euro Million",""
"Gross Value Added at Constant Basic Prices","2022","Basic pharmaceutical products and preparations (21)","Euro Million",""
"Gross Value Added at Constant Basic Prices","2022","Rubber and plastic products (22)","Euro Million","943"
"Gross Value Added at Constant Basic Prices","2022","Other non-metallic mineral products (23)","Euro Million","1416"
"Gross Value Added at Constant Basic Prices","2022","Basic metals (24)","Euro Million","171"
"Gross Value Added at Constant Basic Prices","2022","Fabricated metal products (25)","Euro Million","1393"
"Gross Value Added at Constant Basic Prices","2022","Computer, electronic and optical products (26)","Euro Million",""
"Gross Value Added at Constant Basic Prices","2022","Electrical equipment (27)","Euro Million","423"
"Gross Value Added at Constant Basic Prices","2022","Manufacture of machinery and equipment n.e.c. (28)","Euro Million","1773"
"Gross Value Added at Constant Basic Prices","2022","Motor vehicles, trailers and semi-trailers (29)","Euro Million",""
"Gross Value Added at Constant Basic Prices","2022","Other transport equipment (30)","Euro Million",""
"Gross Value Added at Constant Basic Prices","2022","Furniture and other manufacturing (31,32)","Euro Million","12049"
"Gross Value Added at Constant Basic Prices","2022","Repair and installation of machinery and equipment (33 )","Euro Million","634"
"Gross Value Added at Constant Basic Prices","2022","Electricity, gas, steam and air conditioning supply (D)","Euro Million","2479"
"Gross Value Added at Constant Basic Prices","2022","Electricity, gas, steam and air conditioning supply (35)","Euro Million","2479"
"Gross Value Added at Constant Basic Prices","2022","Water supply; sewerage, waste management and remediation activities (E)","Euro Million","2040"
"Gross Value Added at Constant Basic Prices","2022","Water collection, treatment and supply (36)","Euro Million","543"
"Gross Value Added at Constant Basic Prices","2022","Sewerage, waste management and remediation activities (37 to 39)","Euro Million","1510"
"Gross Value Added at Constant Basic Prices","2022","Construction (F)","Euro Million","14410"
"Gross Value Added at Constant Basic Prices","2022","Construction (41 to 43)","Euro Million","14410"
"Gross Value Added at Constant Basic Prices","2022","Wholesale and retail trade; repair of motor vehicles and motorcycles (G)","Euro Million","33606"
"Gross Value Added at Constant Basic Prices","2022","Wholesale and retail trade and repair of vehicles  (45)","Euro Million","2425"
"Gross Value Added at Constant Basic Prices","2022","Wholesale trade (46)","Euro Million","18618"
"Gross Value Added at Constant Basic Prices","2022","Retail trade (47)","Euro Million","12559"
"Gross Value Added at Constant Basic Prices","2022","Transportation and storage (H)","Euro Million","9169"
"Gross Value Added at Constant Basic Prices","2022","Land transport (49)","Euro Million","4602"
"Gross Value Added at Constant Basic Prices","2022","Water transport (50)","Euro Million","104"
"Gross Value Added at Constant Basic Prices","2022","Air transport (51)","Euro Million",""
"Gross Value Added at Constant Basic Prices","2022","Warehousing and support activities for transportation (52)","Euro Million",""
"Gross Value Added at Constant Basic Prices","2022","Postal and courier activities (53)","Euro Million","1047"
"Gross Value Added at Constant Basic Prices","2022","Accommodation and food service activities (I)","Euro Million","7996"
"Gross Value Added at Constant Basic Prices","2022","Accommodation and food service activities (55,56)","Euro Million","7996"
"Gross Value Added at Constant Basic Prices","2022","Information and communication (J)","Euro Million","92736"
"Gross Value Added at Constant Basic Prices","2022","Publishing activities (58)","Euro Million",""
"Gross Value Added at Constant Basic Prices","2022","Audiovisual and broadcasting services (59,60)","Euro Million",""
"Gross Value Added at Constant Basic Prices","2022","Telecommunications (61)","Euro Million","3761"
"Gross Value Added at Constant Basic Prices","2022","Computer programming, consultancy and Information service activities (62,63)","Euro Million",""
"Gross Value Added at Constant Basic Prices","2022","Financial and insurance activities (K)","Euro Million","18097"
"Gross Value Added at Constant Basic Prices","2022","Financial service activities (64)","Euro Million","9530"
"Gross Value Added at Constant Basic Prices","2022","Insurance, reinsurance and pension funding, except compulsory social security (65)","Euro Million","4529"
"Gross Value Added at Constant Basic Prices","2022","Activities auxiliary to financial services and insurance activities (66)","Euro Million","3987"
"Gross Value Added at Constant Basic Prices","2022","Real estate activities (L)","Euro Million","28743"
"Gross Value Added at Constant Basic Prices","2022","Real estate activities (68)","Euro Million","28743"
"Gross Value Added at Constant Basic Prices","2022","Real estate activities of which: imputed rents of owner-occupied dwellings","Euro Million","21806"
"Gross Value Added at Constant Basic Prices","2022","Professional, scientific and technical activities (M)","Euro Million","31229"
"Gross Value Added at Constant Basic Prices","2022","Legal and accounting activities; head offices and management consultancy activities (69,70)","Euro Million","21584"
"Gross Value Added at Constant Basic Prices","2022","Architectural and engineering activities; technical testing and analysis (71)","Euro Million","4860"
"Gross Value Added at Constant Basic Prices","2022","Scientific research and development (72)","Euro Million","2081"
"Gross Value Added at Constant Basic Prices","2022","Advertising and market research (73)","Euro Million","1053"
"Gross Value Added at Constant Basic Prices","2022","Other professional, scientific, technical and veterinary activities (74,75)","Euro Million","1628"
"Gross Value Added at Constant Basic Prices","2022","Administrative and support service activities (N)","Euro Million","26231"
"Gross Value Added at Constant Basic Prices","2022","Rental and leasing activities  (77)","Euro Million","17659"
"Gross Value Added at Constant Basic Prices","2022","Employment activities (78)","Euro Million","3342"
"Gross Value Added at Constant Basic Prices","2022","Travel agency and tourism service activities (79)","Euro Million","478"
"Gross Value Added at Constant Basic Prices","2022","Administrative and support service activities (80 to 82)","Euro Million","4707"
"Gross Value Added at Constant Basic Prices","2022","Public administration and defence; compulsory social security (O)","Euro Million","12411"
"Gross Value Added at Constant Basic Prices","2022","Public administration and defence; compulsory social security (84)","Euro Million","12411"
"Gross Value Added at Constant Basic Prices","2022","Education (P)","Euro Million","12021"
"Gross Value Added at Constant Basic Prices","2022","Education (85)","Euro Million","12021"
"Gross Value Added at Constant Basic Prices","2022","Human health and social work activities (Q)","Euro Million","22799"
"Gross Value Added at Constant Basic Prices","2022","Human health activities (86)","Euro Million","16466"
"Gross Value Added at Constant Basic Prices","2022","Residential care and social work activities (87,88)","Euro Million","6331"
"Gross Value Added at Constant Basic Prices","2022","Arts, entertainment and recreation (R)","Euro Million","3726"
"Gross Value Added at Constant Basic Prices","2022","Arts, entertainment and recreation (90 to 92)","Euro Million","2529"
"Gross Value Added at Constant Basic Prices","2022","Sports activities and amusement and recreation activities (93)","Euro Million","1201"
"Gross Value Added at Constant Basic Prices","2022","Other service activities (S)","Euro Million","2117"
"Gross Value Added at Constant Basic Prices","2022","Activities of membership organisations (94)","Euro Million","731"
"Gross Value Added at Constant Basic Prices","2022","Repair of computers and personal and household goods (95)","Euro Million","109"
"Gross Value Added at Constant Basic Prices","2022","Other personal service activities (96)","Euro Million","1284"
"Gross Value Added at Constant Basic Prices","2022","Activities of households as employers; producing activities of households for own use (T)","Euro Million","71"
"Gross Value Added at Constant Basic Prices","2022","Activities of households as employers; producing activities of households for own use (97,98)","Euro Million","71"
"Gross Value Added at Constant Basic Prices","2022","Activities of extraterritorial organisations and bodies (U)","Euro Million","11"
"Gross Value Added at Constant Basic Prices","2022","Activities of extraterritorial organisations and bodies (99)","Euro Million","11"
"Gross Value Added at Constant Basic Prices","2023","Agriculture, forestry and fishing (A)","Euro Million","5711"
"Gross Value Added at Constant Basic Prices","2023","Crop and animal production, hunting and related service activities (01)","Euro Million","5354"
"Gross Value Added at Constant Basic Prices","2023","Forestry and logging (02)","Euro Million","118"
"Gross Value Added at Constant Basic Prices","2023","Fishing and aquaculture (03)","Euro Million","228"
"Gross Value Added at Constant Basic Prices","2023","Mining and quarrying (B)","Euro Million","448"
"Gross Value Added at Constant Basic Prices","2023","Mining and quarrying (05 to 09)","Euro Million","448"
"Gross Value Added at Constant Basic Prices","2023","Manufacturing (C)","Euro Million","163008"
"Gross Value Added at Constant Basic Prices","2023","Food products, beverages and tobacco (10 to 12)","Euro Million","11004"
"Gross Value Added at Constant Basic Prices","2023","Textiles, wearing apparel and leather products (13 to 15)","Euro Million","208"
"Gross Value Added at Constant Basic Prices","2023","Wood and wood products, except furniture (16)","Euro Million","486"
"Gross Value Added at Constant Basic Prices","2023","Pulp, paper and paper products (17)","Euro Million","322"
"Gross Value Added at Constant Basic Prices","2023","Printing and reproduction of recorded media (18)","Euro Million","359"
"Gross Value Added at Constant Basic Prices","2023","Coke and refined petroleum products (19)","Euro Million",""
"Gross Value Added at Constant Basic Prices","2023","Chemicals and chemical products (20)","Euro Million",""
"Gross Value Added at Constant Basic Prices","2023","Basic pharmaceutical products and preparations (21)","Euro Million",""
"Gross Value Added at Constant Basic Prices","2023","Rubber and plastic products (22)","Euro Million","963"
"Gross Value Added at Constant Basic Prices","2023","Other non-metallic mineral products (23)","Euro Million","1565"
"Gross Value Added at Constant Basic Prices","2023","Basic metals (24)","Euro Million","329"
"Gross Value Added at Constant Basic Prices","2023","Fabricated metal products (25)","Euro Million","1536"
"Gross Value Added at Constant Basic Prices","2023","Computer, electronic and optical products (26)","Euro Million",""
"Gross Value Added at Constant Basic Prices","2023","Electrical equipment (27)","Euro Million","636"
"Gross Value Added at Constant Basic Prices","2023","Manufacture of machinery and equipment n.e.c. (28)","Euro Million","2073"
"Gross Value Added at Constant Basic Prices","2023","Motor vehicles, trailers and semi-trailers (29)","Euro Million",""
"Gross Value Added at Constant Basic Prices","2023","Other transport equipment (30)","Euro Million",""
"Gross Value Added at Constant Basic Prices","2023","Furniture and other manufacturing (31,32)","Euro Million","14646"
"Gross Value Added at Constant Basic Prices","2023","Repair and installation of machinery and equipment (33 )","Euro Million","778"
"Gross Value Added at Constant Basic Prices","2023","Electricity, gas, steam and air conditioning supply (D)","Euro Million","4401"
"Gross Value Added at Constant Basic Prices","2023","Electricity, gas, steam and air conditioning supply (35)","Euro Million","4401"
"Gross Value Added at Constant Basic Prices","2023","Water supply; sewerage, waste management and remediation activities (E)","Euro Million","2167"
"Gross Value Added at Constant Basic Prices","2023","Water collection, treatment and supply (36)","Euro Million","704"
"Gross Value Added at Constant Basic Prices","2023","Sewerage, waste management and remediation activities (37 to 39)","Euro Million","1462"
"Gross Value Added at Constant Basic Prices","2023","Construction (F)","Euro Million","14629"
"Gross Value Added at Constant Basic Prices","2023","Construction (41 to 43)","Euro Million","14629"
"Gross Value Added at Constant Basic Prices","2023","Wholesale and retail trade; repair of motor vehicles and motorcycles (G)","Euro Million","34612"
"Gross Value Added at Constant Basic Prices","2023","Wholesale and retail trade and repair of vehicles  (45)","Euro Million","2721"
"Gross Value Added at Constant Basic Prices","2023","Wholesale trade (46)","Euro Million","19138"
"Gross Value Added at Constant Basic Prices","2023","Retail trade (47)","Euro Million","12744"
"Gross Value Added at Constant Basic Prices","2023","Transportation and storage (H)","Euro Million","10093"
"Gross Value Added at Constant Basic Prices","2023","Land transport (49)","Euro Million","4763"
"Gross Value Added at Constant Basic Prices","2023","Water transport (50)","Euro Million","99"
"Gross Value Added at Constant Basic Prices","2023","Air transport (51)","Euro Million",""
"Gross Value Added at Constant Basic Prices","2023","Warehousing and support activities for transportation (52)","Euro Million",""
"Gross Value Added at Constant Basic Prices","2023","Postal and courier activities (53)","Euro Million","1091"
"Gross Value Added at Constant Basic Prices","2023","Accommodation and food service activities (I)","Euro Million","8412"
"Gross Value Added at Constant Basic Prices","2023","Accommodation and food service activities (55,56)","Euro Million","8412"
"Gross Value Added at Constant Basic Prices","2023","Information and communication (J)","Euro Million","104174"
"Gross Value Added at Constant Basic Prices","2023","Publishing activities (58)","Euro Million",""
"Gross Value Added at Constant Basic Prices","2023","Audiovisual and broadcasting services (59,60)","Euro Million",""
"Gross Value Added at Constant Basic Prices","2023","Telecommunications (61)","Euro Million","3873"
"Gross Value Added at Constant Basic Prices","2023","Computer programming, consultancy and Information service activities (62,63)","Euro Million",""
"Gross Value Added at Constant Basic Prices","2023","Financial and insurance activities (K)","Euro Million","20070"
"Gross Value Added at Constant Basic Prices","2023","Financial service activities (64)","Euro Million","7342"
"Gross Value Added at Constant Basic Prices","2023","Insurance, reinsurance and pension funding, except compulsory social security (65)","Euro Million","8166"
"Gross Value Added at Constant Basic Prices","2023","Activities auxiliary to financial services and insurance activities (66)","Euro Million","5753"
"Gross Value Added at Constant Basic Prices","2023","Real estate activities (L)","Euro Million","28993"
"Gross Value Added at Constant Basic Prices","2023","Real estate activities (68)","Euro Million","28993"
"Gross Value Added at Constant Basic Prices","2023","Real estate activities of which: imputed rents of owner-occupied dwellings","Euro Million","21834"
"Gross Value Added at Constant Basic Prices","2023","Professional, scientific and technical activities (M)","Euro Million","33269"
"Gross Value Added at Constant Basic Prices","2023","Legal and accounting activities; head offices and management consultancy activities (69,70)","Euro Million","22552"
"Gross Value Added at Constant Basic Prices","2023","Architectural and engineering activities; technical testing and analysis (71)","Euro Million","5522"
"Gross Value Added at Constant Basic Prices","2023","Scientific research and development (72)","Euro Million","2460"
"Gross Value Added at Constant Basic Prices","2023","Advertising and market research (73)","Euro Million","1106"
"Gross Value Added at Constant Basic Prices","2023","Other professional, scientific, technical and veterinary activities (74,75)","Euro Million","1641"
"Gross Value Added at Constant Basic Prices","2023","Administrative and support service activities (N)","Euro Million","29091"
"Gross Value Added at Constant Basic Prices","2023","Rental and leasing activities  (77)","Euro Million","19196"
"Gross Value Added at Constant Basic Prices","2023","Employment activities (78)","Euro Million","3521"
"Gross Value Added at Constant Basic Prices","2023","Travel agency and tourism service activities (79)","Euro Million","451"
"Gross Value Added at Constant Basic Prices","2023","Administrative and support service activities (80 to 82)","Euro Million","5889"
"Gross Value Added at Constant Basic Prices","2023","Public administration and defence; compulsory social security (O)","Euro Million","12963"
"Gross Value Added at Constant Basic Prices","2023","Public administration and defence; compulsory social security (84)","Euro Million","12963"
"Gross Value Added at Constant Basic Prices","2023","Education (P)","Euro Million","12168"
"Gross Value Added at Constant Basic Prices","2023","Education (85)","Euro Million","12168"
"Gross Value Added at Constant Basic Prices","2023","Human health and social work activities (Q)","Euro Million","24395"
"Gross Value Added at Constant Basic Prices","2023","Human health activities (86)","Euro Million","17718"
"Gross Value Added at Constant Basic Prices","2023","Residential care and social work activities (87,88)","Euro Million","6676"
"Gross Value Added at Constant Basic Prices","2023","Arts, entertainment and recreation (R)","Euro Million","3758"
"Gross Value Added at Constant Basic Prices","2023","Arts, entertainment and recreation (90 to 92)","Euro Million","2510"
"Gross Value Added at Constant Basic Prices","2023","Sports activities and amusement and recreation activities (93)","Euro Million","1251"
"Gross Value Added at Constant Basic Prices","2023","Other service activities (S)","Euro Million","2336"
"Gross Value Added at Constant Basic Prices","2023","Activities of membership organisations (94)","Euro Million","816"
"Gross Value Added at Constant Basic Prices","2023","Repair of computers and personal and household goods (95)","Euro Million","118"
"Gross Value Added at Constant Basic Prices","2023","Other personal service activities (96)","Euro Million","1405"
"Gross Value Added at Constant Basic Prices","2023","Activities of households as employers; producing activities of households for own use (T)","Euro Million","79"
"Gross Value Added at Constant Basic Prices","2023","Activities of households as employers; producing activities of households for own use (97,98)","Euro Million","79"
"Gross Value Added at Constant Basic Prices","2023","Activities of extraterritorial organisations and bodies (U)","Euro Million","11"
"Gross Value Added at Constant Basic Prices","2023","Activities of extraterritorial organisations and bodies (99)","Euro Million","11"
"Gross Value Added at Constant Basic Prices","2024","Agriculture, forestry and fishing (A)","Euro Million","5795"
"Gross Value Added at Constant Basic Prices","2024","Crop and animal production, hunting and related service activities (01)","Euro Million","5476"
"Gross Value Added at Constant Basic Prices","2024","Forestry and logging (02)","Euro Million","125"
"Gross Value Added at Constant Basic Prices","2024","Fishing and aquaculture (03)","Euro Million","193"
"Gross Value Added at Constant Basic Prices","2024","Mining and quarrying (B)","Euro Million","502"
"Gross Value Added at Constant Basic Prices","2024","Mining and quarrying (05 to 09)","Euro Million","502"
"Gross Value Added at Constant Basic Prices","2024","Manufacturing (C)","Euro Million","164057"
"Gross Value Added at Constant Basic Prices","2024","Food products, beverages and tobacco (10 to 12)","Euro Million","12000"
"Gross Value Added at Constant Basic Prices","2024","Textiles, wearing apparel and leather products (13 to 15)","Euro Million","205"
"Gross Value Added at Constant Basic Prices","2024","Wood and wood products, except furniture (16)","Euro Million","497"
"Gross Value Added at Constant Basic Prices","2024","Pulp, paper and paper products (17)","Euro Million","330"
"Gross Value Added at Constant Basic Prices","2024","Printing and reproduction of recorded media (18)","Euro Million","330"
"Gross Value Added at Constant Basic Prices","2024","Coke and refined petroleum products (19)","Euro Million",""
"Gross Value Added at Constant Basic Prices","2024","Chemicals and chemical products (20)","Euro Million",""
"Gross Value Added at Constant Basic Prices","2024","Basic pharmaceutical products and preparations (21)","Euro Million",""
"Gross Value Added at Constant Basic Prices","2024","Rubber and plastic products (22)","Euro Million","1035"
"Gross Value Added at Constant Basic Prices","2024","Other non-metallic mineral products (23)","Euro Million","1369"
"Gross Value Added at Constant Basic Prices","2024","Basic metals (24)","Euro Million","496"
"Gross Value Added at Constant Basic Prices","2024","Fabricated metal products (25)","Euro Million","1525"
"Gross Value Added at Constant Basic Prices","2024","Computer, electronic and optical products (26)","Euro Million",""
"Gross Value Added at Constant Basic Prices","2024","Electrical equipment (27)","Euro Million","789"
"Gross Value Added at Constant Basic Prices","2024","Manufacture of machinery and equipment n.e.c. (28)","Euro Million","1827"
"Gross Value Added at Constant Basic Prices","2024","Motor vehicles, trailers and semi-trailers (29)","Euro Million",""
"Gross Value Added at Constant Basic Prices","2024","Other transport equipment (30)","Euro Million",""
"Gross Value Added at Constant Basic Prices","2024","Furniture and other manufacturing (31,32)","Euro Million","16189"
"Gross Value Added at Constant Basic Prices","2024","Repair and installation of machinery and equipment (33 )","Euro Million","863"
"Gross Value Added at Constant Basic Prices","2024","Electricity, gas, steam and air conditioning supply (D)","Euro Million","4101"
"Gross Value Added at Constant Basic Prices","2024","Electricity, gas, steam and air conditioning supply (35)","Euro Million","4101"
"Gross Value Added at Constant Basic Prices","2024","Water supply; sewerage, waste management and remediation activities (E)","Euro Million","2300"
"Gross Value Added at Constant Basic Prices","2024","Water collection, treatment and supply (36)","Euro Million","787"
"Gross Value Added at Constant Basic Prices","2024","Sewerage, waste management and remediation activities (37 to 39)","Euro Million","1513"
"Gross Value Added at Constant Basic Prices","2024","Construction (F)","Euro Million","14743"
"Gross Value Added at Constant Basic Prices","2024","Construction (41 to 43)","Euro Million","14743"
"Gross Value Added at Constant Basic Prices","2024","Wholesale and retail trade; repair of motor vehicles and motorcycles (G)","Euro Million","34312"
"Gross Value Added at Constant Basic Prices","2024","Wholesale and retail trade and repair of vehicles  (45)","Euro Million","2765"
"Gross Value Added at Constant Basic Prices","2024","Wholesale trade (46)","Euro Million","18795"
"Gross Value Added at Constant Basic Prices","2024","Retail trade (47)","Euro Million","12752"
"Gross Value Added at Constant Basic Prices","2024","Transportation and storage (H)","Euro Million","9963"
"Gross Value Added at Constant Basic Prices","2024","Land transport (49)","Euro Million","4609"
"Gross Value Added at Constant Basic Prices","2024","Water transport (50)","Euro Million","95"
"Gross Value Added at Constant Basic Prices","2024","Air transport (51)","Euro Million",""
"Gross Value Added at Constant Basic Prices","2024","Warehousing and support activities for transportation (52)","Euro Million",""
"Gross Value Added at Constant Basic Prices","2024","Postal and courier activities (53)","Euro Million","1175"
"Gross Value Added at Constant Basic Prices","2024","Accommodation and food service activities (I)","Euro Million","8692"
"Gross Value Added at Constant Basic Prices","2024","Accommodation and food service activities (55,56)","Euro Million","8692"
"Gross Value Added at Constant Basic Prices","2024","Information and communication (J)","Euro Million","112881"
"Gross Value Added at Constant Basic Prices","2024","Publishing activities (58)","Euro Million",""
"Gross Value Added at Constant Basic Prices","2024","Audiovisual and broadcasting services (59,60)","Euro Million",""
"Gross Value Added at Constant Basic Prices","2024","Telecommunications (61)","Euro Million","4022"
"Gross Value Added at Constant Basic Prices","2024","Computer programming, consultancy and Information service activities (62,63)","Euro Million",""
"Gross Value Added at Constant Basic Prices","2024","Financial and insurance activities (K)","Euro Million","23457"
"Gross Value Added at Constant Basic Prices","2024","Financial service activities (64)","Euro Million","10511"
"Gross Value Added at Constant Basic Prices","2024","Insurance, reinsurance and pension funding, except compulsory social security (65)","Euro Million","6516"
"Gross Value Added at Constant Basic Prices","2024","Activities auxiliary to financial services and insurance activities (66)","Euro Million","6430"
"Gross Value Added at Constant Basic Prices","2024","Real estate activities (L)","Euro Million","30734"
"Gross Value Added at Constant Basic Prices","2024","Real estate activities (68)","Euro Million","30734"
"Gross Value Added at Constant Basic Prices","2024","Real estate activities of which: imputed rents of owner-occupied dwellings","Euro Million","22151"
"Gross Value Added at Constant Basic Prices","2024","Professional, scientific and technical activities (M)","Euro Million","33253"
"Gross Value Added at Constant Basic Prices","2024","Legal and accounting activities; head offices and management consultancy activities (69,70)","Euro Million","22819"
"Gross Value Added at Constant Basic Prices","2024","Architectural and engineering activities; technical testing and analysis (71)","Euro Million","5350"
"Gross Value Added at Constant Basic Prices","2024","Scientific research and development (72)","Euro Million","2408"
"Gross Value Added at Constant Basic Prices","2024","Advertising and market research (73)","Euro Million","1012"
"Gross Value Added at Constant Basic Prices","2024","Other professional, scientific, technical and veterinary activities (74,75)","Euro Million","1663"
"Gross Value Added at Constant Basic Prices","2024","Administrative and support service activities (N)","Euro Million","31943"
"Gross Value Added at Constant Basic Prices","2024","Rental and leasing activities  (77)","Euro Million","20936"
"Gross Value Added at Constant Basic Prices","2024","Employment activities (78)","Euro Million","3473"
"Gross Value Added at Constant Basic Prices","2024","Travel agency and tourism service activities (79)","Euro Million","430"
"Gross Value Added at Constant Basic Prices","2024","Administrative and support service activities (80 to 82)","Euro Million","7104"
"Gross Value Added at Constant Basic Prices","2024","Public administration and defence; compulsory social security (O)","Euro Million","13624"
"Gross Value Added at Constant Basic Prices","2024","Public administration and defence; compulsory social security (84)","Euro Million","13624"
"Gross Value Added at Constant Basic Prices","2024","Education (P)","Euro Million","12632"
"Gross Value Added at Constant Basic Prices","2024","Education (85)","Euro Million","12632"
"Gross Value Added at Constant Basic Prices","2024","Human health and social work activities (Q)","Euro Million","25760"
"Gross Value Added at Constant Basic Prices","2024","Human health activities (86)","Euro Million","18772"
"Gross Value Added at Constant Basic Prices","2024","Residential care and social work activities (87,88)","Euro Million","6988"
"Gross Value Added at Constant Basic Prices","2024","Arts, entertainment and recreation (R)","Euro Million","3719"
"Gross Value Added at Constant Basic Prices","2024","Arts, entertainment and recreation (90 to 92)","Euro Million","2449"
"Gross Value Added at Constant Basic Prices","2024","Sports activities and amusement and recreation activities (93)","Euro Million","1270"
"Gross Value Added at Constant Basic Prices","2024","Other service activities (S)","Euro Million","2356"
"Gross Value Added at Constant Basic Prices","2024","Activities of membership organisations (94)","Euro Million","859"
"Gross Value Added at Constant Basic Prices","2024","Repair of computers and personal and household goods (95)","Euro Million","111"
"Gross Value Added at Constant Basic Prices","2024","Other personal service activities (96)","Euro Million","1386"
"Gross Value Added at Constant Basic Prices","2024","Activities of households as employers; producing activities of households for own use (T)","Euro Million","75"
"Gross Value Added at Constant Basic Prices","2024","Activities of households as employers; producing activities of households for own use (97,98)","Euro Million","75"
"Gross Value Added at Constant Basic Prices","2024","Activities of extraterritorial organisations and bodies (U)","Euro Million","11"
"Gross Value Added at Constant Basic Prices","2024","Activities of extraterritorial organisations and bodies (99)","Euro Million","11"
"Gross Value Added at Constant Basic Prices","2025","Agriculture, forestry and fishing (A)","Euro Million","6003"
"Gross Value Added at Constant Basic Prices","2025","Crop and animal production, hunting and related service activities (01)","Euro Million","5629"
"Gross Value Added at Constant Basic Prices","2025","Forestry and logging (02)","Euro Million","172"
"Gross Value Added at Constant Basic Prices","2025","Fishing and aquaculture (03)","Euro Million","202"
"Gross Value Added at Constant Basic Prices","2025","Mining and quarrying (B)","Euro Million","494"
"Gross Value Added at Constant Basic Prices","2025","Mining and quarrying (05 to 09)","Euro Million","494"
"Gross Value Added at Constant Basic Prices","2025","Manufacturing (C)","Euro Million","183985"
"Gross Value Added at Constant Basic Prices","2025","Food products, beverages and tobacco (10 to 12)","Euro Million","11376"
"Gross Value Added at Constant Basic Prices","2025","Textiles, wearing apparel and leather products (13 to 15)","Euro Million","204"
"Gross Value Added at Constant Basic Prices","2025","Wood and wood products, except furniture (16)","Euro Million","598"
"Gross Value Added at Constant Basic Prices","2025","Pulp, paper and paper products (17)","Euro Million","338"
"Gross Value Added at Constant Basic Prices","2025","Printing and reproduction of recorded media (18)","Euro Million","329"
"Gross Value Added at Constant Basic Prices","2025","Coke and refined petroleum products (19)","Euro Million",""
"Gross Value Added at Constant Basic Prices","2025","Chemicals and chemical products (20)","Euro Million",""
"Gross Value Added at Constant Basic Prices","2025","Basic pharmaceutical products and preparations (21)","Euro Million",""
"Gross Value Added at Constant Basic Prices","2025","Rubber and plastic products (22)","Euro Million","1177"
"Gross Value Added at Constant Basic Prices","2025","Other non-metallic mineral products (23)","Euro Million","1414"
"Gross Value Added at Constant Basic Prices","2025","Basic metals (24)","Euro Million","323"
"Gross Value Added at Constant Basic Prices","2025","Fabricated metal products (25)","Euro Million","1510"
"Gross Value Added at Constant Basic Prices","2025","Computer, electronic and optical products (26)","Euro Million",""
"Gross Value Added at Constant Basic Prices","2025","Electrical equipment (27)","Euro Million","721"
"Gross Value Added at Constant Basic Prices","2025","Manufacture of machinery and equipment n.e.c. (28)","Euro Million","2096"
"Gross Value Added at Constant Basic Prices","2025","Motor vehicles, trailers and semi-trailers (29)","Euro Million",""
"Gross Value Added at Constant Basic Prices","2025","Other transport equipment (30)","Euro Million",""
"Gross Value Added at Constant Basic Prices","2025","Furniture and other manufacturing (31,32)","Euro Million","15561"
"Gross Value Added at Constant Basic Prices","2025","Repair and installation of machinery and equipment (33 )","Euro Million","883"
"Gross Value Added at Constant Basic Prices","2025","Electricity, gas, steam and air conditioning supply (D)","Euro Million","4342"
"Gross Value Added at Constant Basic Prices","2025","Electricity, gas, steam and air conditioning supply (35)","Euro Million","4342"
"Gross Value Added at Constant Basic Prices","2025","Water supply; sewerage, waste management and remediation activities (E)","Euro Million","2425"
"Gross Value Added at Constant Basic Prices","2025","Water collection, treatment and supply (36)","Euro Million","769"
"Gross Value Added at Constant Basic Prices","2025","Sewerage, waste management and remediation activities (37 to 39)","Euro Million","1656"
"Gross Value Added at Constant Basic Prices","2025","Construction (F)","Euro Million","15801"
"Gross Value Added at Constant Basic Prices","2025","Construction (41 to 43)","Euro Million","15801"
"Gross Value Added at Constant Basic Prices","2025","Wholesale and retail trade; repair of motor vehicles and motorcycles (G)","Euro Million","34353"
"Gross Value Added at Constant Basic Prices","2025","Wholesale and retail trade and repair of vehicles  (45)","Euro Million","2897"
"Gross Value Added at Constant Basic Prices","2025","Wholesale trade (46)","Euro Million","18561"
"Gross Value Added at Constant Basic Prices","2025","Retail trade (47)","Euro Million","12896"
"Gross Value Added at Constant Basic Prices","2025","Transportation and storage (H)","Euro Million","11103"
"Gross Value Added at Constant Basic Prices","2025","Land transport (49)","Euro Million","5071"
"Gross Value Added at Constant Basic Prices","2025","Water transport (50)","Euro Million","135"
"Gross Value Added at Constant Basic Prices","2025","Air transport (51)","Euro Million",""
"Gross Value Added at Constant Basic Prices","2025","Warehousing and support activities for transportation (52)","Euro Million",""
"Gross Value Added at Constant Basic Prices","2025","Postal and courier activities (53)","Euro Million","1200"
"Gross Value Added at Constant Basic Prices","2025","Accommodation and food service activities (I)","Euro Million","8632"
"Gross Value Added at Constant Basic Prices","2025","Accommodation and food service activities (55,56)","Euro Million","8632"
"Gross Value Added at Constant Basic Prices","2025","Information and communication (J)","Euro Million","129570"
"Gross Value Added at Constant Basic Prices","2025","Publishing activities (58)","Euro Million",""
"Gross Value Added at Constant Basic Prices","2025","Audiovisual and broadcasting services (59,60)","Euro Million",""
"Gross Value Added at Constant Basic Prices","2025","Telecommunications (61)","Euro Million","4167"
"Gross Value Added at Constant Basic Prices","2025","Computer programming, consultancy and Information service activities (62,63)","Euro Million",""
"Gross Value Added at Constant Basic Prices","2025","Financial and insurance activities (K)","Euro Million","23455"
"Gross Value Added at Constant Basic Prices","2025","Financial service activities (64)","Euro Million","11126"
"Gross Value Added at Constant Basic Prices","2025","Insurance, reinsurance and pension funding, except compulsory social security (65)","Euro Million","6213"
"Gross Value Added at Constant Basic Prices","2025","Activities auxiliary to financial services and insurance activities (66)","Euro Million","6115"
"Gross Value Added at Constant Basic Prices","2025","Real estate activities (L)","Euro Million","32245"
"Gross Value Added at Constant Basic Prices","2025","Real estate activities (68)","Euro Million","32245"
"Gross Value Added at Constant Basic Prices","2025","Real estate activities of which: imputed rents of owner-occupied dwellings","Euro Million","23208"
"Gross Value Added at Constant Basic Prices","2025","Professional, scientific and technical activities (M)","Euro Million","31257"
"Gross Value Added at Constant Basic Prices","2025","Legal and accounting activities; head offices and management consultancy activities (69,70)","Euro Million","21806"
"Gross Value Added at Constant Basic Prices","2025","Architectural and engineering activities; technical testing and analysis (71)","Euro Million","5080"
"Gross Value Added at Constant Basic Prices","2025","Scientific research and development (72)","Euro Million","1841"
"Gross Value Added at Constant Basic Prices","2025","Advertising and market research (73)","Euro Million","955"
"Gross Value Added at Constant Basic Prices","2025","Other professional, scientific, technical and veterinary activities (74,75)","Euro Million","1574"
"Gross Value Added at Constant Basic Prices","2025","Administrative and support service activities (N)","Euro Million","35184"
"Gross Value Added at Constant Basic Prices","2025","Rental and leasing activities  (77)","Euro Million","24168"
"Gross Value Added at Constant Basic Prices","2025","Employment activities (78)","Euro Million","3705"
"Gross Value Added at Constant Basic Prices","2025","Travel agency and tourism service activities (79)","Euro Million","402"
"Gross Value Added at Constant Basic Prices","2025","Administrative and support service activities (80 to 82)","Euro Million","6909"
"Gross Value Added at Constant Basic Prices","2025","Public administration and defence; compulsory social security (O)","Euro Million","13455"
"Gross Value Added at Constant Basic Prices","2025","Public administration and defence; compulsory social security (84)","Euro Million","13455"
"Gross Value Added at Constant Basic Prices","2025","Education (P)","Euro Million","12785"
"Gross Value Added at Constant Basic Prices","2025","Education (85)","Euro Million","12785"
"Gross Value Added at Constant Basic Prices","2025","Human health and social work activities (Q)","Euro Million","26820"
"Gross Value Added at Constant Basic Prices","2025","Human health activities (86)","Euro Million","19484"
"Gross Value Added at Constant Basic Prices","2025","Residential care and social work activities (87,88)","Euro Million","7336"
"Gross Value Added at Constant Basic Prices","2025","Arts, entertainment and recreation (R)","Euro Million","3790"
"Gross Value Added at Constant Basic Prices","2025","Arts, entertainment and recreation (90 to 92)","Euro Million","2496"
"Gross Value Added at Constant Basic Prices","2025","Sports activities and amusement and recreation activities (93)","Euro Million","1294"
"Gross Value Added at Constant Basic Prices","2025","Other service activities (S)","Euro Million","2304"
"Gross Value Added at Constant Basic Prices","2025","Activities of membership organisations (94)","Euro Million","793"
"Gross Value Added at Constant Basic Prices","2025","Repair of computers and personal and household goods (95)","Euro Million","105"
"Gross Value Added at Constant Basic Prices","2025","Other personal service activities (96)","Euro Million","1406"
"Gross Value Added at Constant Basic Prices","2025","Activities of households as employers; producing activities of households for own use (T)","Euro Million","76"
"Gross Value Added at Constant Basic Prices","2025","Activities of households as employers; producing activities of households for own use (97,98)","Euro Million","76"
"Gross Value Added at Constant Basic Prices","2025","Activities of extraterritorial organisations and bodies (U)","Euro Million","11"
"Gross Value Added at Constant Basic Prices","2025","Activities of extraterritorial organisations and bodies (99)","Euro Million","11"
