"Statistic Label","Year","NACE Rev. 2 Sector","NUTS 2 Region","UNIT","VALUE"
"Gross Value Added (GVA) at Basic Prices","2000","Agriculture, Forestry and Fishing","Northern and Western","Euro Million","575.94"
"Gross Value Added (GVA) at Basic Prices","2000","Agriculture, Forestry and Fishing","Southern","Euro Million","1519.27"
"Gross Value Added (GVA) at Basic Prices","2000","Agriculture, Forestry and Fishing","Eastern and Midland","Euro Million","622.52"
"Gross Value Added (GVA) at Basic Prices","2000","Agriculture, Forestry and Fishing","Ireland","Euro Million","2717.73"
"Gross Value Added (GVA) at Basic Prices","2000","Industry (excl. Construction)","Northern and Western","Euro Million","3504.61"
"Gross Value Added (GVA) at Basic Prices","2000","Industry (excl. Construction)","Southern","Euro Million","11540.03"
"Gross Value Added (GVA) at Basic Prices","2000","Industry (excl. Construction)","Eastern and Midland","Euro Million","12201.77"
"Gross Value Added (GVA) at Basic Prices","2000","Industry (excl. Construction)","Ireland","Euro Million","27246.4"
"Gross Value Added (GVA) at Basic Prices","2000","Industry - of which Manufacturing","Northern and Western","Euro Million","3162.28"
"Gross Value Added (GVA) at Basic Prices","2000","Industry - of which Manufacturing","Southern","Euro Million","10804.98"
"Gross Value Added (GVA) at Basic Prices","2000","Industry - of which Manufacturing","Eastern and Midland","Euro Million","11115.92"
"Gross Value Added (GVA) at Basic Prices","2000","Industry - of which Manufacturing","Ireland","Euro Million","25083.18"
"Gross Value Added (GVA) at Basic Prices","2000","Construction","Northern and Western","Euro Million","1244.03"
"Gross Value Added (GVA) at Basic Prices","2000","Construction","Southern","Euro Million","2045.42"
"Gross Value Added (GVA) at Basic Prices","2000","Construction","Eastern and Midland","Euro Million","3641.6"
"Gross Value Added (GVA) at Basic Prices","2000","Construction","Ireland","Euro Million","6931.05"
"Gross Value Added (GVA) at Basic Prices","2000","Distribution, Transport, Hotels and Restaurants","Northern and Western","Euro Million","1782.04"
"Gross Value Added (GVA) at Basic Prices","2000","Distribution, Transport, Hotels and Restaurants","Southern","Euro Million","5421.81"
"Gross Value Added (GVA) at Basic Prices","2000","Distribution, Transport, Hotels and Restaurants","Eastern and Midland","Euro Million","9621.51"
"Gross Value Added (GVA) at Basic Prices","2000","Distribution, Transport, Hotels and Restaurants","Ireland","Euro Million","16825.36"
"Gross Value Added (GVA) at Basic Prices","2000","Information and Communication","Northern and Western","Euro Million","489.69"
"Gross Value Added (GVA) at Basic Prices","2000","Information and Communication","Southern","Euro Million","797.16"
"Gross Value Added (GVA) at Basic Prices","2000","Information and Communication","Eastern and Midland","Euro Million","6477.44"
"Gross Value Added (GVA) at Basic Prices","2000","Information and Communication","Ireland","Euro Million","7764.29"
"Gross Value Added (GVA) at Basic Prices","2000","Financial and Insurance Activities","Northern and Western","Euro Million","482.14"
"Gross Value Added (GVA) at Basic Prices","2000","Financial and Insurance Activities","Southern","Euro Million","1088.24"
"Gross Value Added (GVA) at Basic Prices","2000","Financial and Insurance Activities","Eastern and Midland","Euro Million","5630.31"
"Gross Value Added (GVA) at Basic Prices","2000","Financial and Insurance Activities","Ireland","Euro Million","7200.7"
"Gross Value Added (GVA) at Basic Prices","2000","Real Estate Activities","Northern and Western","Euro Million","589.77"
"Gross Value Added (GVA) at Basic Prices","2000","Real Estate Activities","Southern","Euro Million","1305.01"
"Gross Value Added (GVA) at Basic Prices","2000","Real Estate Activities","Eastern and Midland","Euro Million","4972.98"
"Gross Value Added (GVA) at Basic Prices","2000","Real Estate Activities","Ireland","Euro Million","6867.76"
"Gross Value Added (GVA) at Basic Prices","2000","Professional, Admin and Support Services","Northern and Western","Euro Million","490.5"
"Gross Value Added (GVA) at Basic Prices","2000","Professional, Admin and Support Services","Southern","Euro Million","1452.2"
"Gross Value Added (GVA) at Basic Prices","2000","Professional, Admin and Support Services","Eastern and Midland","Euro Million","4301.34"
"Gross Value Added (GVA) at Basic Prices","2000","Professional, Admin and Support Services","Ireland","Euro Million","6244.03"
"Gross Value Added (GVA) at Basic Prices","2000","Public Admin, Education and Health","Northern and Western","Euro Million","2165.3"
"Gross Value Added (GVA) at Basic Prices","2000","Public Admin, Education and Health","Southern","Euro Million","4014.47"
"Gross Value Added (GVA) at Basic Prices","2000","Public Admin, Education and Health","Eastern and Midland","Euro Million","6675.01"
"Gross Value Added (GVA) at Basic Prices","2000","Public Admin, Education and Health","Ireland","Euro Million","12854.77"
"Gross Value Added (GVA) at Basic Prices","2000","Arts, Entertainment and Other Services","Northern and Western","Euro Million","238.94"
"Gross Value Added (GVA) at Basic Prices","2000","Arts, Entertainment and Other Services","Southern","Euro Million","526.59"
"Gross Value Added (GVA) at Basic Prices","2000","Arts, Entertainment and Other Services","Eastern and Midland","Euro Million","1304.13"
"Gross Value Added (GVA) at Basic Prices","2000","Arts, Entertainment and Other Services","Ireland","Euro Million","2069.66"
"Gross Value Added (GVA) at Basic Prices","2000","All Sectors","Northern and Western","Euro Million","11562.95"
"Gross Value Added (GVA) at Basic Prices","2000","All Sectors","Southern","Euro Million","29710.2"
"Gross Value Added (GVA) at Basic Prices","2000","All Sectors","Eastern and Midland","Euro Million","55448.6"
"Gross Value Added (GVA) at Basic Prices","2000","All Sectors","Ireland","Euro Million","96721.76"
"Gross Value Added (GVA) at Basic Prices","2001","Agriculture, Forestry and Fishing","Northern and Western","Euro Million","515.88"
"Gross Value Added (GVA) at Basic Prices","2001","Agriculture, Forestry and Fishing","Southern","Euro Million","1360.73"
"Gross Value Added (GVA) at Basic Prices","2001","Agriculture, Forestry and Fishing","Eastern and Midland","Euro Million","557.68"
"Gross Value Added (GVA) at Basic Prices","2001","Agriculture, Forestry and Fishing","Ireland","Euro Million","2434.29"
"Gross Value Added (GVA) at Basic Prices","2001","Industry (excl. Construction)","Northern and Western","Euro Million","4283.65"
"Gross Value Added (GVA) at Basic Prices","2001","Industry (excl. Construction)","Southern","Euro Million","14259.15"
"Gross Value Added (GVA) at Basic Prices","2001","Industry (excl. Construction)","Eastern and Midland","Euro Million","14987.63"
"Gross Value Added (GVA) at Basic Prices","2001","Industry (excl. Construction)","Ireland","Euro Million","33530.43"
"Gross Value Added (GVA) at Basic Prices","2001","Industry - of which Manufacturing","Northern and Western","Euro Million","3853"
"Gross Value Added (GVA) at Basic Prices","2001","Industry - of which Manufacturing","Southern","Euro Million","13334.03"
"Gross Value Added (GVA) at Basic Prices","2001","Industry - of which Manufacturing","Eastern and Midland","Euro Million","13640.33"
"Gross Value Added (GVA) at Basic Prices","2001","Industry - of which Manufacturing","Ireland","Euro Million","30827.36"
"Gross Value Added (GVA) at Basic Prices","2001","Construction","Northern and Western","Euro Million","1449.28"
"Gross Value Added (GVA) at Basic Prices","2001","Construction","Southern","Euro Million","2381.06"
"Gross Value Added (GVA) at Basic Prices","2001","Construction","Eastern and Midland","Euro Million","4251.04"
"Gross Value Added (GVA) at Basic Prices","2001","Construction","Ireland","Euro Million","8081.38"
"Gross Value Added (GVA) at Basic Prices","2001","Distribution, Transport, Hotels and Restaurants","Northern and Western","Euro Million","1772.55"
"Gross Value Added (GVA) at Basic Prices","2001","Distribution, Transport, Hotels and Restaurants","Southern","Euro Million","5305.23"
"Gross Value Added (GVA) at Basic Prices","2001","Distribution, Transport, Hotels and Restaurants","Eastern and Midland","Euro Million","9499.26"
"Gross Value Added (GVA) at Basic Prices","2001","Distribution, Transport, Hotels and Restaurants","Ireland","Euro Million","16577.03"
"Gross Value Added (GVA) at Basic Prices","2001","Information and Communication","Northern and Western","Euro Million","503.82"
"Gross Value Added (GVA) at Basic Prices","2001","Information and Communication","Southern","Euro Million","873.38"
"Gross Value Added (GVA) at Basic Prices","2001","Information and Communication","Eastern and Midland","Euro Million","6466.75"
"Gross Value Added (GVA) at Basic Prices","2001","Information and Communication","Ireland","Euro Million","7843.95"
"Gross Value Added (GVA) at Basic Prices","2001","Financial and Insurance Activities","Northern and Western","Euro Million","544.12"
"Gross Value Added (GVA) at Basic Prices","2001","Financial and Insurance Activities","Southern","Euro Million","1227.46"
"Gross Value Added (GVA) at Basic Prices","2001","Financial and Insurance Activities","Eastern and Midland","Euro Million","6379.62"
"Gross Value Added (GVA) at Basic Prices","2001","Financial and Insurance Activities","Ireland","Euro Million","8151.19"
"Gross Value Added (GVA) at Basic Prices","2001","Real Estate Activities","Northern and Western","Euro Million","689.18"
"Gross Value Added (GVA) at Basic Prices","2001","Real Estate Activities","Southern","Euro Million","1525.11"
"Gross Value Added (GVA) at Basic Prices","2001","Real Estate Activities","Eastern and Midland","Euro Million","5832.09"
"Gross Value Added (GVA) at Basic Prices","2001","Real Estate Activities","Ireland","Euro Million","8046.38"
"Gross Value Added (GVA) at Basic Prices","2001","Professional, Admin and Support Services","Northern and Western","Euro Million","547.33"
"Gross Value Added (GVA) at Basic Prices","2001","Professional, Admin and Support Services","Southern","Euro Million","1618.8"
"Gross Value Added (GVA) at Basic Prices","2001","Professional, Admin and Support Services","Eastern and Midland","Euro Million","4757.71"
"Gross Value Added (GVA) at Basic Prices","2001","Professional, Admin and Support Services","Ireland","Euro Million","6923.84"
"Gross Value Added (GVA) at Basic Prices","2001","Public Admin, Education and Health","Northern and Western","Euro Million","2500.66"
"Gross Value Added (GVA) at Basic Prices","2001","Public Admin, Education and Health","Southern","Euro Million","4650.48"
"Gross Value Added (GVA) at Basic Prices","2001","Public Admin, Education and Health","Eastern and Midland","Euro Million","7709.22"
"Gross Value Added (GVA) at Basic Prices","2001","Public Admin, Education and Health","Ireland","Euro Million","14860.36"
"Gross Value Added (GVA) at Basic Prices","2001","Arts, Entertainment and Other Services","Northern and Western","Euro Million","272.02"
"Gross Value Added (GVA) at Basic Prices","2001","Arts, Entertainment and Other Services","Southern","Euro Million","597.57"
"Gross Value Added (GVA) at Basic Prices","2001","Arts, Entertainment and Other Services","Eastern and Midland","Euro Million","1495.38"
"Gross Value Added (GVA) at Basic Prices","2001","Arts, Entertainment and Other Services","Ireland","Euro Million","2364.97"
"Gross Value Added (GVA) at Basic Prices","2001","All Sectors","Northern and Western","Euro Million","13078.48"
"Gross Value Added (GVA) at Basic Prices","2001","All Sectors","Southern","Euro Million","33798.97"
"Gross Value Added (GVA) at Basic Prices","2001","All Sectors","Eastern and Midland","Euro Million","61936.37"
"Gross Value Added (GVA) at Basic Prices","2001","All Sectors","Ireland","Euro Million","108813.82"
"Gross Value Added (GVA) at Basic Prices","2002","Agriculture, Forestry and Fishing","Northern and Western","Euro Million","500.02"
"Gross Value Added (GVA) at Basic Prices","2002","Agriculture, Forestry and Fishing","Southern","Euro Million","1319.54"
"Gross Value Added (GVA) at Basic Prices","2002","Agriculture, Forestry and Fishing","Eastern and Midland","Euro Million","540.43"
"Gross Value Added (GVA) at Basic Prices","2002","Agriculture, Forestry and Fishing","Ireland","Euro Million","2359.98"
"Gross Value Added (GVA) at Basic Prices","2002","Industry (excl. Construction)","Northern and Western","Euro Million","4910.26"
"Gross Value Added (GVA) at Basic Prices","2002","Industry (excl. Construction)","Southern","Euro Million","16620.33"
"Gross Value Added (GVA) at Basic Prices","2002","Industry (excl. Construction)","Eastern and Midland","Euro Million","17540.05"
"Gross Value Added (GVA) at Basic Prices","2002","Industry (excl. Construction)","Ireland","Euro Million","39070.65"
"Gross Value Added (GVA) at Basic Prices","2002","Industry - of which Manufacturing","Northern and Western","Euro Million","4454.48"
"Gross Value Added (GVA) at Basic Prices","2002","Industry - of which Manufacturing","Southern","Euro Million","15722.13"
"Gross Value Added (GVA) at Basic Prices","2002","Industry - of which Manufacturing","Eastern and Midland","Euro Million","16196.17"
"Gross Value Added (GVA) at Basic Prices","2002","Industry - of which Manufacturing","Ireland","Euro Million","36372.79"
"Gross Value Added (GVA) at Basic Prices","2002","Construction","Northern and Western","Euro Million","1558.26"
"Gross Value Added (GVA) at Basic Prices","2002","Construction","Southern","Euro Million","2568.36"
"Gross Value Added (GVA) at Basic Prices","2002","Construction","Eastern and Midland","Euro Million","4545.13"
"Gross Value Added (GVA) at Basic Prices","2002","Construction","Ireland","Euro Million","8671.76"
"Gross Value Added (GVA) at Basic Prices","2002","Distribution, Transport, Hotels and Restaurants","Northern and Western","Euro Million","1927.54"
"Gross Value Added (GVA) at Basic Prices","2002","Distribution, Transport, Hotels and Restaurants","Southern","Euro Million","5796.7"
"Gross Value Added (GVA) at Basic Prices","2002","Distribution, Transport, Hotels and Restaurants","Eastern and Midland","Euro Million","10320.61"
"Gross Value Added (GVA) at Basic Prices","2002","Distribution, Transport, Hotels and Restaurants","Ireland","Euro Million","18044.84"
"Gross Value Added (GVA) at Basic Prices","2002","Information and Communication","Northern and Western","Euro Million","498.68"
"Gross Value Added (GVA) at Basic Prices","2002","Information and Communication","Southern","Euro Million","855.71"
"Gross Value Added (GVA) at Basic Prices","2002","Information and Communication","Eastern and Midland","Euro Million","6430.31"
"Gross Value Added (GVA) at Basic Prices","2002","Information and Communication","Ireland","Euro Million","7784.7"
"Gross Value Added (GVA) at Basic Prices","2002","Financial and Insurance Activities","Northern and Western","Euro Million","589.79"
"Gross Value Added (GVA) at Basic Prices","2002","Financial and Insurance Activities","Southern","Euro Million","1334.76"
"Gross Value Added (GVA) at Basic Prices","2002","Financial and Insurance Activities","Eastern and Midland","Euro Million","6942.31"
"Gross Value Added (GVA) at Basic Prices","2002","Financial and Insurance Activities","Ireland","Euro Million","8866.87"
"Gross Value Added (GVA) at Basic Prices","2002","Real Estate Activities","Northern and Western","Euro Million","791.4"
"Gross Value Added (GVA) at Basic Prices","2002","Real Estate Activities","Southern","Euro Million","1755.88"
"Gross Value Added (GVA) at Basic Prices","2002","Real Estate Activities","Eastern and Midland","Euro Million","6717.43"
"Gross Value Added (GVA) at Basic Prices","2002","Real Estate Activities","Ireland","Euro Million","9264.71"
"Gross Value Added (GVA) at Basic Prices","2002","Professional, Admin and Support Services","Northern and Western","Euro Million","566.81"
"Gross Value Added (GVA) at Basic Prices","2002","Professional, Admin and Support Services","Southern","Euro Million","1654.74"
"Gross Value Added (GVA) at Basic Prices","2002","Professional, Admin and Support Services","Eastern and Midland","Euro Million","4829.6"
"Gross Value Added (GVA) at Basic Prices","2002","Professional, Admin and Support Services","Ireland","Euro Million","7051.15"
"Gross Value Added (GVA) at Basic Prices","2002","Public Admin, Education and Health","Northern and Western","Euro Million","2869.27"
"Gross Value Added (GVA) at Basic Prices","2002","Public Admin, Education and Health","Southern","Euro Million","5292.93"
"Gross Value Added (GVA) at Basic Prices","2002","Public Admin, Education and Health","Eastern and Midland","Euro Million","8699.37"
"Gross Value Added (GVA) at Basic Prices","2002","Public Admin, Education and Health","Ireland","Euro Million","16861.57"
"Gross Value Added (GVA) at Basic Prices","2002","Arts, Entertainment and Other Services","Northern and Western","Euro Million","299.96"
"Gross Value Added (GVA) at Basic Prices","2002","Arts, Entertainment and Other Services","Southern","Euro Million","668.66"
"Gross Value Added (GVA) at Basic Prices","2002","Arts, Entertainment and Other Services","Eastern and Midland","Euro Million","1659.79"
"Gross Value Added (GVA) at Basic Prices","2002","Arts, Entertainment and Other Services","Ireland","Euro Million","2628.41"
"Gross Value Added (GVA) at Basic Prices","2002","All Sectors","Northern and Western","Euro Million","14511.97"
"Gross Value Added (GVA) at Basic Prices","2002","All Sectors","Southern","Euro Million","37867.62"
"Gross Value Added (GVA) at Basic Prices","2002","All Sectors","Eastern and Midland","Euro Million","68225.03"
"Gross Value Added (GVA) at Basic Prices","2002","All Sectors","Ireland","Euro Million","120604.62"
"Gross Value Added (GVA) at Basic Prices","2003","Agriculture, Forestry and Fishing","Northern and Western","Euro Million","456.68"
"Gross Value Added (GVA) at Basic Prices","2003","Agriculture, Forestry and Fishing","Southern","Euro Million","1204.29"
"Gross Value Added (GVA) at Basic Prices","2003","Agriculture, Forestry and Fishing","Eastern and Midland","Euro Million","493.57"
"Gross Value Added (GVA) at Basic Prices","2003","Agriculture, Forestry and Fishing","Ireland","Euro Million","2154.54"
"Gross Value Added (GVA) at Basic Prices","2003","Industry (excl. Construction)","Northern and Western","Euro Million","4652.28"
"Gross Value Added (GVA) at Basic Prices","2003","Industry (excl. Construction)","Southern","Euro Million","15720.34"
"Gross Value Added (GVA) at Basic Prices","2003","Industry (excl. Construction)","Eastern and Midland","Euro Million","16655.87"
"Gross Value Added (GVA) at Basic Prices","2003","Industry (excl. Construction)","Ireland","Euro Million","37028.5"
"Gross Value Added (GVA) at Basic Prices","2003","Industry - of which Manufacturing","Northern and Western","Euro Million","4172.53"
"Gross Value Added (GVA) at Basic Prices","2003","Industry - of which Manufacturing","Southern","Euro Million","14673.28"
"Gross Value Added (GVA) at Basic Prices","2003","Industry - of which Manufacturing","Eastern and Midland","Euro Million","15158.89"
"Gross Value Added (GVA) at Basic Prices","2003","Industry - of which Manufacturing","Ireland","Euro Million","34004.69"
"Gross Value Added (GVA) at Basic Prices","2003","Construction","Northern and Western","Euro Million","1787.81"
"Gross Value Added (GVA) at Basic Prices","2003","Construction","Southern","Euro Million","2907.83"
"Gross Value Added (GVA) at Basic Prices","2003","Construction","Eastern and Midland","Euro Million","5237.49"
"Gross Value Added (GVA) at Basic Prices","2003","Construction","Ireland","Euro Million","9933.13"
"Gross Value Added (GVA) at Basic Prices","2003","Distribution, Transport, Hotels and Restaurants","Northern and Western","Euro Million","2157.95"
"Gross Value Added (GVA) at Basic Prices","2003","Distribution, Transport, Hotels and Restaurants","Southern","Euro Million","6528.25"
"Gross Value Added (GVA) at Basic Prices","2003","Distribution, Transport, Hotels and Restaurants","Eastern and Midland","Euro Million","11577.7"
"Gross Value Added (GVA) at Basic Prices","2003","Distribution, Transport, Hotels and Restaurants","Ireland","Euro Million","20263.9"
"Gross Value Added (GVA) at Basic Prices","2003","Information and Communication","Northern and Western","Euro Million","533.72"
"Gross Value Added (GVA) at Basic Prices","2003","Information and Communication","Southern","Euro Million","883.77"
"Gross Value Added (GVA) at Basic Prices","2003","Information and Communication","Eastern and Midland","Euro Million","7020.85"
"Gross Value Added (GVA) at Basic Prices","2003","Information and Communication","Ireland","Euro Million","8438.34"
"Gross Value Added (GVA) at Basic Prices","2003","Financial and Insurance Activities","Northern and Western","Euro Million","754.14"
"Gross Value Added (GVA) at Basic Prices","2003","Financial and Insurance Activities","Southern","Euro Million","1654.78"
"Gross Value Added (GVA) at Basic Prices","2003","Financial and Insurance Activities","Eastern and Midland","Euro Million","9035.28"
"Gross Value Added (GVA) at Basic Prices","2003","Financial and Insurance Activities","Ireland","Euro Million","11444.2"
"Gross Value Added (GVA) at Basic Prices","2003","Real Estate Activities","Northern and Western","Euro Million","823.22"
"Gross Value Added (GVA) at Basic Prices","2003","Real Estate Activities","Southern","Euro Million","1823.91"
"Gross Value Added (GVA) at Basic Prices","2003","Real Estate Activities","Eastern and Midland","Euro Million","6995.36"
"Gross Value Added (GVA) at Basic Prices","2003","Real Estate Activities","Ireland","Euro Million","9642.48"
"Gross Value Added (GVA) at Basic Prices","2003","Professional, Admin and Support Services","Northern and Western","Euro Million","649.48"
"Gross Value Added (GVA) at Basic Prices","2003","Professional, Admin and Support Services","Southern","Euro Million","1911.54"
"Gross Value Added (GVA) at Basic Prices","2003","Professional, Admin and Support Services","Eastern and Midland","Euro Million","5610.11"
"Gross Value Added (GVA) at Basic Prices","2003","Professional, Admin and Support Services","Ireland","Euro Million","8171.12"
"Gross Value Added (GVA) at Basic Prices","2003","Public Admin, Education and Health","Northern and Western","Euro Million","3161.83"
"Gross Value Added (GVA) at Basic Prices","2003","Public Admin, Education and Health","Southern","Euro Million","6008.12"
"Gross Value Added (GVA) at Basic Prices","2003","Public Admin, Education and Health","Eastern and Midland","Euro Million","9862.74"
"Gross Value Added (GVA) at Basic Prices","2003","Public Admin, Education and Health","Ireland","Euro Million","19032.69"
"Gross Value Added (GVA) at Basic Prices","2003","Arts, Entertainment and Other Services","Northern and Western","Euro Million","334.25"
"Gross Value Added (GVA) at Basic Prices","2003","Arts, Entertainment and Other Services","Southern","Euro Million","725.4"
"Gross Value Added (GVA) at Basic Prices","2003","Arts, Entertainment and Other Services","Eastern and Midland","Euro Million","1818.34"
"Gross Value Added (GVA) at Basic Prices","2003","Arts, Entertainment and Other Services","Ireland","Euro Million","2877.99"
"Gross Value Added (GVA) at Basic Prices","2003","All Sectors","Northern and Western","Euro Million","15311.35"
"Gross Value Added (GVA) at Basic Prices","2003","All Sectors","Southern","Euro Million","39368.23"
"Gross Value Added (GVA) at Basic Prices","2003","All Sectors","Eastern and Midland","Euro Million","74307.31"
"Gross Value Added (GVA) at Basic Prices","2003","All Sectors","Ireland","Euro Million","128986.9"
"Gross Value Added (GVA) at Basic Prices","2004","Agriculture, Forestry and Fishing","Northern and Western","Euro Million","521.28"
"Gross Value Added (GVA) at Basic Prices","2004","Agriculture, Forestry and Fishing","Southern","Euro Million","1374.62"
"Gross Value Added (GVA) at Basic Prices","2004","Agriculture, Forestry and Fishing","Eastern and Midland","Euro Million","563.76"
"Gross Value Added (GVA) at Basic Prices","2004","Agriculture, Forestry and Fishing","Ireland","Euro Million","2459.67"
"Gross Value Added (GVA) at Basic Prices","2004","Industry (excl. Construction)","Northern and Western","Euro Million","4650.05"
"Gross Value Added (GVA) at Basic Prices","2004","Industry (excl. Construction)","Southern","Euro Million","15463.99"
"Gross Value Added (GVA) at Basic Prices","2004","Industry (excl. Construction)","Eastern and Midland","Euro Million","16013.93"
"Gross Value Added (GVA) at Basic Prices","2004","Industry (excl. Construction)","Ireland","Euro Million","36127.97"
"Gross Value Added (GVA) at Basic Prices","2004","Industry - of which Manufacturing","Northern and Western","Euro Million","4162.67"
"Gross Value Added (GVA) at Basic Prices","2004","Industry - of which Manufacturing","Southern","Euro Million","14381.13"
"Gross Value Added (GVA) at Basic Prices","2004","Industry - of which Manufacturing","Eastern and Midland","Euro Million","14469.81"
"Gross Value Added (GVA) at Basic Prices","2004","Industry - of which Manufacturing","Ireland","Euro Million","33013.61"
"Gross Value Added (GVA) at Basic Prices","2004","Construction","Northern and Western","Euro Million","2142.35"
"Gross Value Added (GVA) at Basic Prices","2004","Construction","Southern","Euro Million","3485.04"
"Gross Value Added (GVA) at Basic Prices","2004","Construction","Eastern and Midland","Euro Million","6319.73"
"Gross Value Added (GVA) at Basic Prices","2004","Construction","Ireland","Euro Million","11947.11"
"Gross Value Added (GVA) at Basic Prices","2004","Distribution, Transport, Hotels and Restaurants","Northern and Western","Euro Million","2260.93"
"Gross Value Added (GVA) at Basic Prices","2004","Distribution, Transport, Hotels and Restaurants","Southern","Euro Million","6825.76"
"Gross Value Added (GVA) at Basic Prices","2004","Distribution, Transport, Hotels and Restaurants","Eastern and Midland","Euro Million","12227.04"
"Gross Value Added (GVA) at Basic Prices","2004","Distribution, Transport, Hotels and Restaurants","Ireland","Euro Million","21313.74"
"Gross Value Added (GVA) at Basic Prices","2004","Information and Communication","Northern and Western","Euro Million","594.39"
"Gross Value Added (GVA) at Basic Prices","2004","Information and Communication","Southern","Euro Million","944.96"
"Gross Value Added (GVA) at Basic Prices","2004","Information and Communication","Eastern and Midland","Euro Million","7956.03"
"Gross Value Added (GVA) at Basic Prices","2004","Information and Communication","Ireland","Euro Million","9495.38"
"Gross Value Added (GVA) at Basic Prices","2004","Financial and Insurance Activities","Northern and Western","Euro Million","837.15"
"Gross Value Added (GVA) at Basic Prices","2004","Financial and Insurance Activities","Southern","Euro Million","1822.34"
"Gross Value Added (GVA) at Basic Prices","2004","Financial and Insurance Activities","Eastern and Midland","Euro Million","10170.28"
"Gross Value Added (GVA) at Basic Prices","2004","Financial and Insurance Activities","Ireland","Euro Million","12829.77"
"Gross Value Added (GVA) at Basic Prices","2004","Real Estate Activities","Northern and Western","Euro Million","839.7"
"Gross Value Added (GVA) at Basic Prices","2004","Real Estate Activities","Southern","Euro Million","1857.51"
"Gross Value Added (GVA) at Basic Prices","2004","Real Estate Activities","Eastern and Midland","Euro Million","7038.21"
"Gross Value Added (GVA) at Basic Prices","2004","Real Estate Activities","Ireland","Euro Million","9735.42"
"Gross Value Added (GVA) at Basic Prices","2004","Professional, Admin and Support Services","Northern and Western","Euro Million","737.94"
"Gross Value Added (GVA) at Basic Prices","2004","Professional, Admin and Support Services","Southern","Euro Million","2222.44"
"Gross Value Added (GVA) at Basic Prices","2004","Professional, Admin and Support Services","Eastern and Midland","Euro Million","6566.74"
"Gross Value Added (GVA) at Basic Prices","2004","Professional, Admin and Support Services","Ireland","Euro Million","9527.11"
"Gross Value Added (GVA) at Basic Prices","2004","Public Admin, Education and Health","Northern and Western","Euro Million","3515.27"
"Gross Value Added (GVA) at Basic Prices","2004","Public Admin, Education and Health","Southern","Euro Million","6599.36"
"Gross Value Added (GVA) at Basic Prices","2004","Public Admin, Education and Health","Eastern and Midland","Euro Million","10856.3"
"Gross Value Added (GVA) at Basic Prices","2004","Public Admin, Education and Health","Ireland","Euro Million","20970.92"
"Gross Value Added (GVA) at Basic Prices","2004","Arts, Entertainment and Other Services","Northern and Western","Euro Million","347.99"
"Gross Value Added (GVA) at Basic Prices","2004","Arts, Entertainment and Other Services","Southern","Euro Million","766.53"
"Gross Value Added (GVA) at Basic Prices","2004","Arts, Entertainment and Other Services","Eastern and Midland","Euro Million","1907.57"
"Gross Value Added (GVA) at Basic Prices","2004","Arts, Entertainment and Other Services","Ireland","Euro Million","3022.09"
"Gross Value Added (GVA) at Basic Prices","2004","All Sectors","Northern and Western","Euro Million","16447.04"
"Gross Value Added (GVA) at Basic Prices","2004","All Sectors","Southern","Euro Million","41362.55"
"Gross Value Added (GVA) at Basic Prices","2004","All Sectors","Eastern and Midland","Euro Million","79619.59"
"Gross Value Added (GVA) at Basic Prices","2004","All Sectors","Ireland","Euro Million","137429.18"
"Gross Value Added (GVA) at Basic Prices","2005","Agriculture, Forestry and Fishing","Northern and Western","Euro Million","372.68"
"Gross Value Added (GVA) at Basic Prices","2005","Agriculture, Forestry and Fishing","Southern","Euro Million","984.96"
"Gross Value Added (GVA) at Basic Prices","2005","Agriculture, Forestry and Fishing","Eastern and Midland","Euro Million","402.56"
"Gross Value Added (GVA) at Basic Prices","2005","Agriculture, Forestry and Fishing","Ireland","Euro Million","1760.2"
"Gross Value Added (GVA) at Basic Prices","2005","Industry (excl. Construction)","Northern and Western","Euro Million","4694.54"
"Gross Value Added (GVA) at Basic Prices","2005","Industry (excl. Construction)","Southern","Euro Million","15298.36"
"Gross Value Added (GVA) at Basic Prices","2005","Industry (excl. Construction)","Eastern and Midland","Euro Million","16535.35"
"Gross Value Added (GVA) at Basic Prices","2005","Industry (excl. Construction)","Ireland","Euro Million","36528.25"
"Gross Value Added (GVA) at Basic Prices","2005","Industry - of which Manufacturing","Northern and Western","Euro Million","4200.39"
"Gross Value Added (GVA) at Basic Prices","2005","Industry - of which Manufacturing","Southern","Euro Million","14208.46"
"Gross Value Added (GVA) at Basic Prices","2005","Industry - of which Manufacturing","Eastern and Midland","Euro Million","14957.79"
"Gross Value Added (GVA) at Basic Prices","2005","Industry - of which Manufacturing","Ireland","Euro Million","33366.64"
"Gross Value Added (GVA) at Basic Prices","2005","Construction","Northern and Western","Euro Million","2698.18"
"Gross Value Added (GVA) at Basic Prices","2005","Construction","Southern","Euro Million","4270.42"
"Gross Value Added (GVA) at Basic Prices","2005","Construction","Eastern and Midland","Euro Million","7653.42"
"Gross Value Added (GVA) at Basic Prices","2005","Construction","Ireland","Euro Million","14622.02"
"Gross Value Added (GVA) at Basic Prices","2005","Distribution, Transport, Hotels and Restaurants","Northern and Western","Euro Million","2554.84"
"Gross Value Added (GVA) at Basic Prices","2005","Distribution, Transport, Hotels and Restaurants","Southern","Euro Million","7641.71"
"Gross Value Added (GVA) at Basic Prices","2005","Distribution, Transport, Hotels and Restaurants","Eastern and Midland","Euro Million","13484.34"
"Gross Value Added (GVA) at Basic Prices","2005","Distribution, Transport, Hotels and Restaurants","Ireland","Euro Million","23680.88"
"Gross Value Added (GVA) at Basic Prices","2005","Information and Communication","Northern and Western","Euro Million","645.54"
"Gross Value Added (GVA) at Basic Prices","2005","Information and Communication","Southern","Euro Million","1031.11"
"Gross Value Added (GVA) at Basic Prices","2005","Information and Communication","Eastern and Midland","Euro Million","8561.56"
"Gross Value Added (GVA) at Basic Prices","2005","Information and Communication","Ireland","Euro Million","10238.22"
"Gross Value Added (GVA) at Basic Prices","2005","Financial and Insurance Activities","Northern and Western","Euro Million","973.4"
"Gross Value Added (GVA) at Basic Prices","2005","Financial and Insurance Activities","Southern","Euro Million","2205.71"
"Gross Value Added (GVA) at Basic Prices","2005","Financial and Insurance Activities","Eastern and Midland","Euro Million","11425.21"
"Gross Value Added (GVA) at Basic Prices","2005","Financial and Insurance Activities","Ireland","Euro Million","14604.31"
"Gross Value Added (GVA) at Basic Prices","2005","Real Estate Activities","Northern and Western","Euro Million","867.77"
"Gross Value Added (GVA) at Basic Prices","2005","Real Estate Activities","Southern","Euro Million","1906.94"
"Gross Value Added (GVA) at Basic Prices","2005","Real Estate Activities","Eastern and Midland","Euro Million","7239.39"
"Gross Value Added (GVA) at Basic Prices","2005","Real Estate Activities","Ireland","Euro Million","10014.1"
"Gross Value Added (GVA) at Basic Prices","2005","Professional, Admin and Support Services","Northern and Western","Euro Million","948.98"
"Gross Value Added (GVA) at Basic Prices","2005","Professional, Admin and Support Services","Southern","Euro Million","2765.99"
"Gross Value Added (GVA) at Basic Prices","2005","Professional, Admin and Support Services","Eastern and Midland","Euro Million","8466.79"
"Gross Value Added (GVA) at Basic Prices","2005","Professional, Admin and Support Services","Ireland","Euro Million","12181.76"
"Gross Value Added (GVA) at Basic Prices","2005","Public Admin, Education and Health","Northern and Western","Euro Million","4022.66"
"Gross Value Added (GVA) at Basic Prices","2005","Public Admin, Education and Health","Southern","Euro Million","7094.1"
"Gross Value Added (GVA) at Basic Prices","2005","Public Admin, Education and Health","Eastern and Midland","Euro Million","11568.93"
"Gross Value Added (GVA) at Basic Prices","2005","Public Admin, Education and Health","Ireland","Euro Million","22685.68"
"Gross Value Added (GVA) at Basic Prices","2005","Arts, Entertainment and Other Services","Northern and Western","Euro Million","359.45"
"Gross Value Added (GVA) at Basic Prices","2005","Arts, Entertainment and Other Services","Southern","Euro Million","819.31"
"Gross Value Added (GVA) at Basic Prices","2005","Arts, Entertainment and Other Services","Eastern and Midland","Euro Million","2028.5"
"Gross Value Added (GVA) at Basic Prices","2005","Arts, Entertainment and Other Services","Ireland","Euro Million","3207.26"
"Gross Value Added (GVA) at Basic Prices","2005","All Sectors","Northern and Western","Euro Million","18138.04"
"Gross Value Added (GVA) at Basic Prices","2005","All Sectors","Southern","Euro Million","44018.6"
"Gross Value Added (GVA) at Basic Prices","2005","All Sectors","Eastern and Midland","Euro Million","87366.04"
"Gross Value Added (GVA) at Basic Prices","2005","All Sectors","Ireland","Euro Million","149522.68"
"Gross Value Added (GVA) at Basic Prices","2006","Agriculture, Forestry and Fishing","Northern and Western","Euro Million","361.5"
"Gross Value Added (GVA) at Basic Prices","2006","Agriculture, Forestry and Fishing","Southern","Euro Million","951.21"
"Gross Value Added (GVA) at Basic Prices","2006","Agriculture, Forestry and Fishing","Eastern and Midland","Euro Million","390.66"
"Gross Value Added (GVA) at Basic Prices","2006","Agriculture, Forestry and Fishing","Ireland","Euro Million","1703.36"
"Gross Value Added (GVA) at Basic Prices","2006","Industry (excl. Construction)","Northern and Western","Euro Million","4664.31"
"Gross Value Added (GVA) at Basic Prices","2006","Industry (excl. Construction)","Southern","Euro Million","16183.2"
"Gross Value Added (GVA) at Basic Prices","2006","Industry (excl. Construction)","Eastern and Midland","Euro Million","17410.99"
"Gross Value Added (GVA) at Basic Prices","2006","Industry (excl. Construction)","Ireland","Euro Million","38258.5"
"Gross Value Added (GVA) at Basic Prices","2006","Industry - of which Manufacturing","Northern and Western","Euro Million","4088.29"
"Gross Value Added (GVA) at Basic Prices","2006","Industry - of which Manufacturing","Southern","Euro Million","14816.98"
"Gross Value Added (GVA) at Basic Prices","2006","Industry - of which Manufacturing","Eastern and Midland","Euro Million","15439.33"
"Gross Value Added (GVA) at Basic Prices","2006","Industry - of which Manufacturing","Ireland","Euro Million","34344.6"
"Gross Value Added (GVA) at Basic Prices","2006","Construction","Northern and Western","Euro Million","3109.73"
"Gross Value Added (GVA) at Basic Prices","2006","Construction","Southern","Euro Million","4992.38"
"Gross Value Added (GVA) at Basic Prices","2006","Construction","Eastern and Midland","Euro Million","9262.88"
"Gross Value Added (GVA) at Basic Prices","2006","Construction","Ireland","Euro Million","17364.99"
"Gross Value Added (GVA) at Basic Prices","2006","Distribution, Transport, Hotels and Restaurants","Northern and Western","Euro Million","2799.24"
"Gross Value Added (GVA) at Basic Prices","2006","Distribution, Transport, Hotels and Restaurants","Southern","Euro Million","8461.61"
"Gross Value Added (GVA) at Basic Prices","2006","Distribution, Transport, Hotels and Restaurants","Eastern and Midland","Euro Million","14829.68"
"Gross Value Added (GVA) at Basic Prices","2006","Distribution, Transport, Hotels and Restaurants","Ireland","Euro Million","26090.53"
"Gross Value Added (GVA) at Basic Prices","2006","Information and Communication","Northern and Western","Euro Million","646.06"
"Gross Value Added (GVA) at Basic Prices","2006","Information and Communication","Southern","Euro Million","1085.8"
"Gross Value Added (GVA) at Basic Prices","2006","Information and Communication","Eastern and Midland","Euro Million","8563.02"
"Gross Value Added (GVA) at Basic Prices","2006","Information and Communication","Ireland","Euro Million","10294.88"
"Gross Value Added (GVA) at Basic Prices","2006","Financial and Insurance Activities","Northern and Western","Euro Million","1046.27"
"Gross Value Added (GVA) at Basic Prices","2006","Financial and Insurance Activities","Southern","Euro Million","2376.42"
"Gross Value Added (GVA) at Basic Prices","2006","Financial and Insurance Activities","Eastern and Midland","Euro Million","12446.78"
"Gross Value Added (GVA) at Basic Prices","2006","Financial and Insurance Activities","Ireland","Euro Million","15869.47"
"Gross Value Added (GVA) at Basic Prices","2006","Real Estate Activities","Northern and Western","Euro Million","941.35"
"Gross Value Added (GVA) at Basic Prices","2006","Real Estate Activities","Southern","Euro Million","2105.28"
"Gross Value Added (GVA) at Basic Prices","2006","Real Estate Activities","Eastern and Midland","Euro Million","8036.49"
"Gross Value Added (GVA) at Basic Prices","2006","Real Estate Activities","Ireland","Euro Million","11083.12"
"Gross Value Added (GVA) at Basic Prices","2006","Professional, Admin and Support Services","Northern and Western","Euro Million","1019.24"
"Gross Value Added (GVA) at Basic Prices","2006","Professional, Admin and Support Services","Southern","Euro Million","3096.8"
"Gross Value Added (GVA) at Basic Prices","2006","Professional, Admin and Support Services","Eastern and Midland","Euro Million","9272.29"
"Gross Value Added (GVA) at Basic Prices","2006","Professional, Admin and Support Services","Ireland","Euro Million","13388.33"
"Gross Value Added (GVA) at Basic Prices","2006","Public Admin, Education and Health","Northern and Western","Euro Million","3809.53"
"Gross Value Added (GVA) at Basic Prices","2006","Public Admin, Education and Health","Southern","Euro Million","7936.98"
"Gross Value Added (GVA) at Basic Prices","2006","Public Admin, Education and Health","Eastern and Midland","Euro Million","13110.74"
"Gross Value Added (GVA) at Basic Prices","2006","Public Admin, Education and Health","Ireland","Euro Million","24857.26"
"Gross Value Added (GVA) at Basic Prices","2006","Arts, Entertainment and Other Services","Northern and Western","Euro Million","454.61"
"Gross Value Added (GVA) at Basic Prices","2006","Arts, Entertainment and Other Services","Southern","Euro Million","932.94"
"Gross Value Added (GVA) at Basic Prices","2006","Arts, Entertainment and Other Services","Eastern and Midland","Euro Million","2280.09"
"Gross Value Added (GVA) at Basic Prices","2006","Arts, Entertainment and Other Services","Ireland","Euro Million","3667.63"
"Gross Value Added (GVA) at Basic Prices","2006","All Sectors","Northern and Western","Euro Million","18851.84"
"Gross Value Added (GVA) at Basic Prices","2006","All Sectors","Southern","Euro Million","48122.62"
"Gross Value Added (GVA) at Basic Prices","2006","All Sectors","Eastern and Midland","Euro Million","95603.62"
"Gross Value Added (GVA) at Basic Prices","2006","All Sectors","Ireland","Euro Million","162578.08"
"Gross Value Added (GVA) at Basic Prices","2007","Agriculture, Forestry and Fishing","Northern and Western","Euro Million","435.51"
"Gross Value Added (GVA) at Basic Prices","2007","Agriculture, Forestry and Fishing","Southern","Euro Million","1148.4"
"Gross Value Added (GVA) at Basic Prices","2007","Agriculture, Forestry and Fishing","Eastern and Midland","Euro Million","471.97"
"Gross Value Added (GVA) at Basic Prices","2007","Agriculture, Forestry and Fishing","Ireland","Euro Million","2055.87"
"Gross Value Added (GVA) at Basic Prices","2007","Industry (excl. Construction)","Northern and Western","Euro Million","5513.22"
"Gross Value Added (GVA) at Basic Prices","2007","Industry (excl. Construction)","Southern","Euro Million","17599.24"
"Gross Value Added (GVA) at Basic Prices","2007","Industry (excl. Construction)","Eastern and Midland","Euro Million","17042.6"
"Gross Value Added (GVA) at Basic Prices","2007","Industry (excl. Construction)","Ireland","Euro Million","40155.06"
"Gross Value Added (GVA) at Basic Prices","2007","Industry - of which Manufacturing","Northern and Western","Euro Million","4809.19"
"Gross Value Added (GVA) at Basic Prices","2007","Industry - of which Manufacturing","Southern","Euro Million","15820.72"
"Gross Value Added (GVA) at Basic Prices","2007","Industry - of which Manufacturing","Eastern and Midland","Euro Million","14788.86"
"Gross Value Added (GVA) at Basic Prices","2007","Industry - of which Manufacturing","Ireland","Euro Million","35418.77"
"Gross Value Added (GVA) at Basic Prices","2007","Construction","Northern and Western","Euro Million","2793.19"
"Gross Value Added (GVA) at Basic Prices","2007","Construction","Southern","Euro Million","4872.88"
"Gross Value Added (GVA) at Basic Prices","2007","Construction","Eastern and Midland","Euro Million","8396.02"
"Gross Value Added (GVA) at Basic Prices","2007","Construction","Ireland","Euro Million","16062.08"
"Gross Value Added (GVA) at Basic Prices","2007","Distribution, Transport, Hotels and Restaurants","Northern and Western","Euro Million","3064.81"
"Gross Value Added (GVA) at Basic Prices","2007","Distribution, Transport, Hotels and Restaurants","Southern","Euro Million","9073.29"
"Gross Value Added (GVA) at Basic Prices","2007","Distribution, Transport, Hotels and Restaurants","Eastern and Midland","Euro Million","16726.03"
"Gross Value Added (GVA) at Basic Prices","2007","Distribution, Transport, Hotels and Restaurants","Ireland","Euro Million","28864.13"
"Gross Value Added (GVA) at Basic Prices","2007","Information and Communication","Northern and Western","Euro Million","715.47"
"Gross Value Added (GVA) at Basic Prices","2007","Information and Communication","Southern","Euro Million","1155.58"
"Gross Value Added (GVA) at Basic Prices","2007","Information and Communication","Eastern and Midland","Euro Million","9511.05"
"Gross Value Added (GVA) at Basic Prices","2007","Information and Communication","Ireland","Euro Million","11382.11"
"Gross Value Added (GVA) at Basic Prices","2007","Financial and Insurance Activities","Northern and Western","Euro Million","1100.61"
"Gross Value Added (GVA) at Basic Prices","2007","Financial and Insurance Activities","Southern","Euro Million","2365.57"
"Gross Value Added (GVA) at Basic Prices","2007","Financial and Insurance Activities","Eastern and Midland","Euro Million","13940.71"
"Gross Value Added (GVA) at Basic Prices","2007","Financial and Insurance Activities","Ireland","Euro Million","17406.89"
"Gross Value Added (GVA) at Basic Prices","2007","Real Estate Activities","Northern and Western","Euro Million","1080.12"
"Gross Value Added (GVA) at Basic Prices","2007","Real Estate Activities","Southern","Euro Million","2422.79"
"Gross Value Added (GVA) at Basic Prices","2007","Real Estate Activities","Eastern and Midland","Euro Million","9381.33"
"Gross Value Added (GVA) at Basic Prices","2007","Real Estate Activities","Ireland","Euro Million","12884.24"
"Gross Value Added (GVA) at Basic Prices","2007","Professional, Admin and Support Services","Northern and Western","Euro Million","1061.42"
"Gross Value Added (GVA) at Basic Prices","2007","Professional, Admin and Support Services","Southern","Euro Million","3447.04"
"Gross Value Added (GVA) at Basic Prices","2007","Professional, Admin and Support Services","Eastern and Midland","Euro Million","10419.76"
"Gross Value Added (GVA) at Basic Prices","2007","Professional, Admin and Support Services","Ireland","Euro Million","14928.22"
"Gross Value Added (GVA) at Basic Prices","2007","Public Admin, Education and Health","Northern and Western","Euro Million","4652.46"
"Gross Value Added (GVA) at Basic Prices","2007","Public Admin, Education and Health","Southern","Euro Million","8562.38"
"Gross Value Added (GVA) at Basic Prices","2007","Public Admin, Education and Health","Eastern and Midland","Euro Million","14031.47"
"Gross Value Added (GVA) at Basic Prices","2007","Public Admin, Education and Health","Ireland","Euro Million","27246.3"
"Gross Value Added (GVA) at Basic Prices","2007","Arts, Entertainment and Other Services","Northern and Western","Euro Million","434.69"
"Gross Value Added (GVA) at Basic Prices","2007","Arts, Entertainment and Other Services","Southern","Euro Million","1052.47"
"Gross Value Added (GVA) at Basic Prices","2007","Arts, Entertainment and Other Services","Eastern and Midland","Euro Million","2593.87"
"Gross Value Added (GVA) at Basic Prices","2007","Arts, Entertainment and Other Services","Ireland","Euro Million","4081.02"
"Gross Value Added (GVA) at Basic Prices","2007","All Sectors","Northern and Western","Euro Million","20851.5"
"Gross Value Added (GVA) at Basic Prices","2007","All Sectors","Southern","Euro Million","51699.62"
"Gross Value Added (GVA) at Basic Prices","2007","All Sectors","Eastern and Midland","Euro Million","102514.81"
"Gross Value Added (GVA) at Basic Prices","2007","All Sectors","Ireland","Euro Million","175065.93"
"Gross Value Added (GVA) at Basic Prices","2008","Agriculture, Forestry and Fishing","Northern and Western","Euro Million","336.11"
"Gross Value Added (GVA) at Basic Prices","2008","Agriculture, Forestry and Fishing","Southern","Euro Million","894.12"
"Gross Value Added (GVA) at Basic Prices","2008","Agriculture, Forestry and Fishing","Eastern and Midland","Euro Million","361.74"
"Gross Value Added (GVA) at Basic Prices","2008","Agriculture, Forestry and Fishing","Ireland","Euro Million","1591.96"
"Gross Value Added (GVA) at Basic Prices","2008","Industry (excl. Construction)","Northern and Western","Euro Million","4586.16"
"Gross Value Added (GVA) at Basic Prices","2008","Industry (excl. Construction)","Southern","Euro Million","15107.91"
"Gross Value Added (GVA) at Basic Prices","2008","Industry (excl. Construction)","Eastern and Midland","Euro Million","17810.85"
"Gross Value Added (GVA) at Basic Prices","2008","Industry (excl. Construction)","Ireland","Euro Million","37504.91"
"Gross Value Added (GVA) at Basic Prices","2008","Industry - of which Manufacturing","Northern and Western","Euro Million","3919.41"
"Gross Value Added (GVA) at Basic Prices","2008","Industry - of which Manufacturing","Southern","Euro Million","13487.27"
"Gross Value Added (GVA) at Basic Prices","2008","Industry - of which Manufacturing","Eastern and Midland","Euro Million","15478.47"
"Gross Value Added (GVA) at Basic Prices","2008","Industry - of which Manufacturing","Ireland","Euro Million","32885.15"
"Gross Value Added (GVA) at Basic Prices","2008","Construction","Northern and Western","Euro Million","2320.23"
"Gross Value Added (GVA) at Basic Prices","2008","Construction","Southern","Euro Million","3667.27"
"Gross Value Added (GVA) at Basic Prices","2008","Construction","Eastern and Midland","Euro Million","5061.73"
"Gross Value Added (GVA) at Basic Prices","2008","Construction","Ireland","Euro Million","11049.23"
"Gross Value Added (GVA) at Basic Prices","2008","Distribution, Transport, Hotels and Restaurants","Northern and Western","Euro Million","3044.29"
"Gross Value Added (GVA) at Basic Prices","2008","Distribution, Transport, Hotels and Restaurants","Southern","Euro Million","8755.09"
"Gross Value Added (GVA) at Basic Prices","2008","Distribution, Transport, Hotels and Restaurants","Eastern and Midland","Euro Million","15454.11"
"Gross Value Added (GVA) at Basic Prices","2008","Distribution, Transport, Hotels and Restaurants","Ireland","Euro Million","27253.49"
"Gross Value Added (GVA) at Basic Prices","2008","Information and Communication","Northern and Western","Euro Million","874.12"
"Gross Value Added (GVA) at Basic Prices","2008","Information and Communication","Southern","Euro Million","1214.62"
"Gross Value Added (GVA) at Basic Prices","2008","Information and Communication","Eastern and Midland","Euro Million","10663.02"
"Gross Value Added (GVA) at Basic Prices","2008","Information and Communication","Ireland","Euro Million","12751.76"
"Gross Value Added (GVA) at Basic Prices","2008","Financial and Insurance Activities","Northern and Western","Euro Million","1182.2"
"Gross Value Added (GVA) at Basic Prices","2008","Financial and Insurance Activities","Southern","Euro Million","2470.8"
"Gross Value Added (GVA) at Basic Prices","2008","Financial and Insurance Activities","Eastern and Midland","Euro Million","12768.13"
"Gross Value Added (GVA) at Basic Prices","2008","Financial and Insurance Activities","Ireland","Euro Million","16421.14"
"Gross Value Added (GVA) at Basic Prices","2008","Real Estate Activities","Northern and Western","Euro Million","1120.53"
"Gross Value Added (GVA) at Basic Prices","2008","Real Estate Activities","Southern","Euro Million","2406.42"
"Gross Value Added (GVA) at Basic Prices","2008","Real Estate Activities","Eastern and Midland","Euro Million","9262.6"
"Gross Value Added (GVA) at Basic Prices","2008","Real Estate Activities","Ireland","Euro Million","12789.54"
"Gross Value Added (GVA) at Basic Prices","2008","Professional, Admin and Support Services","Northern and Western","Euro Million","1204.18"
"Gross Value Added (GVA) at Basic Prices","2008","Professional, Admin and Support Services","Southern","Euro Million","3178.59"
"Gross Value Added (GVA) at Basic Prices","2008","Professional, Admin and Support Services","Eastern and Midland","Euro Million","10105.09"
"Gross Value Added (GVA) at Basic Prices","2008","Professional, Admin and Support Services","Ireland","Euro Million","14487.87"
"Gross Value Added (GVA) at Basic Prices","2008","Public Admin, Education and Health","Northern and Western","Euro Million","5088.46"
"Gross Value Added (GVA) at Basic Prices","2008","Public Admin, Education and Health","Southern","Euro Million","8710.02"
"Gross Value Added (GVA) at Basic Prices","2008","Public Admin, Education and Health","Eastern and Midland","Euro Million","15738.21"
"Gross Value Added (GVA) at Basic Prices","2008","Public Admin, Education and Health","Ireland","Euro Million","29536.69"
"Gross Value Added (GVA) at Basic Prices","2008","Arts, Entertainment and Other Services","Northern and Western","Euro Million","438.77"
"Gross Value Added (GVA) at Basic Prices","2008","Arts, Entertainment and Other Services","Southern","Euro Million","987.48"
"Gross Value Added (GVA) at Basic Prices","2008","Arts, Entertainment and Other Services","Eastern and Midland","Euro Million","2522.12"
"Gross Value Added (GVA) at Basic Prices","2008","Arts, Entertainment and Other Services","Ireland","Euro Million","3948.36"
"Gross Value Added (GVA) at Basic Prices","2008","All Sectors","Northern and Western","Euro Million","20195.04"
"Gross Value Added (GVA) at Basic Prices","2008","All Sectors","Southern","Euro Million","47392.33"
"Gross Value Added (GVA) at Basic Prices","2008","All Sectors","Eastern and Midland","Euro Million","99747.58"
"Gross Value Added (GVA) at Basic Prices","2008","All Sectors","Ireland","Euro Million","167334.95"
"Gross Value Added (GVA) at Basic Prices","2009","Agriculture, Forestry and Fishing","Northern and Western","Euro Million","202.09"
"Gross Value Added (GVA) at Basic Prices","2009","Agriculture, Forestry and Fishing","Southern","Euro Million","525.06"
"Gross Value Added (GVA) at Basic Prices","2009","Agriculture, Forestry and Fishing","Eastern and Midland","Euro Million","218.69"
"Gross Value Added (GVA) at Basic Prices","2009","Agriculture, Forestry and Fishing","Ireland","Euro Million","945.85"
"Gross Value Added (GVA) at Basic Prices","2009","Industry (excl. Construction)","Northern and Western","Euro Million","3939.14"
"Gross Value Added (GVA) at Basic Prices","2009","Industry (excl. Construction)","Southern","Euro Million","17489.41"
"Gross Value Added (GVA) at Basic Prices","2009","Industry (excl. Construction)","Eastern and Midland","Euro Million","17817.94"
"Gross Value Added (GVA) at Basic Prices","2009","Industry (excl. Construction)","Ireland","Euro Million","39246.48"
"Gross Value Added (GVA) at Basic Prices","2009","Industry - of which Manufacturing","Northern and Western","Euro Million","3340.74"
"Gross Value Added (GVA) at Basic Prices","2009","Industry - of which Manufacturing","Southern","Euro Million","15777.05"
"Gross Value Added (GVA) at Basic Prices","2009","Industry - of which Manufacturing","Eastern and Midland","Euro Million","15445.05"
"Gross Value Added (GVA) at Basic Prices","2009","Industry - of which Manufacturing","Ireland","Euro Million","34562.85"
"Gross Value Added (GVA) at Basic Prices","2009","Construction","Northern and Western","Euro Million","654.39"
"Gross Value Added (GVA) at Basic Prices","2009","Construction","Southern","Euro Million","1639.49"
"Gross Value Added (GVA) at Basic Prices","2009","Construction","Eastern and Midland","Euro Million","1876.61"
"Gross Value Added (GVA) at Basic Prices","2009","Construction","Ireland","Euro Million","4170.49"
"Gross Value Added (GVA) at Basic Prices","2009","Distribution, Transport, Hotels and Restaurants","Northern and Western","Euro Million","2657.02"
"Gross Value Added (GVA) at Basic Prices","2009","Distribution, Transport, Hotels and Restaurants","Southern","Euro Million","7920.02"
"Gross Value Added (GVA) at Basic Prices","2009","Distribution, Transport, Hotels and Restaurants","Eastern and Midland","Euro Million","14062.37"
"Gross Value Added (GVA) at Basic Prices","2009","Distribution, Transport, Hotels and Restaurants","Ireland","Euro Million","24639.42"
"Gross Value Added (GVA) at Basic Prices","2009","Information and Communication","Northern and Western","Euro Million","682.32"
"Gross Value Added (GVA) at Basic Prices","2009","Information and Communication","Southern","Euro Million","1278.64"
"Gross Value Added (GVA) at Basic Prices","2009","Information and Communication","Eastern and Midland","Euro Million","10791.48"
"Gross Value Added (GVA) at Basic Prices","2009","Information and Communication","Ireland","Euro Million","12752.43"
"Gross Value Added (GVA) at Basic Prices","2009","Financial and Insurance Activities","Northern and Western","Euro Million","1011.19"
"Gross Value Added (GVA) at Basic Prices","2009","Financial and Insurance Activities","Southern","Euro Million","2156.32"
"Gross Value Added (GVA) at Basic Prices","2009","Financial and Insurance Activities","Eastern and Midland","Euro Million","12876.17"
"Gross Value Added (GVA) at Basic Prices","2009","Financial and Insurance Activities","Ireland","Euro Million","16043.68"
"Gross Value Added (GVA) at Basic Prices","2009","Real Estate Activities","Northern and Western","Euro Million","775.41"
"Gross Value Added (GVA) at Basic Prices","2009","Real Estate Activities","Southern","Euro Million","1686.36"
"Gross Value Added (GVA) at Basic Prices","2009","Real Estate Activities","Eastern and Midland","Euro Million","5814.17"
"Gross Value Added (GVA) at Basic Prices","2009","Real Estate Activities","Ireland","Euro Million","8275.94"
"Gross Value Added (GVA) at Basic Prices","2009","Professional, Admin and Support Services","Northern and Western","Euro Million","943.1"
"Gross Value Added (GVA) at Basic Prices","2009","Professional, Admin and Support Services","Southern","Euro Million","3309"
"Gross Value Added (GVA) at Basic Prices","2009","Professional, Admin and Support Services","Eastern and Midland","Euro Million","8909.11"
"Gross Value Added (GVA) at Basic Prices","2009","Professional, Admin and Support Services","Ireland","Euro Million","13161.21"
"Gross Value Added (GVA) at Basic Prices","2009","Public Admin, Education and Health","Northern and Western","Euro Million","5364.66"
"Gross Value Added (GVA) at Basic Prices","2009","Public Admin, Education and Health","Southern","Euro Million","9321.99"
"Gross Value Added (GVA) at Basic Prices","2009","Public Admin, Education and Health","Eastern and Midland","Euro Million","14800.17"
"Gross Value Added (GVA) at Basic Prices","2009","Public Admin, Education and Health","Ireland","Euro Million","29486.82"
"Gross Value Added (GVA) at Basic Prices","2009","Arts, Entertainment and Other Services","Northern and Western","Euro Million","399.14"
"Gross Value Added (GVA) at Basic Prices","2009","Arts, Entertainment and Other Services","Southern","Euro Million","915.04"
"Gross Value Added (GVA) at Basic Prices","2009","Arts, Entertainment and Other Services","Eastern and Midland","Euro Million","2299.36"
"Gross Value Added (GVA) at Basic Prices","2009","Arts, Entertainment and Other Services","Ireland","Euro Million","3613.54"
"Gross Value Added (GVA) at Basic Prices","2009","All Sectors","Northern and Western","Euro Million","16628.47"
"Gross Value Added (GVA) at Basic Prices","2009","All Sectors","Southern","Euro Million","46241.32"
"Gross Value Added (GVA) at Basic Prices","2009","All Sectors","Eastern and Midland","Euro Million","89466.07"
"Gross Value Added (GVA) at Basic Prices","2009","All Sectors","Ireland","Euro Million","152335.86"
"Gross Value Added (GVA) at Basic Prices","2010","Agriculture, Forestry and Fishing","Northern and Western","Euro Million","336.32"
"Gross Value Added (GVA) at Basic Prices","2010","Agriculture, Forestry and Fishing","Southern","Euro Million","893.56"
"Gross Value Added (GVA) at Basic Prices","2010","Agriculture, Forestry and Fishing","Eastern and Midland","Euro Million","368.13"
"Gross Value Added (GVA) at Basic Prices","2010","Agriculture, Forestry and Fishing","Ireland","Euro Million","1598.01"
"Gross Value Added (GVA) at Basic Prices","2010","Industry (excl. Construction)","Northern and Western","Euro Million","6463.42"
"Gross Value Added (GVA) at Basic Prices","2010","Industry (excl. Construction)","Southern","Euro Million","17015.61"
"Gross Value Added (GVA) at Basic Prices","2010","Industry (excl. Construction)","Eastern and Midland","Euro Million","13246.94"
"Gross Value Added (GVA) at Basic Prices","2010","Industry (excl. Construction)","Ireland","Euro Million","36725.96"
"Gross Value Added (GVA) at Basic Prices","2010","Industry - of which Manufacturing","Northern and Western","Euro Million","5791.52"
"Gross Value Added (GVA) at Basic Prices","2010","Industry - of which Manufacturing","Southern","Euro Million","15355.24"
"Gross Value Added (GVA) at Basic Prices","2010","Industry - of which Manufacturing","Eastern and Midland","Euro Million","11482.65"
"Gross Value Added (GVA) at Basic Prices","2010","Industry - of which Manufacturing","Ireland","Euro Million","32629.4"
"Gross Value Added (GVA) at Basic Prices","2010","Construction","Northern and Western","Euro Million","343.15"
"Gross Value Added (GVA) at Basic Prices","2010","Construction","Southern","Euro Million","958.57"
"Gross Value Added (GVA) at Basic Prices","2010","Construction","Eastern and Midland","Euro Million","1040.6"
"Gross Value Added (GVA) at Basic Prices","2010","Construction","Ireland","Euro Million","2342.32"
"Gross Value Added (GVA) at Basic Prices","2010","Distribution, Transport, Hotels and Restaurants","Northern and Western","Euro Million","2653.6"
"Gross Value Added (GVA) at Basic Prices","2010","Distribution, Transport, Hotels and Restaurants","Southern","Euro Million","7400.76"
"Gross Value Added (GVA) at Basic Prices","2010","Distribution, Transport, Hotels and Restaurants","Eastern and Midland","Euro Million","14836.85"
"Gross Value Added (GVA) at Basic Prices","2010","Distribution, Transport, Hotels and Restaurants","Ireland","Euro Million","24891.21"
"Gross Value Added (GVA) at Basic Prices","2010","Information and Communication","Northern and Western","Euro Million","889.97"
"Gross Value Added (GVA) at Basic Prices","2010","Information and Communication","Southern","Euro Million","1428.66"
"Gross Value Added (GVA) at Basic Prices","2010","Information and Communication","Eastern and Midland","Euro Million","11689.7"
"Gross Value Added (GVA) at Basic Prices","2010","Information and Communication","Ireland","Euro Million","14008.33"
"Gross Value Added (GVA) at Basic Prices","2010","Financial and Insurance Activities","Northern and Western","Euro Million","1056.97"
"Gross Value Added (GVA) at Basic Prices","2010","Financial and Insurance Activities","Southern","Euro Million","2291.79"
"Gross Value Added (GVA) at Basic Prices","2010","Financial and Insurance Activities","Eastern and Midland","Euro Million","14130.45"
"Gross Value Added (GVA) at Basic Prices","2010","Financial and Insurance Activities","Ireland","Euro Million","17479.22"
"Gross Value Added (GVA) at Basic Prices","2010","Real Estate Activities","Northern and Western","Euro Million","876.8"
"Gross Value Added (GVA) at Basic Prices","2010","Real Estate Activities","Southern","Euro Million","1768.26"
"Gross Value Added (GVA) at Basic Prices","2010","Real Estate Activities","Eastern and Midland","Euro Million","7209.36"
"Gross Value Added (GVA) at Basic Prices","2010","Real Estate Activities","Ireland","Euro Million","9854.43"
"Gross Value Added (GVA) at Basic Prices","2010","Professional, Admin and Support Services","Northern and Western","Euro Million","801.99"
"Gross Value Added (GVA) at Basic Prices","2010","Professional, Admin and Support Services","Southern","Euro Million","3247.02"
"Gross Value Added (GVA) at Basic Prices","2010","Professional, Admin and Support Services","Eastern and Midland","Euro Million","9869.25"
"Gross Value Added (GVA) at Basic Prices","2010","Professional, Admin and Support Services","Ireland","Euro Million","13918.27"
"Gross Value Added (GVA) at Basic Prices","2010","Public Admin, Education and Health","Northern and Western","Euro Million","4160.38"
"Gross Value Added (GVA) at Basic Prices","2010","Public Admin, Education and Health","Southern","Euro Million","8400.01"
"Gross Value Added (GVA) at Basic Prices","2010","Public Admin, Education and Health","Eastern and Midland","Euro Million","15362.89"
"Gross Value Added (GVA) at Basic Prices","2010","Public Admin, Education and Health","Ireland","Euro Million","27923.28"
"Gross Value Added (GVA) at Basic Prices","2010","Arts, Entertainment and Other Services","Northern and Western","Euro Million","400.78"
"Gross Value Added (GVA) at Basic Prices","2010","Arts, Entertainment and Other Services","Southern","Euro Million","903.34"
"Gross Value Added (GVA) at Basic Prices","2010","Arts, Entertainment and Other Services","Eastern and Midland","Euro Million","2278.6"
"Gross Value Added (GVA) at Basic Prices","2010","Arts, Entertainment and Other Services","Ireland","Euro Million","3582.73"
"Gross Value Added (GVA) at Basic Prices","2010","All Sectors","Northern and Western","Euro Million","17983.39"
"Gross Value Added (GVA) at Basic Prices","2010","All Sectors","Southern","Euro Million","44307.58"
"Gross Value Added (GVA) at Basic Prices","2010","All Sectors","Eastern and Midland","Euro Million","90032.77"
"Gross Value Added (GVA) at Basic Prices","2010","All Sectors","Ireland","Euro Million","152323.74"
"Gross Value Added (GVA) at Basic Prices","2011","Agriculture, Forestry and Fishing","Northern and Western","Euro Million","436.64"
"Gross Value Added (GVA) at Basic Prices","2011","Agriculture, Forestry and Fishing","Southern","Euro Million","1187.52"
"Gross Value Added (GVA) at Basic Prices","2011","Agriculture, Forestry and Fishing","Eastern and Midland","Euro Million","461.61"
"Gross Value Added (GVA) at Basic Prices","2011","Agriculture, Forestry and Fishing","Ireland","Euro Million","2085.77"
"Gross Value Added (GVA) at Basic Prices","2011","Industry (excl. Construction)","Northern and Western","Euro Million","5243.35"
"Gross Value Added (GVA) at Basic Prices","2011","Industry (excl. Construction)","Southern","Euro Million","18167.18"
"Gross Value Added (GVA) at Basic Prices","2011","Industry (excl. Construction)","Eastern and Midland","Euro Million","16591.14"
"Gross Value Added (GVA) at Basic Prices","2011","Industry (excl. Construction)","Ireland","Euro Million","40001.67"
"Gross Value Added (GVA) at Basic Prices","2011","Industry - of which Manufacturing","Northern and Western","Euro Million","4677.52"
"Gross Value Added (GVA) at Basic Prices","2011","Industry - of which Manufacturing","Southern","Euro Million","16325.46"
"Gross Value Added (GVA) at Basic Prices","2011","Industry - of which Manufacturing","Eastern and Midland","Euro Million","14655.58"
"Gross Value Added (GVA) at Basic Prices","2011","Industry - of which Manufacturing","Ireland","Euro Million","35658.56"
"Gross Value Added (GVA) at Basic Prices","2011","Construction","Northern and Western","Euro Million","349.84"
"Gross Value Added (GVA) at Basic Prices","2011","Construction","Southern","Euro Million","799.38"
"Gross Value Added (GVA) at Basic Prices","2011","Construction","Eastern and Midland","Euro Million","920.73"
"Gross Value Added (GVA) at Basic Prices","2011","Construction","Ireland","Euro Million","2069.94"
"Gross Value Added (GVA) at Basic Prices","2011","Distribution, Transport, Hotels and Restaurants","Northern and Western","Euro Million","2724.96"
"Gross Value Added (GVA) at Basic Prices","2011","Distribution, Transport, Hotels and Restaurants","Southern","Euro Million","8134.39"
"Gross Value Added (GVA) at Basic Prices","2011","Distribution, Transport, Hotels and Restaurants","Eastern and Midland","Euro Million","15850.74"
"Gross Value Added (GVA) at Basic Prices","2011","Distribution, Transport, Hotels and Restaurants","Ireland","Euro Million","26710.09"
"Gross Value Added (GVA) at Basic Prices","2011","Information and Communication","Northern and Western","Euro Million","832.22"
"Gross Value Added (GVA) at Basic Prices","2011","Information and Communication","Southern","Euro Million","1340.61"
"Gross Value Added (GVA) at Basic Prices","2011","Information and Communication","Eastern and Midland","Euro Million","12140.44"
"Gross Value Added (GVA) at Basic Prices","2011","Information and Communication","Ireland","Euro Million","14313.26"
"Gross Value Added (GVA) at Basic Prices","2011","Financial and Insurance Activities","Northern and Western","Euro Million","949.87"
"Gross Value Added (GVA) at Basic Prices","2011","Financial and Insurance Activities","Southern","Euro Million","2296.05"
"Gross Value Added (GVA) at Basic Prices","2011","Financial and Insurance Activities","Eastern and Midland","Euro Million","12362.93"
"Gross Value Added (GVA) at Basic Prices","2011","Financial and Insurance Activities","Ireland","Euro Million","15608.84"
"Gross Value Added (GVA) at Basic Prices","2011","Real Estate Activities","Northern and Western","Euro Million","812.95"
"Gross Value Added (GVA) at Basic Prices","2011","Real Estate Activities","Southern","Euro Million","1911.81"
"Gross Value Added (GVA) at Basic Prices","2011","Real Estate Activities","Eastern and Midland","Euro Million","7555.7"
"Gross Value Added (GVA) at Basic Prices","2011","Real Estate Activities","Ireland","Euro Million","10280.46"
"Gross Value Added (GVA) at Basic Prices","2011","Professional, Admin and Support Services","Northern and Western","Euro Million","928.27"
"Gross Value Added (GVA) at Basic Prices","2011","Professional, Admin and Support Services","Southern","Euro Million","3680.45"
"Gross Value Added (GVA) at Basic Prices","2011","Professional, Admin and Support Services","Eastern and Midland","Euro Million","11135.16"
"Gross Value Added (GVA) at Basic Prices","2011","Professional, Admin and Support Services","Ireland","Euro Million","15743.89"
"Gross Value Added (GVA) at Basic Prices","2011","Public Admin, Education and Health","Northern and Western","Euro Million","4823.21"
"Gross Value Added (GVA) at Basic Prices","2011","Public Admin, Education and Health","Southern","Euro Million","8429.67"
"Gross Value Added (GVA) at Basic Prices","2011","Public Admin, Education and Health","Eastern and Midland","Euro Million","14824.13"
"Gross Value Added (GVA) at Basic Prices","2011","Public Admin, Education and Health","Ireland","Euro Million","28077.01"
"Gross Value Added (GVA) at Basic Prices","2011","Arts, Entertainment and Other Services","Northern and Western","Euro Million","366.39"
"Gross Value Added (GVA) at Basic Prices","2011","Arts, Entertainment and Other Services","Southern","Euro Million","880.91"
"Gross Value Added (GVA) at Basic Prices","2011","Arts, Entertainment and Other Services","Eastern and Midland","Euro Million","2140.54"
"Gross Value Added (GVA) at Basic Prices","2011","Arts, Entertainment and Other Services","Ireland","Euro Million","3387.84"
"Gross Value Added (GVA) at Basic Prices","2011","All Sectors","Northern and Western","Euro Million","17467.71"
"Gross Value Added (GVA) at Basic Prices","2011","All Sectors","Southern","Euro Million","46827.96"
"Gross Value Added (GVA) at Basic Prices","2011","All Sectors","Eastern and Midland","Euro Million","93983.11"
"Gross Value Added (GVA) at Basic Prices","2011","All Sectors","Ireland","Euro Million","158278.78"
"Gross Value Added (GVA) at Basic Prices","2012","Agriculture, Forestry and Fishing","Northern and Western","Euro Million","384.44"
"Gross Value Added (GVA) at Basic Prices","2012","Agriculture, Forestry and Fishing","Southern","Euro Million","935.58"
"Gross Value Added (GVA) at Basic Prices","2012","Agriculture, Forestry and Fishing","Eastern and Midland","Euro Million","421.98"
"Gross Value Added (GVA) at Basic Prices","2012","Agriculture, Forestry and Fishing","Ireland","Euro Million","1742"
"Gross Value Added (GVA) at Basic Prices","2012","Industry (excl. Construction)","Northern and Western","Euro Million","4289.91"
"Gross Value Added (GVA) at Basic Prices","2012","Industry (excl. Construction)","Southern","Euro Million","18030.71"
"Gross Value Added (GVA) at Basic Prices","2012","Industry (excl. Construction)","Eastern and Midland","Euro Million","17144.18"
"Gross Value Added (GVA) at Basic Prices","2012","Industry (excl. Construction)","Ireland","Euro Million","39464.8"
"Gross Value Added (GVA) at Basic Prices","2012","Industry - of which Manufacturing","Northern and Western","Euro Million","3765.25"
"Gross Value Added (GVA) at Basic Prices","2012","Industry - of which Manufacturing","Southern","Euro Million","16035.98"
"Gross Value Added (GVA) at Basic Prices","2012","Industry - of which Manufacturing","Eastern and Midland","Euro Million","14826.33"
"Gross Value Added (GVA) at Basic Prices","2012","Industry - of which Manufacturing","Ireland","Euro Million","34627.55"
"Gross Value Added (GVA) at Basic Prices","2012","Construction","Northern and Western","Euro Million","642.3"
"Gross Value Added (GVA) at Basic Prices","2012","Construction","Southern","Euro Million","1155.78"
"Gross Value Added (GVA) at Basic Prices","2012","Construction","Eastern and Midland","Euro Million","1239.33"
"Gross Value Added (GVA) at Basic Prices","2012","Construction","Ireland","Euro Million","3037.42"
"Gross Value Added (GVA) at Basic Prices","2012","Distribution, Transport, Hotels and Restaurants","Northern and Western","Euro Million","2912.68"
"Gross Value Added (GVA) at Basic Prices","2012","Distribution, Transport, Hotels and Restaurants","Southern","Euro Million","8861.23"
"Gross Value Added (GVA) at Basic Prices","2012","Distribution, Transport, Hotels and Restaurants","Eastern and Midland","Euro Million","15784.67"
"Gross Value Added (GVA) at Basic Prices","2012","Distribution, Transport, Hotels and Restaurants","Ireland","Euro Million","27558.58"
"Gross Value Added (GVA) at Basic Prices","2012","Information and Communication","Northern and Western","Euro Million","866.28"
"Gross Value Added (GVA) at Basic Prices","2012","Information and Communication","Southern","Euro Million","1293.64"
"Gross Value Added (GVA) at Basic Prices","2012","Information and Communication","Eastern and Midland","Euro Million","13603.26"
"Gross Value Added (GVA) at Basic Prices","2012","Information and Communication","Ireland","Euro Million","15763.18"
"Gross Value Added (GVA) at Basic Prices","2012","Financial and Insurance Activities","Northern and Western","Euro Million","875.93"
"Gross Value Added (GVA) at Basic Prices","2012","Financial and Insurance Activities","Southern","Euro Million","2290.9"
"Gross Value Added (GVA) at Basic Prices","2012","Financial and Insurance Activities","Eastern and Midland","Euro Million","11852.79"
"Gross Value Added (GVA) at Basic Prices","2012","Financial and Insurance Activities","Ireland","Euro Million","15019.62"
"Gross Value Added (GVA) at Basic Prices","2012","Real Estate Activities","Northern and Western","Euro Million","907.25"
"Gross Value Added (GVA) at Basic Prices","2012","Real Estate Activities","Southern","Euro Million","2057.56"
"Gross Value Added (GVA) at Basic Prices","2012","Real Estate Activities","Eastern and Midland","Euro Million","8357.13"
"Gross Value Added (GVA) at Basic Prices","2012","Real Estate Activities","Ireland","Euro Million","11321.94"
"Gross Value Added (GVA) at Basic Prices","2012","Professional, Admin and Support Services","Northern and Western","Euro Million","943.11"
"Gross Value Added (GVA) at Basic Prices","2012","Professional, Admin and Support Services","Southern","Euro Million","2989.67"
"Gross Value Added (GVA) at Basic Prices","2012","Professional, Admin and Support Services","Eastern and Midland","Euro Million","12124.97"
"Gross Value Added (GVA) at Basic Prices","2012","Professional, Admin and Support Services","Ireland","Euro Million","16057.75"
"Gross Value Added (GVA) at Basic Prices","2012","Public Admin, Education and Health","Northern and Western","Euro Million","4727.99"
"Gross Value Added (GVA) at Basic Prices","2012","Public Admin, Education and Health","Southern","Euro Million","8404.82"
"Gross Value Added (GVA) at Basic Prices","2012","Public Admin, Education and Health","Eastern and Midland","Euro Million","15069.68"
"Gross Value Added (GVA) at Basic Prices","2012","Public Admin, Education and Health","Ireland","Euro Million","28202.49"
"Gross Value Added (GVA) at Basic Prices","2012","Arts, Entertainment and Other Services","Northern and Western","Euro Million","351.57"
"Gross Value Added (GVA) at Basic Prices","2012","Arts, Entertainment and Other Services","Southern","Euro Million","851.12"
"Gross Value Added (GVA) at Basic Prices","2012","Arts, Entertainment and Other Services","Eastern and Midland","Euro Million","2089.37"
"Gross Value Added (GVA) at Basic Prices","2012","Arts, Entertainment and Other Services","Ireland","Euro Million","3292.06"
"Gross Value Added (GVA) at Basic Prices","2012","All Sectors","Northern and Western","Euro Million","16901.46"
"Gross Value Added (GVA) at Basic Prices","2012","All Sectors","Southern","Euro Million","46871.01"
"Gross Value Added (GVA) at Basic Prices","2012","All Sectors","Eastern and Midland","Euro Million","97687.36"
"Gross Value Added (GVA) at Basic Prices","2012","All Sectors","Ireland","Euro Million","161459.83"
"Gross Value Added (GVA) at Basic Prices","2013","Agriculture, Forestry and Fishing","Northern and Western","Euro Million","392.4"
"Gross Value Added (GVA) at Basic Prices","2013","Agriculture, Forestry and Fishing","Southern","Euro Million","1100.07"
"Gross Value Added (GVA) at Basic Prices","2013","Agriculture, Forestry and Fishing","Eastern and Midland","Euro Million","464.65"
"Gross Value Added (GVA) at Basic Prices","2013","Agriculture, Forestry and Fishing","Ireland","Euro Million","1957.13"
"Gross Value Added (GVA) at Basic Prices","2013","Industry (excl. Construction)","Northern and Western","Euro Million","4965.2"
"Gross Value Added (GVA) at Basic Prices","2013","Industry (excl. Construction)","Southern","Euro Million","15868.44"
"Gross Value Added (GVA) at Basic Prices","2013","Industry (excl. Construction)","Eastern and Midland","Euro Million","18957.57"
"Gross Value Added (GVA) at Basic Prices","2013","Industry (excl. Construction)","Ireland","Euro Million","39791.22"
"Gross Value Added (GVA) at Basic Prices","2013","Industry - of which Manufacturing","Northern and Western","Euro Million","4353.42"
"Gross Value Added (GVA) at Basic Prices","2013","Industry - of which Manufacturing","Southern","Euro Million","14137.21"
"Gross Value Added (GVA) at Basic Prices","2013","Industry - of which Manufacturing","Eastern and Midland","Euro Million","16401.25"
"Gross Value Added (GVA) at Basic Prices","2013","Industry - of which Manufacturing","Ireland","Euro Million","34891.88"
"Gross Value Added (GVA) at Basic Prices","2013","Construction","Northern and Western","Euro Million","552.06"
"Gross Value Added (GVA) at Basic Prices","2013","Construction","Southern","Euro Million","1129.99"
"Gross Value Added (GVA) at Basic Prices","2013","Construction","Eastern and Midland","Euro Million","2131.55"
"Gross Value Added (GVA) at Basic Prices","2013","Construction","Ireland","Euro Million","3813.6"
"Gross Value Added (GVA) at Basic Prices","2013","Distribution, Transport, Hotels and Restaurants","Northern and Western","Euro Million","3107.54"
"Gross Value Added (GVA) at Basic Prices","2013","Distribution, Transport, Hotels and Restaurants","Southern","Euro Million","9186.05"
"Gross Value Added (GVA) at Basic Prices","2013","Distribution, Transport, Hotels and Restaurants","Eastern and Midland","Euro Million","17479.16"
"Gross Value Added (GVA) at Basic Prices","2013","Distribution, Transport, Hotels and Restaurants","Ireland","Euro Million","29772.75"
"Gross Value Added (GVA) at Basic Prices","2013","Information and Communication","Northern and Western","Euro Million","886.31"
"Gross Value Added (GVA) at Basic Prices","2013","Information and Communication","Southern","Euro Million","1313.52"
"Gross Value Added (GVA) at Basic Prices","2013","Information and Communication","Eastern and Midland","Euro Million","14999.53"
"Gross Value Added (GVA) at Basic Prices","2013","Information and Communication","Ireland","Euro Million","17199.36"
"Gross Value Added (GVA) at Basic Prices","2013","Financial and Insurance Activities","Northern and Western","Euro Million","740.61"
"Gross Value Added (GVA) at Basic Prices","2013","Financial and Insurance Activities","Southern","Euro Million","2089.23"
"Gross Value Added (GVA) at Basic Prices","2013","Financial and Insurance Activities","Eastern and Midland","Euro Million","10547.39"
"Gross Value Added (GVA) at Basic Prices","2013","Financial and Insurance Activities","Ireland","Euro Million","13377.24"
"Gross Value Added (GVA) at Basic Prices","2013","Real Estate Activities","Northern and Western","Euro Million","947.85"
"Gross Value Added (GVA) at Basic Prices","2013","Real Estate Activities","Southern","Euro Million","2159.7"
"Gross Value Added (GVA) at Basic Prices","2013","Real Estate Activities","Eastern and Midland","Euro Million","8958.79"
"Gross Value Added (GVA) at Basic Prices","2013","Real Estate Activities","Ireland","Euro Million","12066.34"
"Gross Value Added (GVA) at Basic Prices","2013","Professional, Admin and Support Services","Northern and Western","Euro Million","1176.78"
"Gross Value Added (GVA) at Basic Prices","2013","Professional, Admin and Support Services","Southern","Euro Million","3626.9"
"Gross Value Added (GVA) at Basic Prices","2013","Professional, Admin and Support Services","Eastern and Midland","Euro Million","14973.81"
"Gross Value Added (GVA) at Basic Prices","2013","Professional, Admin and Support Services","Ireland","Euro Million","19777.49"
"Gross Value Added (GVA) at Basic Prices","2013","Public Admin, Education and Health","Northern and Western","Euro Million","4614.71"
"Gross Value Added (GVA) at Basic Prices","2013","Public Admin, Education and Health","Southern","Euro Million","8304.92"
"Gross Value Added (GVA) at Basic Prices","2013","Public Admin, Education and Health","Eastern and Midland","Euro Million","14933.47"
"Gross Value Added (GVA) at Basic Prices","2013","Public Admin, Education and Health","Ireland","Euro Million","27853.1"
"Gross Value Added (GVA) at Basic Prices","2013","Arts, Entertainment and Other Services","Northern and Western","Euro Million","403.66"
"Gross Value Added (GVA) at Basic Prices","2013","Arts, Entertainment and Other Services","Southern","Euro Million","877.74"
"Gross Value Added (GVA) at Basic Prices","2013","Arts, Entertainment and Other Services","Eastern and Midland","Euro Million","2205.39"
"Gross Value Added (GVA) at Basic Prices","2013","Arts, Entertainment and Other Services","Ireland","Euro Million","3486.79"
"Gross Value Added (GVA) at Basic Prices","2013","All Sectors","Northern and Western","Euro Million","17787.13"
"Gross Value Added (GVA) at Basic Prices","2013","All Sectors","Southern","Euro Million","45656.56"
"Gross Value Added (GVA) at Basic Prices","2013","All Sectors","Eastern and Midland","Euro Million","105651.32"
"Gross Value Added (GVA) at Basic Prices","2013","All Sectors","Ireland","Euro Million","169095.02"
"Gross Value Added (GVA) at Basic Prices","2014","Agriculture, Forestry and Fishing","Northern and Western","Euro Million","487.34"
"Gross Value Added (GVA) at Basic Prices","2014","Agriculture, Forestry and Fishing","Southern","Euro Million","1409.84"
"Gross Value Added (GVA) at Basic Prices","2014","Agriculture, Forestry and Fishing","Eastern and Midland","Euro Million","544.72"
"Gross Value Added (GVA) at Basic Prices","2014","Agriculture, Forestry and Fishing","Ireland","Euro Million","2441.89"
"Gross Value Added (GVA) at Basic Prices","2014","Industry (excl. Construction)","Northern and Western","Euro Million","5583.9"
"Gross Value Added (GVA) at Basic Prices","2014","Industry (excl. Construction)","Southern","Euro Million","17224.66"
"Gross Value Added (GVA) at Basic Prices","2014","Industry (excl. Construction)","Eastern and Midland","Euro Million","21401.61"
"Gross Value Added (GVA) at Basic Prices","2014","Industry (excl. Construction)","Ireland","Euro Million","44210.17"
"Gross Value Added (GVA) at Basic Prices","2014","Industry - of which Manufacturing","Northern and Western","Euro Million","4982.97"
"Gross Value Added (GVA) at Basic Prices","2014","Industry - of which Manufacturing","Southern","Euro Million","15622.58"
"Gross Value Added (GVA) at Basic Prices","2014","Industry - of which Manufacturing","Eastern and Midland","Euro Million","18683.66"
"Gross Value Added (GVA) at Basic Prices","2014","Industry - of which Manufacturing","Ireland","Euro Million","39289.2"
"Gross Value Added (GVA) at Basic Prices","2014","Construction","Northern and Western","Euro Million","708.96"
"Gross Value Added (GVA) at Basic Prices","2014","Construction","Southern","Euro Million","1394.32"
"Gross Value Added (GVA) at Basic Prices","2014","Construction","Eastern and Midland","Euro Million","2689.56"
"Gross Value Added (GVA) at Basic Prices","2014","Construction","Ireland","Euro Million","4792.84"
"Gross Value Added (GVA) at Basic Prices","2014","Distribution, Transport, Hotels and Restaurants","Northern and Western","Euro Million","3282.38"
"Gross Value Added (GVA) at Basic Prices","2014","Distribution, Transport, Hotels and Restaurants","Southern","Euro Million","9325.63"
"Gross Value Added (GVA) at Basic Prices","2014","Distribution, Transport, Hotels and Restaurants","Eastern and Midland","Euro Million","17803.15"
"Gross Value Added (GVA) at Basic Prices","2014","Distribution, Transport, Hotels and Restaurants","Ireland","Euro Million","30411.16"
"Gross Value Added (GVA) at Basic Prices","2014","Information and Communication","Northern and Western","Euro Million","999.41"
"Gross Value Added (GVA) at Basic Prices","2014","Information and Communication","Southern","Euro Million","1484.48"
"Gross Value Added (GVA) at Basic Prices","2014","Information and Communication","Eastern and Midland","Euro Million","16992.33"
"Gross Value Added (GVA) at Basic Prices","2014","Information and Communication","Ireland","Euro Million","19476.23"
"Gross Value Added (GVA) at Basic Prices","2014","Financial and Insurance Activities","Northern and Western","Euro Million","867.05"
"Gross Value Added (GVA) at Basic Prices","2014","Financial and Insurance Activities","Southern","Euro Million","2258.48"
"Gross Value Added (GVA) at Basic Prices","2014","Financial and Insurance Activities","Eastern and Midland","Euro Million","12548.88"
"Gross Value Added (GVA) at Basic Prices","2014","Financial and Insurance Activities","Ireland","Euro Million","15674.41"
"Gross Value Added (GVA) at Basic Prices","2014","Real Estate Activities","Northern and Western","Euro Million","1046.74"
"Gross Value Added (GVA) at Basic Prices","2014","Real Estate Activities","Southern","Euro Million","2491.56"
"Gross Value Added (GVA) at Basic Prices","2014","Real Estate Activities","Eastern and Midland","Euro Million","9720.29"
"Gross Value Added (GVA) at Basic Prices","2014","Real Estate Activities","Ireland","Euro Million","13258.59"
"Gross Value Added (GVA) at Basic Prices","2014","Professional, Admin and Support Services","Northern and Western","Euro Million","1494.16"
"Gross Value Added (GVA) at Basic Prices","2014","Professional, Admin and Support Services","Southern","Euro Million","4863.7"
"Gross Value Added (GVA) at Basic Prices","2014","Professional, Admin and Support Services","Eastern and Midland","Euro Million","17586.03"
"Gross Value Added (GVA) at Basic Prices","2014","Professional, Admin and Support Services","Ireland","Euro Million","23943.88"
"Gross Value Added (GVA) at Basic Prices","2014","Public Admin, Education and Health","Northern and Western","Euro Million","4708.09"
"Gross Value Added (GVA) at Basic Prices","2014","Public Admin, Education and Health","Southern","Euro Million","8435"
"Gross Value Added (GVA) at Basic Prices","2014","Public Admin, Education and Health","Eastern and Midland","Euro Million","15243.55"
"Gross Value Added (GVA) at Basic Prices","2014","Public Admin, Education and Health","Ireland","Euro Million","28386.64"
"Gross Value Added (GVA) at Basic Prices","2014","Arts, Entertainment and Other Services","Northern and Western","Euro Million","393.73"
"Gross Value Added (GVA) at Basic Prices","2014","Arts, Entertainment and Other Services","Southern","Euro Million","865.66"
"Gross Value Added (GVA) at Basic Prices","2014","Arts, Entertainment and Other Services","Eastern and Midland","Euro Million","2312.79"
"Gross Value Added (GVA) at Basic Prices","2014","Arts, Entertainment and Other Services","Ireland","Euro Million","3572.18"
"Gross Value Added (GVA) at Basic Prices","2014","All Sectors","Northern and Western","Euro Million","19571.76"
"Gross Value Added (GVA) at Basic Prices","2014","All Sectors","Southern","Euro Million","49753.33"
"Gross Value Added (GVA) at Basic Prices","2014","All Sectors","Eastern and Midland","Euro Million","116842.91"
"Gross Value Added (GVA) at Basic Prices","2014","All Sectors","Ireland","Euro Million","186168"
"Gross Value Added (GVA) at Basic Prices","2015","Agriculture, Forestry and Fishing","Northern and Western","Euro Million","553.46"
"Gross Value Added (GVA) at Basic Prices","2015","Agriculture, Forestry and Fishing","Southern","Euro Million","1254.24"
"Gross Value Added (GVA) at Basic Prices","2015","Agriculture, Forestry and Fishing","Eastern and Midland","Euro Million","557.61"
"Gross Value Added (GVA) at Basic Prices","2015","Agriculture, Forestry and Fishing","Ireland","Euro Million","2365.31"
"Gross Value Added (GVA) at Basic Prices","2015","Industry (excl. Construction)","Northern and Western","Euro Million","6472.01"
"Gross Value Added (GVA) at Basic Prices","2015","Industry (excl. Construction)","Southern","Euro Million","66958.34"
"Gross Value Added (GVA) at Basic Prices","2015","Industry (excl. Construction)","Eastern and Midland","Euro Million","25924.86"
"Gross Value Added (GVA) at Basic Prices","2015","Industry (excl. Construction)","Ireland","Euro Million","99355.2"
"Gross Value Added (GVA) at Basic Prices","2015","Industry - of which Manufacturing","Northern and Western","Euro Million","6088.08"
"Gross Value Added (GVA) at Basic Prices","2015","Industry - of which Manufacturing","Southern","Euro Million","64979.66"
"Gross Value Added (GVA) at Basic Prices","2015","Industry - of which Manufacturing","Eastern and Midland","Euro Million","23935.36"
"Gross Value Added (GVA) at Basic Prices","2015","Industry - of which Manufacturing","Ireland","Euro Million","95003.1"
"Gross Value Added (GVA) at Basic Prices","2015","Construction","Northern and Western","Euro Million","730.54"
"Gross Value Added (GVA) at Basic Prices","2015","Construction","Southern","Euro Million","1567.62"
"Gross Value Added (GVA) at Basic Prices","2015","Construction","Eastern and Midland","Euro Million","3012.66"
"Gross Value Added (GVA) at Basic Prices","2015","Construction","Ireland","Euro Million","5310.82"
"Gross Value Added (GVA) at Basic Prices","2015","Distribution, Transport, Hotels and Restaurants","Northern and Western","Euro Million","3585.52"
"Gross Value Added (GVA) at Basic Prices","2015","Distribution, Transport, Hotels and Restaurants","Southern","Euro Million","8486.39"
"Gross Value Added (GVA) at Basic Prices","2015","Distribution, Transport, Hotels and Restaurants","Eastern and Midland","Euro Million","19432.39"
"Gross Value Added (GVA) at Basic Prices","2015","Distribution, Transport, Hotels and Restaurants","Ireland","Euro Million","31504.3"
"Gross Value Added (GVA) at Basic Prices","2015","Information and Communication","Northern and Western","Euro Million","1084.7"
"Gross Value Added (GVA) at Basic Prices","2015","Information and Communication","Southern","Euro Million","1656.04"
"Gross Value Added (GVA) at Basic Prices","2015","Information and Communication","Eastern and Midland","Euro Million","20700.31"
"Gross Value Added (GVA) at Basic Prices","2015","Information and Communication","Ireland","Euro Million","23441.05"
"Gross Value Added (GVA) at Basic Prices","2015","Financial and Insurance Activities","Northern and Western","Euro Million","840.66"
"Gross Value Added (GVA) at Basic Prices","2015","Financial and Insurance Activities","Southern","Euro Million","2295.93"
"Gross Value Added (GVA) at Basic Prices","2015","Financial and Insurance Activities","Eastern and Midland","Euro Million","13594.78"
"Gross Value Added (GVA) at Basic Prices","2015","Financial and Insurance Activities","Ireland","Euro Million","16731.37"
"Gross Value Added (GVA) at Basic Prices","2015","Real Estate Activities","Northern and Western","Euro Million","1071.99"
"Gross Value Added (GVA) at Basic Prices","2015","Real Estate Activities","Southern","Euro Million","2788.39"
"Gross Value Added (GVA) at Basic Prices","2015","Real Estate Activities","Eastern and Midland","Euro Million","10757.09"
"Gross Value Added (GVA) at Basic Prices","2015","Real Estate Activities","Ireland","Euro Million","14617.47"
"Gross Value Added (GVA) at Basic Prices","2015","Professional, Admin and Support Services","Northern and Western","Euro Million","1429.66"
"Gross Value Added (GVA) at Basic Prices","2015","Professional, Admin and Support Services","Southern","Euro Million","5374.59"
"Gross Value Added (GVA) at Basic Prices","2015","Professional, Admin and Support Services","Eastern and Midland","Euro Million","21732.84"
"Gross Value Added (GVA) at Basic Prices","2015","Professional, Admin and Support Services","Ireland","Euro Million","28537.09"
"Gross Value Added (GVA) at Basic Prices","2015","Public Admin, Education and Health","Northern and Western","Euro Million","4825.78"
"Gross Value Added (GVA) at Basic Prices","2015","Public Admin, Education and Health","Southern","Euro Million","8723.38"
"Gross Value Added (GVA) at Basic Prices","2015","Public Admin, Education and Health","Eastern and Midland","Euro Million","15661.2"
"Gross Value Added (GVA) at Basic Prices","2015","Public Admin, Education and Health","Ireland","Euro Million","29210.36"
"Gross Value Added (GVA) at Basic Prices","2015","Arts, Entertainment and Other Services","Northern and Western","Euro Million","397.49"
"Gross Value Added (GVA) at Basic Prices","2015","Arts, Entertainment and Other Services","Southern","Euro Million","875.29"
"Gross Value Added (GVA) at Basic Prices","2015","Arts, Entertainment and Other Services","Eastern and Midland","Euro Million","2317.9"
"Gross Value Added (GVA) at Basic Prices","2015","Arts, Entertainment and Other Services","Ireland","Euro Million","3590.68"
"Gross Value Added (GVA) at Basic Prices","2015","All Sectors","Northern and Western","Euro Million","20991.82"
"Gross Value Added (GVA) at Basic Prices","2015","All Sectors","Southern","Euro Million","99980.19"
"Gross Value Added (GVA) at Basic Prices","2015","All Sectors","Eastern and Midland","Euro Million","133691.64"
"Gross Value Added (GVA) at Basic Prices","2015","All Sectors","Ireland","Euro Million","254663.65"
"Gross Value Added (GVA) at Basic Prices","2016","Agriculture, Forestry and Fishing","Northern and Western","Euro Million","550.58"
"Gross Value Added (GVA) at Basic Prices","2016","Agriculture, Forestry and Fishing","Southern","Euro Million","1391.99"
"Gross Value Added (GVA) at Basic Prices","2016","Agriculture, Forestry and Fishing","Eastern and Midland","Euro Million","612.41"
"Gross Value Added (GVA) at Basic Prices","2016","Agriculture, Forestry and Fishing","Ireland","Euro Million","2554.98"
"Gross Value Added (GVA) at Basic Prices","2016","Industry (excl. Construction)","Northern and Western","Euro Million","5672.05"
"Gross Value Added (GVA) at Basic Prices","2016","Industry (excl. Construction)","Southern","Euro Million","59607.23"
"Gross Value Added (GVA) at Basic Prices","2016","Industry (excl. Construction)","Eastern and Midland","Euro Million","29300.9"
"Gross Value Added (GVA) at Basic Prices","2016","Industry (excl. Construction)","Ireland","Euro Million","94580.18"
"Gross Value Added (GVA) at Basic Prices","2016","Industry - of which Manufacturing","Northern and Western","Euro Million","5134.97"
"Gross Value Added (GVA) at Basic Prices","2016","Industry - of which Manufacturing","Southern","Euro Million","57744.73"
"Gross Value Added (GVA) at Basic Prices","2016","Industry - of which Manufacturing","Eastern and Midland","Euro Million","27148.38"
"Gross Value Added (GVA) at Basic Prices","2016","Industry - of which Manufacturing","Ireland","Euro Million","90028.08"
"Gross Value Added (GVA) at Basic Prices","2016","Construction","Northern and Western","Euro Million","775.54"
"Gross Value Added (GVA) at Basic Prices","2016","Construction","Southern","Euro Million","1666.71"
"Gross Value Added (GVA) at Basic Prices","2016","Construction","Eastern and Midland","Euro Million","3746.23"
"Gross Value Added (GVA) at Basic Prices","2016","Construction","Ireland","Euro Million","6188.48"
"Gross Value Added (GVA) at Basic Prices","2016","Distribution, Transport, Hotels and Restaurants","Northern and Western","Euro Million","3759.84"
"Gross Value Added (GVA) at Basic Prices","2016","Distribution, Transport, Hotels and Restaurants","Southern","Euro Million","8845.06"
"Gross Value Added (GVA) at Basic Prices","2016","Distribution, Transport, Hotels and Restaurants","Eastern and Midland","Euro Million","20909.86"
"Gross Value Added (GVA) at Basic Prices","2016","Distribution, Transport, Hotels and Restaurants","Ireland","Euro Million","33514.76"
"Gross Value Added (GVA) at Basic Prices","2016","Information and Communication","Northern and Western","Euro Million","1148.99"
"Gross Value Added (GVA) at Basic Prices","2016","Information and Communication","Southern","Euro Million","1837.17"
"Gross Value Added (GVA) at Basic Prices","2016","Information and Communication","Eastern and Midland","Euro Million","22398.56"
"Gross Value Added (GVA) at Basic Prices","2016","Information and Communication","Ireland","Euro Million","25384.72"
"Gross Value Added (GVA) at Basic Prices","2016","Financial and Insurance Activities","Northern and Western","Euro Million","806.35"
"Gross Value Added (GVA) at Basic Prices","2016","Financial and Insurance Activities","Southern","Euro Million","2205.26"
"Gross Value Added (GVA) at Basic Prices","2016","Financial and Insurance Activities","Eastern and Midland","Euro Million","12356.76"
"Gross Value Added (GVA) at Basic Prices","2016","Financial and Insurance Activities","Ireland","Euro Million","15368.37"
"Gross Value Added (GVA) at Basic Prices","2016","Real Estate Activities","Northern and Western","Euro Million","1238.85"
"Gross Value Added (GVA) at Basic Prices","2016","Real Estate Activities","Southern","Euro Million","2997.46"
"Gross Value Added (GVA) at Basic Prices","2016","Real Estate Activities","Eastern and Midland","Euro Million","11345.65"
"Gross Value Added (GVA) at Basic Prices","2016","Real Estate Activities","Ireland","Euro Million","15581.95"
"Gross Value Added (GVA) at Basic Prices","2016","Professional, Admin and Support Services","Northern and Western","Euro Million","2096.39"
"Gross Value Added (GVA) at Basic Prices","2016","Professional, Admin and Support Services","Southern","Euro Million","5492.27"
"Gross Value Added (GVA) at Basic Prices","2016","Professional, Admin and Support Services","Eastern and Midland","Euro Million","22482.88"
"Gross Value Added (GVA) at Basic Prices","2016","Professional, Admin and Support Services","Ireland","Euro Million","30071.55"
"Gross Value Added (GVA) at Basic Prices","2016","Public Admin, Education and Health","Northern and Western","Euro Million","5090.48"
"Gross Value Added (GVA) at Basic Prices","2016","Public Admin, Education and Health","Southern","Euro Million","8888.21"
"Gross Value Added (GVA) at Basic Prices","2016","Public Admin, Education and Health","Eastern and Midland","Euro Million","16163.42"
"Gross Value Added (GVA) at Basic Prices","2016","Public Admin, Education and Health","Ireland","Euro Million","30142.1"
"Gross Value Added (GVA) at Basic Prices","2016","Arts, Entertainment and Other Services","Northern and Western","Euro Million","407.85"
"Gross Value Added (GVA) at Basic Prices","2016","Arts, Entertainment and Other Services","Southern","Euro Million","884.95"
"Gross Value Added (GVA) at Basic Prices","2016","Arts, Entertainment and Other Services","Eastern and Midland","Euro Million","2386.24"
"Gross Value Added (GVA) at Basic Prices","2016","Arts, Entertainment and Other Services","Ireland","Euro Million","3679.03"
"Gross Value Added (GVA) at Basic Prices","2016","All Sectors","Northern and Western","Euro Million","21546.91"
"Gross Value Added (GVA) at Basic Prices","2016","All Sectors","Southern","Euro Million","93816.32"
"Gross Value Added (GVA) at Basic Prices","2016","All Sectors","Eastern and Midland","Euro Million","141702.9"
"Gross Value Added (GVA) at Basic Prices","2016","All Sectors","Ireland","Euro Million","257066.13"
"Gross Value Added (GVA) at Basic Prices","2017","Agriculture, Forestry and Fishing","Northern and Western","Euro Million","632.94"
"Gross Value Added (GVA) at Basic Prices","2017","Agriculture, Forestry and Fishing","Southern","Euro Million","2038.5"
"Gross Value Added (GVA) at Basic Prices","2017","Agriculture, Forestry and Fishing","Eastern and Midland","Euro Million","781.68"
"Gross Value Added (GVA) at Basic Prices","2017","Agriculture, Forestry and Fishing","Ireland","Euro Million","3453.13"
"Gross Value Added (GVA) at Basic Prices","2017","Industry (excl. Construction)","Northern and Western","Euro Million","5800.96"
"Gross Value Added (GVA) at Basic Prices","2017","Industry (excl. Construction)","Southern","Euro Million","69107.61"
"Gross Value Added (GVA) at Basic Prices","2017","Industry (excl. Construction)","Eastern and Midland","Euro Million","28887.1"
"Gross Value Added (GVA) at Basic Prices","2017","Industry (excl. Construction)","Ireland","Euro Million","103795.67"
"Gross Value Added (GVA) at Basic Prices","2017","Industry - of which Manufacturing","Northern and Western","Euro Million","5129.3"
"Gross Value Added (GVA) at Basic Prices","2017","Industry - of which Manufacturing","Southern","Euro Million","67207.61"
"Gross Value Added (GVA) at Basic Prices","2017","Industry - of which Manufacturing","Eastern and Midland","Euro Million","26831.59"
"Gross Value Added (GVA) at Basic Prices","2017","Industry - of which Manufacturing","Ireland","Euro Million","99168.51"
"Gross Value Added (GVA) at Basic Prices","2017","Construction","Northern and Western","Euro Million","975.58"
"Gross Value Added (GVA) at Basic Prices","2017","Construction","Southern","Euro Million","2090.89"
"Gross Value Added (GVA) at Basic Prices","2017","Construction","Eastern and Midland","Euro Million","4933.84"
"Gross Value Added (GVA) at Basic Prices","2017","Construction","Ireland","Euro Million","8000.31"
"Gross Value Added (GVA) at Basic Prices","2017","Distribution, Transport, Hotels and Restaurants","Northern and Western","Euro Million","3912.94"
"Gross Value Added (GVA) at Basic Prices","2017","Distribution, Transport, Hotels and Restaurants","Southern","Euro Million","9006.73"
"Gross Value Added (GVA) at Basic Prices","2017","Distribution, Transport, Hotels and Restaurants","Eastern and Midland","Euro Million","22617.22"
"Gross Value Added (GVA) at Basic Prices","2017","Distribution, Transport, Hotels and Restaurants","Ireland","Euro Million","35536.89"
"Gross Value Added (GVA) at Basic Prices","2017","Information and Communication","Northern and Western","Euro Million","1139.12"
"Gross Value Added (GVA) at Basic Prices","2017","Information and Communication","Southern","Euro Million","2253.6"
"Gross Value Added (GVA) at Basic Prices","2017","Information and Communication","Eastern and Midland","Euro Million","28682.09"
"Gross Value Added (GVA) at Basic Prices","2017","Information and Communication","Ireland","Euro Million","32074.81"
"Gross Value Added (GVA) at Basic Prices","2017","Financial and Insurance Activities","Northern and Western","Euro Million","789.44"
"Gross Value Added (GVA) at Basic Prices","2017","Financial and Insurance Activities","Southern","Euro Million","2237.4"
"Gross Value Added (GVA) at Basic Prices","2017","Financial and Insurance Activities","Eastern and Midland","Euro Million","13318.4"
"Gross Value Added (GVA) at Basic Prices","2017","Financial and Insurance Activities","Ireland","Euro Million","16345.24"
"Gross Value Added (GVA) at Basic Prices","2017","Real Estate Activities","Northern and Western","Euro Million","1223.92"
"Gross Value Added (GVA) at Basic Prices","2017","Real Estate Activities","Southern","Euro Million","3137.09"
"Gross Value Added (GVA) at Basic Prices","2017","Real Estate Activities","Eastern and Midland","Euro Million","12344.14"
"Gross Value Added (GVA) at Basic Prices","2017","Real Estate Activities","Ireland","Euro Million","16705.14"
"Gross Value Added (GVA) at Basic Prices","2017","Professional, Admin and Support Services","Northern and Western","Euro Million","2432.35"
"Gross Value Added (GVA) at Basic Prices","2017","Professional, Admin and Support Services","Southern","Euro Million","6837.36"
"Gross Value Added (GVA) at Basic Prices","2017","Professional, Admin and Support Services","Eastern and Midland","Euro Million","25236.24"
"Gross Value Added (GVA) at Basic Prices","2017","Professional, Admin and Support Services","Ireland","Euro Million","34505.95"
"Gross Value Added (GVA) at Basic Prices","2017","Public Admin, Education and Health","Northern and Western","Euro Million","5226.72"
"Gross Value Added (GVA) at Basic Prices","2017","Public Admin, Education and Health","Southern","Euro Million","9520.33"
"Gross Value Added (GVA) at Basic Prices","2017","Public Admin, Education and Health","Eastern and Midland","Euro Million","17259.22"
"Gross Value Added (GVA) at Basic Prices","2017","Public Admin, Education and Health","Ireland","Euro Million","32006.27"
"Gross Value Added (GVA) at Basic Prices","2017","Arts, Entertainment and Other Services","Northern and Western","Euro Million","464.52"
"Gross Value Added (GVA) at Basic Prices","2017","Arts, Entertainment and Other Services","Southern","Euro Million","1046.02"
"Gross Value Added (GVA) at Basic Prices","2017","Arts, Entertainment and Other Services","Eastern and Midland","Euro Million","2778.89"
"Gross Value Added (GVA) at Basic Prices","2017","Arts, Entertainment and Other Services","Ireland","Euro Million","4289.43"
"Gross Value Added (GVA) at Basic Prices","2017","All Sectors","Northern and Western","Euro Million","22598.51"
"Gross Value Added (GVA) at Basic Prices","2017","All Sectors","Southern","Euro Million","107275.53"
"Gross Value Added (GVA) at Basic Prices","2017","All Sectors","Eastern and Midland","Euro Million","156838.82"
"Gross Value Added (GVA) at Basic Prices","2017","All Sectors","Ireland","Euro Million","286712.85"
"Gross Value Added (GVA) at Basic Prices","2018","Agriculture, Forestry and Fishing","Northern and Western","Euro Million","489.37"
"Gross Value Added (GVA) at Basic Prices","2018","Agriculture, Forestry and Fishing","Southern","Euro Million","1880.47"
"Gross Value Added (GVA) at Basic Prices","2018","Agriculture, Forestry and Fishing","Eastern and Midland","Euro Million","740.79"
"Gross Value Added (GVA) at Basic Prices","2018","Agriculture, Forestry and Fishing","Ireland","Euro Million","3110.63"
"Gross Value Added (GVA) at Basic Prices","2018","Industry (excl. Construction)","Northern and Western","Euro Million","5666.92"
"Gross Value Added (GVA) at Basic Prices","2018","Industry (excl. Construction)","Southern","Euro Million","74511.13"
"Gross Value Added (GVA) at Basic Prices","2018","Industry (excl. Construction)","Eastern and Midland","Euro Million","34669.24"
"Gross Value Added (GVA) at Basic Prices","2018","Industry (excl. Construction)","Ireland","Euro Million","114847.28"
"Gross Value Added (GVA) at Basic Prices","2018","Industry - of which Manufacturing","Northern and Western","Euro Million","4954.87"
"Gross Value Added (GVA) at Basic Prices","2018","Industry - of which Manufacturing","Southern","Euro Million","72657.78"
"Gross Value Added (GVA) at Basic Prices","2018","Industry - of which Manufacturing","Eastern and Midland","Euro Million","32244.76"
"Gross Value Added (GVA) at Basic Prices","2018","Industry - of which Manufacturing","Ireland","Euro Million","109857.41"
"Gross Value Added (GVA) at Basic Prices","2018","Construction","Northern and Western","Euro Million","1158.58"
"Gross Value Added (GVA) at Basic Prices","2018","Construction","Southern","Euro Million","2290.13"
"Gross Value Added (GVA) at Basic Prices","2018","Construction","Eastern and Midland","Euro Million","5196.59"
"Gross Value Added (GVA) at Basic Prices","2018","Construction","Ireland","Euro Million","8645.3"
"Gross Value Added (GVA) at Basic Prices","2018","Distribution, Transport, Hotels and Restaurants","Northern and Western","Euro Million","4097.15"
"Gross Value Added (GVA) at Basic Prices","2018","Distribution, Transport, Hotels and Restaurants","Southern","Euro Million","9495.7"
"Gross Value Added (GVA) at Basic Prices","2018","Distribution, Transport, Hotels and Restaurants","Eastern and Midland","Euro Million","22898.76"
"Gross Value Added (GVA) at Basic Prices","2018","Distribution, Transport, Hotels and Restaurants","Ireland","Euro Million","36491.6"
"Gross Value Added (GVA) at Basic Prices","2018","Information and Communication","Northern and Western","Euro Million","1256.91"
"Gross Value Added (GVA) at Basic Prices","2018","Information and Communication","Southern","Euro Million","2162"
"Gross Value Added (GVA) at Basic Prices","2018","Information and Communication","Eastern and Midland","Euro Million","36669.68"
"Gross Value Added (GVA) at Basic Prices","2018","Information and Communication","Ireland","Euro Million","40088.6"
"Gross Value Added (GVA) at Basic Prices","2018","Financial and Insurance Activities","Northern and Western","Euro Million","779.92"
"Gross Value Added (GVA) at Basic Prices","2018","Financial and Insurance Activities","Southern","Euro Million","2229.81"
"Gross Value Added (GVA) at Basic Prices","2018","Financial and Insurance Activities","Eastern and Midland","Euro Million","14025.6"
"Gross Value Added (GVA) at Basic Prices","2018","Financial and Insurance Activities","Ireland","Euro Million","17035.33"
"Gross Value Added (GVA) at Basic Prices","2018","Real Estate Activities","Northern and Western","Euro Million","1311.55"
"Gross Value Added (GVA) at Basic Prices","2018","Real Estate Activities","Southern","Euro Million","3344.53"
"Gross Value Added (GVA) at Basic Prices","2018","Real Estate Activities","Eastern and Midland","Euro Million","14212.71"
"Gross Value Added (GVA) at Basic Prices","2018","Real Estate Activities","Ireland","Euro Million","18868.79"
"Gross Value Added (GVA) at Basic Prices","2018","Professional, Admin and Support Services","Northern and Western","Euro Million","3253.16"
"Gross Value Added (GVA) at Basic Prices","2018","Professional, Admin and Support Services","Southern","Euro Million","6216.58"
"Gross Value Added (GVA) at Basic Prices","2018","Professional, Admin and Support Services","Eastern and Midland","Euro Million","28279.7"
"Gross Value Added (GVA) at Basic Prices","2018","Professional, Admin and Support Services","Ireland","Euro Million","37749.43"
"Gross Value Added (GVA) at Basic Prices","2018","Public Admin, Education and Health","Northern and Western","Euro Million","5504.24"
"Gross Value Added (GVA) at Basic Prices","2018","Public Admin, Education and Health","Southern","Euro Million","9903.69"
"Gross Value Added (GVA) at Basic Prices","2018","Public Admin, Education and Health","Eastern and Midland","Euro Million","18275.78"
"Gross Value Added (GVA) at Basic Prices","2018","Public Admin, Education and Health","Ireland","Euro Million","33683.71"
"Gross Value Added (GVA) at Basic Prices","2018","Arts, Entertainment and Other Services","Northern and Western","Euro Million","489.36"
"Gross Value Added (GVA) at Basic Prices","2018","Arts, Entertainment and Other Services","Southern","Euro Million","1106.73"
"Gross Value Added (GVA) at Basic Prices","2018","Arts, Entertainment and Other Services","Eastern and Midland","Euro Million","2951.4"
"Gross Value Added (GVA) at Basic Prices","2018","Arts, Entertainment and Other Services","Ireland","Euro Million","4547.49"
"Gross Value Added (GVA) at Basic Prices","2018","All Sectors","Northern and Western","Euro Million","24007.14"
"Gross Value Added (GVA) at Basic Prices","2018","All Sectors","Southern","Euro Million","113140.77"
"Gross Value Added (GVA) at Basic Prices","2018","All Sectors","Eastern and Midland","Euro Million","177920.26"
"Gross Value Added (GVA) at Basic Prices","2018","All Sectors","Ireland","Euro Million","315068.17"
"Gross Value Added (GVA) at Basic Prices","2019","Agriculture, Forestry and Fishing","Northern and Western","Euro Million","622.48"
"Gross Value Added (GVA) at Basic Prices","2019","Agriculture, Forestry and Fishing","Southern","Euro Million","2034.12"
"Gross Value Added (GVA) at Basic Prices","2019","Agriculture, Forestry and Fishing","Eastern and Midland","Euro Million","813.22"
"Gross Value Added (GVA) at Basic Prices","2019","Agriculture, Forestry and Fishing","Ireland","Euro Million","3469.82"
"Gross Value Added (GVA) at Basic Prices","2019","Industry (excl. Construction)","Northern and Western","Euro Million","7167.17"
"Gross Value Added (GVA) at Basic Prices","2019","Industry (excl. Construction)","Southern","Euro Million","80967.8"
"Gross Value Added (GVA) at Basic Prices","2019","Industry (excl. Construction)","Eastern and Midland","Euro Million","32921.81"
"Gross Value Added (GVA) at Basic Prices","2019","Industry (excl. Construction)","Ireland","Euro Million","121056.78"
"Gross Value Added (GVA) at Basic Prices","2019","Industry - of which Manufacturing","Northern and Western","Euro Million","6036.29"
"Gross Value Added (GVA) at Basic Prices","2019","Industry - of which Manufacturing","Southern","Euro Million","79153.84"
"Gross Value Added (GVA) at Basic Prices","2019","Industry - of which Manufacturing","Eastern and Midland","Euro Million","30957.2"
"Gross Value Added (GVA) at Basic Prices","2019","Industry - of which Manufacturing","Ireland","Euro Million","116147.33"
"Gross Value Added (GVA) at Basic Prices","2019","Construction","Northern and Western","Euro Million","1212.69"
"Gross Value Added (GVA) at Basic Prices","2019","Construction","Southern","Euro Million","2523.01"
"Gross Value Added (GVA) at Basic Prices","2019","Construction","Eastern and Midland","Euro Million","5725.27"
"Gross Value Added (GVA) at Basic Prices","2019","Construction","Ireland","Euro Million","9460.97"
"Gross Value Added (GVA) at Basic Prices","2019","Distribution, Transport, Hotels and Restaurants","Northern and Western","Euro Million","4228.99"
"Gross Value Added (GVA) at Basic Prices","2019","Distribution, Transport, Hotels and Restaurants","Southern","Euro Million","9785.2"
"Gross Value Added (GVA) at Basic Prices","2019","Distribution, Transport, Hotels and Restaurants","Eastern and Midland","Euro Million","23548.36"
"Gross Value Added (GVA) at Basic Prices","2019","Distribution, Transport, Hotels and Restaurants","Ireland","Euro Million","37562.55"
"Gross Value Added (GVA) at Basic Prices","2019","Information and Communication","Northern and Western","Euro Million","1306.39"
"Gross Value Added (GVA) at Basic Prices","2019","Information and Communication","Southern","Euro Million","2590.95"
"Gross Value Added (GVA) at Basic Prices","2019","Information and Communication","Eastern and Midland","Euro Million","47265.56"
"Gross Value Added (GVA) at Basic Prices","2019","Information and Communication","Ireland","Euro Million","51162.89"
"Gross Value Added (GVA) at Basic Prices","2019","Financial and Insurance Activities","Northern and Western","Euro Million","872.87"
"Gross Value Added (GVA) at Basic Prices","2019","Financial and Insurance Activities","Southern","Euro Million","2446.08"
"Gross Value Added (GVA) at Basic Prices","2019","Financial and Insurance Activities","Eastern and Midland","Euro Million","13720.19"
"Gross Value Added (GVA) at Basic Prices","2019","Financial and Insurance Activities","Ireland","Euro Million","17039.15"
"Gross Value Added (GVA) at Basic Prices","2019","Real Estate Activities","Northern and Western","Euro Million","1433.45"
"Gross Value Added (GVA) at Basic Prices","2019","Real Estate Activities","Southern","Euro Million","3684.88"
"Gross Value Added (GVA) at Basic Prices","2019","Real Estate Activities","Eastern and Midland","Euro Million","15198.48"
"Gross Value Added (GVA) at Basic Prices","2019","Real Estate Activities","Ireland","Euro Million","20316.81"
"Gross Value Added (GVA) at Basic Prices","2019","Professional, Admin and Support Services","Northern and Western","Euro Million","2942.92"
"Gross Value Added (GVA) at Basic Prices","2019","Professional, Admin and Support Services","Southern","Euro Million","7909.17"
"Gross Value Added (GVA) at Basic Prices","2019","Professional, Admin and Support Services","Eastern and Midland","Euro Million","31448.25"
"Gross Value Added (GVA) at Basic Prices","2019","Professional, Admin and Support Services","Ireland","Euro Million","42300.35"
"Gross Value Added (GVA) at Basic Prices","2019","Public Admin, Education and Health","Northern and Western","Euro Million","6049.84"
"Gross Value Added (GVA) at Basic Prices","2019","Public Admin, Education and Health","Southern","Euro Million","11076.9"
"Gross Value Added (GVA) at Basic Prices","2019","Public Admin, Education and Health","Eastern and Midland","Euro Million","18818.89"
"Gross Value Added (GVA) at Basic Prices","2019","Public Admin, Education and Health","Ireland","Euro Million","35945.63"
"Gross Value Added (GVA) at Basic Prices","2019","Arts, Entertainment and Other Services","Northern and Western","Euro Million","500.91"
"Gross Value Added (GVA) at Basic Prices","2019","Arts, Entertainment and Other Services","Southern","Euro Million","1085.67"
"Gross Value Added (GVA) at Basic Prices","2019","Arts, Entertainment and Other Services","Eastern and Midland","Euro Million","3147.79"
"Gross Value Added (GVA) at Basic Prices","2019","Arts, Entertainment and Other Services","Ireland","Euro Million","4734.37"
"Gross Value Added (GVA) at Basic Prices","2019","All Sectors","Northern and Western","Euro Million","26337.71"
"Gross Value Added (GVA) at Basic Prices","2019","All Sectors","Southern","Euro Million","124103.78"
"Gross Value Added (GVA) at Basic Prices","2019","All Sectors","Eastern and Midland","Euro Million","192607.83"
"Gross Value Added (GVA) at Basic Prices","2019","All Sectors","Ireland","Euro Million","343049.33"
"Gross Value Added (GVA) at Basic Prices","2020","Agriculture, Forestry and Fishing","Northern and Western","Euro Million","728.72"
"Gross Value Added (GVA) at Basic Prices","2020","Agriculture, Forestry and Fishing","Southern","Euro Million","2230.39"
"Gross Value Added (GVA) at Basic Prices","2020","Agriculture, Forestry and Fishing","Eastern and Midland","Euro Million","892.43"
"Gross Value Added (GVA) at Basic Prices","2020","Agriculture, Forestry and Fishing","Ireland","Euro Million","3851.54"
"Gross Value Added (GVA) at Basic Prices","2020","Industry (excl. Construction)","Northern and Western","Euro Million","9559.34"
"Gross Value Added (GVA) at Basic Prices","2020","Industry (excl. Construction)","Southern","Euro Million","87168.58"
"Gross Value Added (GVA) at Basic Prices","2020","Industry (excl. Construction)","Eastern and Midland","Euro Million","36500.32"
"Gross Value Added (GVA) at Basic Prices","2020","Industry (excl. Construction)","Ireland","Euro Million","133228.24"
"Gross Value Added (GVA) at Basic Prices","2020","Industry - of which Manufacturing","Northern and Western","Euro Million","8919.59"
"Gross Value Added (GVA) at Basic Prices","2020","Industry - of which Manufacturing","Southern","Euro Million","85309.35"
"Gross Value Added (GVA) at Basic Prices","2020","Industry - of which Manufacturing","Eastern and Midland","Euro Million","34089.92"
"Gross Value Added (GVA) at Basic Prices","2020","Industry - of which Manufacturing","Ireland","Euro Million","128318.86"
"Gross Value Added (GVA) at Basic Prices","2020","Construction","Northern and Western","Euro Million","1252.45"
"Gross Value Added (GVA) at Basic Prices","2020","Construction","Southern","Euro Million","2506.93"
"Gross Value Added (GVA) at Basic Prices","2020","Construction","Eastern and Midland","Euro Million","4940.51"
"Gross Value Added (GVA) at Basic Prices","2020","Construction","Ireland","Euro Million","8699.9"
"Gross Value Added (GVA) at Basic Prices","2020","Distribution, Transport, Hotels and Restaurants","Northern and Western","Euro Million","4466.78"
"Gross Value Added (GVA) at Basic Prices","2020","Distribution, Transport, Hotels and Restaurants","Southern","Euro Million","8884.29"
"Gross Value Added (GVA) at Basic Prices","2020","Distribution, Transport, Hotels and Restaurants","Eastern and Midland","Euro Million","19621.36"
"Gross Value Added (GVA) at Basic Prices","2020","Distribution, Transport, Hotels and Restaurants","Ireland","Euro Million","32972.43"
"Gross Value Added (GVA) at Basic Prices","2020","Information and Communication","Northern and Western","Euro Million","1534.28"
"Gross Value Added (GVA) at Basic Prices","2020","Information and Communication","Southern","Euro Million","2853.75"
"Gross Value Added (GVA) at Basic Prices","2020","Information and Communication","Eastern and Midland","Euro Million","57163.15"
"Gross Value Added (GVA) at Basic Prices","2020","Information and Communication","Ireland","Euro Million","61551.18"
"Gross Value Added (GVA) at Basic Prices","2020","Financial and Insurance Activities","Northern and Western","Euro Million","759.88"
"Gross Value Added (GVA) at Basic Prices","2020","Financial and Insurance Activities","Southern","Euro Million","1825.51"
"Gross Value Added (GVA) at Basic Prices","2020","Financial and Insurance Activities","Eastern and Midland","Euro Million","13298.06"
"Gross Value Added (GVA) at Basic Prices","2020","Financial and Insurance Activities","Ireland","Euro Million","15883.45"
"Gross Value Added (GVA) at Basic Prices","2020","Real Estate Activities","Northern and Western","Euro Million","1841.1"
"Gross Value Added (GVA) at Basic Prices","2020","Real Estate Activities","Southern","Euro Million","4744.89"
"Gross Value Added (GVA) at Basic Prices","2020","Real Estate Activities","Eastern and Midland","Euro Million","13649.16"
"Gross Value Added (GVA) at Basic Prices","2020","Real Estate Activities","Ireland","Euro Million","20235.15"
"Gross Value Added (GVA) at Basic Prices","2020","Professional, Admin and Support Services","Northern and Western","Euro Million","2444.19"
"Gross Value Added (GVA) at Basic Prices","2020","Professional, Admin and Support Services","Southern","Euro Million","7864.55"
"Gross Value Added (GVA) at Basic Prices","2020","Professional, Admin and Support Services","Eastern and Midland","Euro Million","31566.01"
"Gross Value Added (GVA) at Basic Prices","2020","Professional, Admin and Support Services","Ireland","Euro Million","41874.76"
"Gross Value Added (GVA) at Basic Prices","2020","Public Admin, Education and Health","Northern and Western","Euro Million","6123.62"
"Gross Value Added (GVA) at Basic Prices","2020","Public Admin, Education and Health","Southern","Euro Million","11423.76"
"Gross Value Added (GVA) at Basic Prices","2020","Public Admin, Education and Health","Eastern and Midland","Euro Million","18985.14"
"Gross Value Added (GVA) at Basic Prices","2020","Public Admin, Education and Health","Ireland","Euro Million","36532.51"
"Gross Value Added (GVA) at Basic Prices","2020","Arts, Entertainment and Other Services","Northern and Western","Euro Million","375.47"
"Gross Value Added (GVA) at Basic Prices","2020","Arts, Entertainment and Other Services","Southern","Euro Million","991.65"
"Gross Value Added (GVA) at Basic Prices","2020","Arts, Entertainment and Other Services","Eastern and Midland","Euro Million","2468.96"
"Gross Value Added (GVA) at Basic Prices","2020","Arts, Entertainment and Other Services","Ireland","Euro Million","3836.08"
"Gross Value Added (GVA) at Basic Prices","2020","All Sectors","Northern and Western","Euro Million","29085.82"
"Gross Value Added (GVA) at Basic Prices","2020","All Sectors","Southern","Euro Million","130494.31"
"Gross Value Added (GVA) at Basic Prices","2020","All Sectors","Eastern and Midland","Euro Million","199085.1"
"Gross Value Added (GVA) at Basic Prices","2020","All Sectors","Ireland","Euro Million","358665.23"
"Gross Value Added (GVA) at Basic Prices","2021","Agriculture, Forestry and Fishing","Northern and Western","Euro Million","791.2"
"Gross Value Added (GVA) at Basic Prices","2021","Agriculture, Forestry and Fishing","Southern","Euro Million","2712.39"
"Gross Value Added (GVA) at Basic Prices","2021","Agriculture, Forestry and Fishing","Eastern and Midland","Euro Million","1129.41"
"Gross Value Added (GVA) at Basic Prices","2021","Agriculture, Forestry and Fishing","Ireland","Euro Million","4633"
"Gross Value Added (GVA) at Basic Prices","2021","Industry (excl. Construction)","Northern and Western","Euro Million","11403.23"
"Gross Value Added (GVA) at Basic Prices","2021","Industry (excl. Construction)","Southern","Euro Million","107478.1"
"Gross Value Added (GVA) at Basic Prices","2021","Industry (excl. Construction)","Eastern and Midland","Euro Million","41607.19"
"Gross Value Added (GVA) at Basic Prices","2021","Industry (excl. Construction)","Ireland","Euro Million","160488.52"
"Gross Value Added (GVA) at Basic Prices","2021","Industry - of which Manufacturing","Northern and Western","Euro Million","10457.17"
"Gross Value Added (GVA) at Basic Prices","2021","Industry - of which Manufacturing","Southern","Euro Million","105476.73"
"Gross Value Added (GVA) at Basic Prices","2021","Industry - of which Manufacturing","Eastern and Midland","Euro Million","37946.89"
"Gross Value Added (GVA) at Basic Prices","2021","Industry - of which Manufacturing","Ireland","Euro Million","153880.8"
"Gross Value Added (GVA) at Basic Prices","2021","Construction","Northern and Western","Euro Million","1503.38"
"Gross Value Added (GVA) at Basic Prices","2021","Construction","Southern","Euro Million","3083.46"
"Gross Value Added (GVA) at Basic Prices","2021","Construction","Eastern and Midland","Euro Million","5542.86"
"Gross Value Added (GVA) at Basic Prices","2021","Construction","Ireland","Euro Million","10129.7"
"Gross Value Added (GVA) at Basic Prices","2021","Distribution, Transport, Hotels and Restaurants","Northern and Western","Euro Million","5094.89"
"Gross Value Added (GVA) at Basic Prices","2021","Distribution, Transport, Hotels and Restaurants","Southern","Euro Million","10197.53"
"Gross Value Added (GVA) at Basic Prices","2021","Distribution, Transport, Hotels and Restaurants","Eastern and Midland","Euro Million","21617.11"
"Gross Value Added (GVA) at Basic Prices","2021","Distribution, Transport, Hotels and Restaurants","Ireland","Euro Million","36909.52"
"Gross Value Added (GVA) at Basic Prices","2021","Information and Communication","Northern and Western","Euro Million","1618.8"
"Gross Value Added (GVA) at Basic Prices","2021","Information and Communication","Southern","Euro Million","3404.79"
"Gross Value Added (GVA) at Basic Prices","2021","Information and Communication","Eastern and Midland","Euro Million","74565.23"
"Gross Value Added (GVA) at Basic Prices","2021","Information and Communication","Ireland","Euro Million","79588.82"
"Gross Value Added (GVA) at Basic Prices","2021","Financial and Insurance Activities","Northern and Western","Euro Million","858.1"
"Gross Value Added (GVA) at Basic Prices","2021","Financial and Insurance Activities","Southern","Euro Million","2020.41"
"Gross Value Added (GVA) at Basic Prices","2021","Financial and Insurance Activities","Eastern and Midland","Euro Million","17057.79"
"Gross Value Added (GVA) at Basic Prices","2021","Financial and Insurance Activities","Ireland","Euro Million","19936.3"
"Gross Value Added (GVA) at Basic Prices","2021","Real Estate Activities","Northern and Western","Euro Million","2689.2"
"Gross Value Added (GVA) at Basic Prices","2021","Real Estate Activities","Southern","Euro Million","4773.71"
"Gross Value Added (GVA) at Basic Prices","2021","Real Estate Activities","Eastern and Midland","Euro Million","14752.93"
"Gross Value Added (GVA) at Basic Prices","2021","Real Estate Activities","Ireland","Euro Million","22215.84"
"Gross Value Added (GVA) at Basic Prices","2021","Professional, Admin and Support Services","Northern and Western","Euro Million","2779.39"
"Gross Value Added (GVA) at Basic Prices","2021","Professional, Admin and Support Services","Southern","Euro Million","8569.98"
"Gross Value Added (GVA) at Basic Prices","2021","Professional, Admin and Support Services","Eastern and Midland","Euro Million","33208.92"
"Gross Value Added (GVA) at Basic Prices","2021","Professional, Admin and Support Services","Ireland","Euro Million","44558.3"
"Gross Value Added (GVA) at Basic Prices","2021","Public Admin, Education and Health","Northern and Western","Euro Million","6583.48"
"Gross Value Added (GVA) at Basic Prices","2021","Public Admin, Education and Health","Southern","Euro Million","12278.94"
"Gross Value Added (GVA) at Basic Prices","2021","Public Admin, Education and Health","Eastern and Midland","Euro Million","20869.13"
"Gross Value Added (GVA) at Basic Prices","2021","Public Admin, Education and Health","Ireland","Euro Million","39731.55"
"Gross Value Added (GVA) at Basic Prices","2021","Arts, Entertainment and Other Services","Northern and Western","Euro Million","410.03"
"Gross Value Added (GVA) at Basic Prices","2021","Arts, Entertainment and Other Services","Southern","Euro Million","1196.01"
"Gross Value Added (GVA) at Basic Prices","2021","Arts, Entertainment and Other Services","Eastern and Midland","Euro Million","2845.79"
"Gross Value Added (GVA) at Basic Prices","2021","Arts, Entertainment and Other Services","Ireland","Euro Million","4451.83"
"Gross Value Added (GVA) at Basic Prices","2021","All Sectors","Northern and Western","Euro Million","33731.7"
"Gross Value Added (GVA) at Basic Prices","2021","All Sectors","Southern","Euro Million","155715.33"
"Gross Value Added (GVA) at Basic Prices","2021","All Sectors","Eastern and Midland","Euro Million","233196.35"
"Gross Value Added (GVA) at Basic Prices","2021","All Sectors","Ireland","Euro Million","422643.38"
"Gross Value Added (GVA) at Basic Prices","2022","Agriculture, Forestry and Fishing","Northern and Western","Euro Million","939.82"
"Gross Value Added (GVA) at Basic Prices","2022","Agriculture, Forestry and Fishing","Southern","Euro Million","3659.92"
"Gross Value Added (GVA) at Basic Prices","2022","Agriculture, Forestry and Fishing","Eastern and Midland","Euro Million","1507.33"
"Gross Value Added (GVA) at Basic Prices","2022","Agriculture, Forestry and Fishing","Ireland","Euro Million","6107.06"
"Gross Value Added (GVA) at Basic Prices","2022","Industry (excl. Construction)","Northern and Western","Euro Million","13928.31"
"Gross Value Added (GVA) at Basic Prices","2022","Industry (excl. Construction)","Southern","Euro Million","131511.1"
"Gross Value Added (GVA) at Basic Prices","2022","Industry (excl. Construction)","Eastern and Midland","Euro Million","54544.36"
"Gross Value Added (GVA) at Basic Prices","2022","Industry (excl. Construction)","Ireland","Euro Million","199983.78"
"Gross Value Added (GVA) at Basic Prices","2022","Industry - of which Manufacturing","Northern and Western","Euro Million","12947.62"
"Gross Value Added (GVA) at Basic Prices","2022","Industry - of which Manufacturing","Southern","Euro Million","129431.17"
"Gross Value Added (GVA) at Basic Prices","2022","Industry - of which Manufacturing","Eastern and Midland","Euro Million","50797.52"
"Gross Value Added (GVA) at Basic Prices","2022","Industry - of which Manufacturing","Ireland","Euro Million","193176.31"
"Gross Value Added (GVA) at Basic Prices","2022","Construction","Northern and Western","Euro Million","1841.52"
"Gross Value Added (GVA) at Basic Prices","2022","Construction","Southern","Euro Million","3468.89"
"Gross Value Added (GVA) at Basic Prices","2022","Construction","Eastern and Midland","Euro Million","6932.14"
"Gross Value Added (GVA) at Basic Prices","2022","Construction","Ireland","Euro Million","12242.54"
"Gross Value Added (GVA) at Basic Prices","2022","Distribution, Transport, Hotels and Restaurants","Northern and Western","Euro Million","6001.2"
"Gross Value Added (GVA) at Basic Prices","2022","Distribution, Transport, Hotels and Restaurants","Southern","Euro Million","11996.46"
"Gross Value Added (GVA) at Basic Prices","2022","Distribution, Transport, Hotels and Restaurants","Eastern and Midland","Euro Million","28524.62"
"Gross Value Added (GVA) at Basic Prices","2022","Distribution, Transport, Hotels and Restaurants","Ireland","Euro Million","46522.28"
"Gross Value Added (GVA) at Basic Prices","2022","Information and Communication","Northern and Western","Euro Million","1731.66"
"Gross Value Added (GVA) at Basic Prices","2022","Information and Communication","Southern","Euro Million","4012.77"
"Gross Value Added (GVA) at Basic Prices","2022","Information and Communication","Eastern and Midland","Euro Million","82051.59"
"Gross Value Added (GVA) at Basic Prices","2022","Information and Communication","Ireland","Euro Million","87796.02"
"Gross Value Added (GVA) at Basic Prices","2022","Financial and Insurance Activities","Northern and Western","Euro Million","899.65"
"Gross Value Added (GVA) at Basic Prices","2022","Financial and Insurance Activities","Southern","Euro Million","2167.39"
"Gross Value Added (GVA) at Basic Prices","2022","Financial and Insurance Activities","Eastern and Midland","Euro Million","14506.28"
"Gross Value Added (GVA) at Basic Prices","2022","Financial and Insurance Activities","Ireland","Euro Million","17573.33"
"Gross Value Added (GVA) at Basic Prices","2022","Real Estate Activities","Northern and Western","Euro Million","2931.78"
"Gross Value Added (GVA) at Basic Prices","2022","Real Estate Activities","Southern","Euro Million","5144.35"
"Gross Value Added (GVA) at Basic Prices","2022","Real Estate Activities","Eastern and Midland","Euro Million","17439.78"
"Gross Value Added (GVA) at Basic Prices","2022","Real Estate Activities","Ireland","Euro Million","25515.91"
"Gross Value Added (GVA) at Basic Prices","2022","Professional, Admin and Support Services","Northern and Western","Euro Million","2965.2"
"Gross Value Added (GVA) at Basic Prices","2022","Professional, Admin and Support Services","Southern","Euro Million","10561.2"
"Gross Value Added (GVA) at Basic Prices","2022","Professional, Admin and Support Services","Eastern and Midland","Euro Million","38506.55"
"Gross Value Added (GVA) at Basic Prices","2022","Professional, Admin and Support Services","Ireland","Euro Million","52032.95"
"Gross Value Added (GVA) at Basic Prices","2022","Public Admin, Education and Health","Northern and Western","Euro Million","7032.89"
"Gross Value Added (GVA) at Basic Prices","2022","Public Admin, Education and Health","Southern","Euro Million","13062.05"
"Gross Value Added (GVA) at Basic Prices","2022","Public Admin, Education and Health","Eastern and Midland","Euro Million","23345.96"
"Gross Value Added (GVA) at Basic Prices","2022","Public Admin, Education and Health","Ireland","Euro Million","43440.89"
"Gross Value Added (GVA) at Basic Prices","2022","Arts, Entertainment and Other Services","Northern and Western","Euro Million","527.55"
"Gross Value Added (GVA) at Basic Prices","2022","Arts, Entertainment and Other Services","Southern","Euro Million","1515.18"
"Gross Value Added (GVA) at Basic Prices","2022","Arts, Entertainment and Other Services","Eastern and Midland","Euro Million","3720.44"
"Gross Value Added (GVA) at Basic Prices","2022","Arts, Entertainment and Other Services","Ireland","Euro Million","5763.17"
"Gross Value Added (GVA) at Basic Prices","2022","All Sectors","Northern and Western","Euro Million","38799.57"
"Gross Value Added (GVA) at Basic Prices","2022","All Sectors","Southern","Euro Million","187099.31"
"Gross Value Added (GVA) at Basic Prices","2022","All Sectors","Eastern and Midland","Euro Million","271079.06"
"Gross Value Added (GVA) at Basic Prices","2022","All Sectors","Ireland","Euro Million","496977.93"
"Gross Value Added (GVA) at Basic Prices","2023","Agriculture, Forestry and Fishing","Northern and Western","Euro Million","762.37"
"Gross Value Added (GVA) at Basic Prices","2023","Agriculture, Forestry and Fishing","Southern","Euro Million","2450.37"
"Gross Value Added (GVA) at Basic Prices","2023","Agriculture, Forestry and Fishing","Eastern and Midland","Euro Million","1231.24"
"Gross Value Added (GVA) at Basic Prices","2023","Agriculture, Forestry and Fishing","Ireland","Euro Million","4443.98"
"Gross Value Added (GVA) at Basic Prices","2023","Industry (excl. Construction)","Northern and Western","Euro Million","15691.31"
"Gross Value Added (GVA) at Basic Prices","2023","Industry (excl. Construction)","Southern","Euro Million","111251.59"
"Gross Value Added (GVA) at Basic Prices","2023","Industry (excl. Construction)","Eastern and Midland","Euro Million","37920.62"
"Gross Value Added (GVA) at Basic Prices","2023","Industry (excl. Construction)","Ireland","Euro Million","164863.51"
"Gross Value Added (GVA) at Basic Prices","2023","Industry - of which Manufacturing","Northern and Western","Euro Million","14650.56"
"Gross Value Added (GVA) at Basic Prices","2023","Industry - of which Manufacturing","Southern","Euro Million","108728.07"
"Gross Value Added (GVA) at Basic Prices","2023","Industry - of which Manufacturing","Eastern and Midland","Euro Million","33014.42"
"Gross Value Added (GVA) at Basic Prices","2023","Industry - of which Manufacturing","Ireland","Euro Million","156393.06"
"Gross Value Added (GVA) at Basic Prices","2023","Construction","Northern and Western","Euro Million","2099.49"
"Gross Value Added (GVA) at Basic Prices","2023","Construction","Southern","Euro Million","3991.29"
"Gross Value Added (GVA) at Basic Prices","2023","Construction","Eastern and Midland","Euro Million","7472.91"
"Gross Value Added (GVA) at Basic Prices","2023","Construction","Ireland","Euro Million","13563.69"
"Gross Value Added (GVA) at Basic Prices","2023","Distribution, Transport, Hotels and Restaurants","Northern and Western","Euro Million","6531.13"
"Gross Value Added (GVA) at Basic Prices","2023","Distribution, Transport, Hotels and Restaurants","Southern","Euro Million","13551.52"
"Gross Value Added (GVA) at Basic Prices","2023","Distribution, Transport, Hotels and Restaurants","Eastern and Midland","Euro Million","31702.5"
"Gross Value Added (GVA) at Basic Prices","2023","Distribution, Transport, Hotels and Restaurants","Ireland","Euro Million","51785.15"
"Gross Value Added (GVA) at Basic Prices","2023","Information and Communication","Northern and Western","Euro Million","1816.96"
"Gross Value Added (GVA) at Basic Prices","2023","Information and Communication","Southern","Euro Million","3955.65"
"Gross Value Added (GVA) at Basic Prices","2023","Information and Communication","Eastern and Midland","Euro Million","95429.51"
"Gross Value Added (GVA) at Basic Prices","2023","Information and Communication","Ireland","Euro Million","101202.12"
"Gross Value Added (GVA) at Basic Prices","2023","Financial and Insurance Activities","Northern and Western","Euro Million","1158.85"
"Gross Value Added (GVA) at Basic Prices","2023","Financial and Insurance Activities","Southern","Euro Million","2548.46"
"Gross Value Added (GVA) at Basic Prices","2023","Financial and Insurance Activities","Eastern and Midland","Euro Million","19455.26"
"Gross Value Added (GVA) at Basic Prices","2023","Financial and Insurance Activities","Ireland","Euro Million","23162.58"
"Gross Value Added (GVA) at Basic Prices","2023","Real Estate Activities","Northern and Western","Euro Million","2541.66"
"Gross Value Added (GVA) at Basic Prices","2023","Real Estate Activities","Southern","Euro Million","5987.6"
"Gross Value Added (GVA) at Basic Prices","2023","Real Estate Activities","Eastern and Midland","Euro Million","18899.72"
"Gross Value Added (GVA) at Basic Prices","2023","Real Estate Activities","Ireland","Euro Million","27428.97"
"Gross Value Added (GVA) at Basic Prices","2023","Professional, Admin and Support Services","Northern and Western","Euro Million","3348.67"
"Gross Value Added (GVA) at Basic Prices","2023","Professional, Admin and Support Services","Southern","Euro Million","14011.46"
"Gross Value Added (GVA) at Basic Prices","2023","Professional, Admin and Support Services","Eastern and Midland","Euro Million","41632.17"
"Gross Value Added (GVA) at Basic Prices","2023","Professional, Admin and Support Services","Ireland","Euro Million","58992.29"
"Gross Value Added (GVA) at Basic Prices","2023","Public Admin, Education and Health","Northern and Western","Euro Million","7744.46"
"Gross Value Added (GVA) at Basic Prices","2023","Public Admin, Education and Health","Southern","Euro Million","14338.81"
"Gross Value Added (GVA) at Basic Prices","2023","Public Admin, Education and Health","Eastern and Midland","Euro Million","25687.78"
"Gross Value Added (GVA) at Basic Prices","2023","Public Admin, Education and Health","Ireland","Euro Million","47771.06"
"Gross Value Added (GVA) at Basic Prices","2023","Arts, Entertainment and Other Services","Northern and Western","Euro Million","561.9"
"Gross Value Added (GVA) at Basic Prices","2023","Arts, Entertainment and Other Services","Southern","Euro Million","1548.69"
"Gross Value Added (GVA) at Basic Prices","2023","Arts, Entertainment and Other Services","Eastern and Midland","Euro Million","3949.96"
"Gross Value Added (GVA) at Basic Prices","2023","Arts, Entertainment and Other Services","Ireland","Euro Million","6060.54"
"Gross Value Added (GVA) at Basic Prices","2023","All Sectors","Northern and Western","Euro Million","42256.79"
"Gross Value Added (GVA) at Basic Prices","2023","All Sectors","Southern","Euro Million","173635.43"
"Gross Value Added (GVA) at Basic Prices","2023","All Sectors","Eastern and Midland","Euro Million","283381.67"
"Gross Value Added (GVA) at Basic Prices","2023","All Sectors","Ireland","Euro Million","499273.9"
"Gross Value Added (GVA) at Basic Prices","2024","Agriculture, Forestry and Fishing","Northern and Western","Euro Million","1005.62"
"Gross Value Added (GVA) at Basic Prices","2024","Agriculture, Forestry and Fishing","Southern","Euro Million","3167.28"
"Gross Value Added (GVA) at Basic Prices","2024","Agriculture, Forestry and Fishing","Eastern and Midland","Euro Million","1574.04"
"Gross Value Added (GVA) at Basic Prices","2024","Agriculture, Forestry and Fishing","Ireland","Euro Million","5746.94"
"Gross Value Added (GVA) at Basic Prices","2024","Industry (excl. Construction)","Northern and Western","Euro Million","14999.04"
"Gross Value Added (GVA) at Basic Prices","2024","Industry (excl. Construction)","Southern","Euro Million","107833.44"
"Gross Value Added (GVA) at Basic Prices","2024","Industry (excl. Construction)","Eastern and Midland","Euro Million","52137.74"
"Gross Value Added (GVA) at Basic Prices","2024","Industry (excl. Construction)","Ireland","Euro Million","174970.22"
"Gross Value Added (GVA) at Basic Prices","2024","Industry - of which Manufacturing","Northern and Western","Euro Million","13803.71"
"Gross Value Added (GVA) at Basic Prices","2024","Industry - of which Manufacturing","Southern","Euro Million","105266.37"
"Gross Value Added (GVA) at Basic Prices","2024","Industry - of which Manufacturing","Eastern and Midland","Euro Million","47320.02"
"Gross Value Added (GVA) at Basic Prices","2024","Industry - of which Manufacturing","Ireland","Euro Million","166390.09"
"Gross Value Added (GVA) at Basic Prices","2024","Construction","Northern and Western","Euro Million","2198.81"
"Gross Value Added (GVA) at Basic Prices","2024","Construction","Southern","Euro Million","4107.32"
"Gross Value Added (GVA) at Basic Prices","2024","Construction","Eastern and Midland","Euro Million","8005.86"
"Gross Value Added (GVA) at Basic Prices","2024","Construction","Ireland","Euro Million","14311.99"
"Gross Value Added (GVA) at Basic Prices","2024","Distribution, Transport, Hotels and Restaurants","Northern and Western","Euro Million","6708.38"
"Gross Value Added (GVA) at Basic Prices","2024","Distribution, Transport, Hotels and Restaurants","Southern","Euro Million","13546.65"
"Gross Value Added (GVA) at Basic Prices","2024","Distribution, Transport, Hotels and Restaurants","Eastern and Midland","Euro Million","32525.1"
"Gross Value Added (GVA) at Basic Prices","2024","Distribution, Transport, Hotels and Restaurants","Ireland","Euro Million","52780.13"
"Gross Value Added (GVA) at Basic Prices","2024","Information and Communication","Northern and Western","Euro Million","1934.41"
"Gross Value Added (GVA) at Basic Prices","2024","Information and Communication","Southern","Euro Million","4331.19"
"Gross Value Added (GVA) at Basic Prices","2024","Information and Communication","Eastern and Midland","Euro Million","104949.32"
"Gross Value Added (GVA) at Basic Prices","2024","Information and Communication","Ireland","Euro Million","111214.92"
"Gross Value Added (GVA) at Basic Prices","2024","Financial and Insurance Activities","Northern and Western","Euro Million","1394.83"
"Gross Value Added (GVA) at Basic Prices","2024","Financial and Insurance Activities","Southern","Euro Million","3071.56"
"Gross Value Added (GVA) at Basic Prices","2024","Financial and Insurance Activities","Eastern and Midland","Euro Million","22615.31"
"Gross Value Added (GVA) at Basic Prices","2024","Financial and Insurance Activities","Ireland","Euro Million","27081.7"
"Gross Value Added (GVA) at Basic Prices","2024","Real Estate Activities","Northern and Western","Euro Million","2670.42"
"Gross Value Added (GVA) at Basic Prices","2024","Real Estate Activities","Southern","Euro Million","6409.42"
"Gross Value Added (GVA) at Basic Prices","2024","Real Estate Activities","Eastern and Midland","Euro Million","21687.99"
"Gross Value Added (GVA) at Basic Prices","2024","Real Estate Activities","Ireland","Euro Million","30767.83"
"Gross Value Added (GVA) at Basic Prices","2024","Professional, Admin and Support Services","Northern and Western","Euro Million","3444.1"
"Gross Value Added (GVA) at Basic Prices","2024","Professional, Admin and Support Services","Southern","Euro Million","14968.32"
"Gross Value Added (GVA) at Basic Prices","2024","Professional, Admin and Support Services","Eastern and Midland","Euro Million","43983.31"
"Gross Value Added (GVA) at Basic Prices","2024","Professional, Admin and Support Services","Ireland","Euro Million","62395.73"
"Gross Value Added (GVA) at Basic Prices","2024","Public Admin, Education and Health","Northern and Western","Euro Million","7926.19"
"Gross Value Added (GVA) at Basic Prices","2024","Public Admin, Education and Health","Southern","Euro Million","14764.95"
"Gross Value Added (GVA) at Basic Prices","2024","Public Admin, Education and Health","Eastern and Midland","Euro Million","28029.27"
"Gross Value Added (GVA) at Basic Prices","2024","Public Admin, Education and Health","Ireland","Euro Million","50720.41"
"Gross Value Added (GVA) at Basic Prices","2024","Arts, Entertainment and Other Services","Northern and Western","Euro Million","501.9"
"Gross Value Added (GVA) at Basic Prices","2024","Arts, Entertainment and Other Services","Southern","Euro Million","1402.5"
"Gross Value Added (GVA) at Basic Prices","2024","Arts, Entertainment and Other Services","Eastern and Midland","Euro Million","3983.12"
"Gross Value Added (GVA) at Basic Prices","2024","Arts, Entertainment and Other Services","Ireland","Euro Million","5887.52"
"Gross Value Added (GVA) at Basic Prices","2024","All Sectors","Northern and Western","Euro Million","42783.71"
"Gross Value Added (GVA) at Basic Prices","2024","All Sectors","Southern","Euro Million","173602.62"
"Gross Value Added (GVA) at Basic Prices","2024","All Sectors","Eastern and Midland","Euro Million","319491.06"
"Gross Value Added (GVA) at Basic Prices","2024","All Sectors","Ireland","Euro Million","535877.38"
"Total Persons at Work","2000","Agriculture, Forestry and Fishing","Northern and Western","Number","43.59"
"Total Persons at Work","2000","Agriculture, Forestry and Fishing","Southern","Number","60.41"
"Total Persons at Work","2000","Agriculture, Forestry and Fishing","Eastern and Midland","Number","25.32"
"Total Persons at Work","2000","Agriculture, Forestry and Fishing","Ireland","Number","129.32"
"Total Persons at Work","2000","Industry (excl. Construction)","Northern and Western","Number","58.06"
"Total Persons at Work","2000","Industry (excl. Construction)","Southern","Number","130.11"
"Total Persons at Work","2000","Industry (excl. Construction)","Eastern and Midland","Number","149.16"
"Total Persons at Work","2000","Industry (excl. Construction)","Ireland","Number","337.33"
"Total Persons at Work","2000","Industry - of which Manufacturing","Northern and Western","Number","54.54"
"Total Persons at Work","2000","Industry - of which Manufacturing","Southern","Number","122.72"
"Total Persons at Work","2000","Industry - of which Manufacturing","Eastern and Midland","Number","136.89"
"Total Persons at Work","2000","Industry - of which Manufacturing","Ireland","Number","314.15"
"Total Persons at Work","2000","Construction","Northern and Western","Number","28.89"
"Total Persons at Work","2000","Construction","Southern","Number","51.19"
"Total Persons at Work","2000","Construction","Eastern and Midland","Number","64.02"
"Total Persons at Work","2000","Construction","Ireland","Number","144.1"
"Total Persons at Work","2000","Distribution, Transport, Hotels and Restaurants","Northern and Western","Number","64.07"
"Total Persons at Work","2000","Distribution, Transport, Hotels and Restaurants","Southern","Number","151.2"
"Total Persons at Work","2000","Distribution, Transport, Hotels and Restaurants","Eastern and Midland","Number","234.25"
"Total Persons at Work","2000","Distribution, Transport, Hotels and Restaurants","Ireland","Number","449.53"
"Total Persons at Work","2000","Information and Communication","Northern and Western","Number","6.06"
"Total Persons at Work","2000","Information and Communication","Southern","Number","14.39"
"Total Persons at Work","2000","Information and Communication","Eastern and Midland","Number","56.55"
"Total Persons at Work","2000","Information and Communication","Ireland","Number","77"
"Total Persons at Work","2000","Financial and Insurance Activities","Northern and Western","Number","5.6"
"Total Persons at Work","2000","Financial and Insurance Activities","Southern","Number","14.39"
"Total Persons at Work","2000","Financial and Insurance Activities","Eastern and Midland","Number","52.63"
"Total Persons at Work","2000","Financial and Insurance Activities","Ireland","Number","72.62"
"Total Persons at Work","2000","Real Estate Activities","Northern and Western","Number","0.72"
"Total Persons at Work","2000","Real Estate Activities","Southern","Number","2.05"
"Total Persons at Work","2000","Real Estate Activities","Eastern and Midland","Number","4.06"
"Total Persons at Work","2000","Real Estate Activities","Ireland","Number","6.83"
"Total Persons at Work","2000","Professional, Admin and Support Services","Northern and Western","Number","16.61"
"Total Persons at Work","2000","Professional, Admin and Support Services","Southern","Number","41.82"
"Total Persons at Work","2000","Professional, Admin and Support Services","Eastern and Midland","Number","91.18"
"Total Persons at Work","2000","Professional, Admin and Support Services","Ireland","Number","149.61"
"Total Persons at Work","2000","Public Admin, Education and Health","Northern and Western","Number","52.69"
"Total Persons at Work","2000","Public Admin, Education and Health","Southern","Number","99.43"
"Total Persons at Work","2000","Public Admin, Education and Health","Eastern and Midland","Number","171.32"
"Total Persons at Work","2000","Public Admin, Education and Health","Ireland","Number","323.43"
"Total Persons at Work","2000","Arts, Entertainment and Other Services","Northern and Western","Number","12.22"
"Total Persons at Work","2000","Arts, Entertainment and Other Services","Southern","Number","27.69"
"Total Persons at Work","2000","Arts, Entertainment and Other Services","Eastern and Midland","Number","42.36"
"Total Persons at Work","2000","Arts, Entertainment and Other Services","Ireland","Number","82.27"
"Total Persons at Work","2000","All Sectors","Northern and Western","Number","288.51"
"Total Persons at Work","2000","All Sectors","Southern","Number","592.67"
"Total Persons at Work","2000","All Sectors","Eastern and Midland","Number","890.86"
"Total Persons at Work","2000","All Sectors","Ireland","Number","1772.04"
"Total Persons at Work","2001","Agriculture, Forestry and Fishing","Northern and Western","Number","42.48"
"Total Persons at Work","2001","Agriculture, Forestry and Fishing","Southern","Number","58.35"
"Total Persons at Work","2001","Agriculture, Forestry and Fishing","Eastern and Midland","Number","24.01"
"Total Persons at Work","2001","Agriculture, Forestry and Fishing","Ireland","Number","124.84"
"Total Persons at Work","2001","Industry (excl. Construction)","Northern and Western","Number","60.86"
"Total Persons at Work","2001","Industry (excl. Construction)","Southern","Number","132.92"
"Total Persons at Work","2001","Industry (excl. Construction)","Eastern and Midland","Number","145.75"
"Total Persons at Work","2001","Industry (excl. Construction)","Ireland","Number","339.53"
"Total Persons at Work","2001","Industry - of which Manufacturing","Northern and Western","Number","56.29"
"Total Persons at Work","2001","Industry - of which Manufacturing","Southern","Number","124.79"
"Total Persons at Work","2001","Industry - of which Manufacturing","Eastern and Midland","Number","132.89"
"Total Persons at Work","2001","Industry - of which Manufacturing","Ireland","Number","313.98"
"Total Persons at Work","2001","Construction","Northern and Western","Number","29.68"
"Total Persons at Work","2001","Construction","Southern","Number","54.07"
"Total Persons at Work","2001","Construction","Eastern and Midland","Number","69.55"
"Total Persons at Work","2001","Construction","Ireland","Number","153.3"
"Total Persons at Work","2001","Distribution, Transport, Hotels and Restaurants","Northern and Western","Number","68.85"
"Total Persons at Work","2001","Distribution, Transport, Hotels and Restaurants","Southern","Number","149.44"
"Total Persons at Work","2001","Distribution, Transport, Hotels and Restaurants","Eastern and Midland","Number","242.42"
"Total Persons at Work","2001","Distribution, Transport, Hotels and Restaurants","Ireland","Number","460.71"
"Total Persons at Work","2001","Information and Communication","Northern and Western","Number","6.06"
"Total Persons at Work","2001","Information and Communication","Southern","Number","15.2"
"Total Persons at Work","2001","Information and Communication","Eastern and Midland","Number","57.69"
"Total Persons at Work","2001","Information and Communication","Ireland","Number","78.95"
"Total Persons at Work","2001","Financial and Insurance Activities","Northern and Western","Number","5.84"
"Total Persons at Work","2001","Financial and Insurance Activities","Southern","Number","14.47"
"Total Persons at Work","2001","Financial and Insurance Activities","Eastern and Midland","Number","54.28"
"Total Persons at Work","2001","Financial and Insurance Activities","Ireland","Number","74.6"
"Total Persons at Work","2001","Real Estate Activities","Northern and Western","Number","1.07"
"Total Persons at Work","2001","Real Estate Activities","Southern","Number","1.99"
"Total Persons at Work","2001","Real Estate Activities","Eastern and Midland","Number","4.38"
"Total Persons at Work","2001","Real Estate Activities","Ireland","Number","7.45"
"Total Persons at Work","2001","Professional, Admin and Support Services","Northern and Western","Number","16.86"
"Total Persons at Work","2001","Professional, Admin and Support Services","Southern","Number","43.55"
"Total Persons at Work","2001","Professional, Admin and Support Services","Eastern and Midland","Number","97.16"
"Total Persons at Work","2001","Professional, Admin and Support Services","Ireland","Number","157.57"
"Total Persons at Work","2001","Public Admin, Education and Health","Northern and Western","Number","56.48"
"Total Persons at Work","2001","Public Admin, Education and Health","Southern","Number","108.39"
"Total Persons at Work","2001","Public Admin, Education and Health","Eastern and Midland","Number","174.97"
"Total Persons at Work","2001","Public Admin, Education and Health","Ireland","Number","339.84"
"Total Persons at Work","2001","Arts, Entertainment and Other Services","Northern and Western","Number","12.75"
"Total Persons at Work","2001","Arts, Entertainment and Other Services","Southern","Number","27.45"
"Total Persons at Work","2001","Arts, Entertainment and Other Services","Eastern and Midland","Number","44.93"
"Total Persons at Work","2001","Arts, Entertainment and Other Services","Ireland","Number","85.13"
"Total Persons at Work","2001","All Sectors","Northern and Western","Number","300.93"
"Total Persons at Work","2001","All Sectors","Southern","Number","605.85"
"Total Persons at Work","2001","All Sectors","Eastern and Midland","Number","915.15"
"Total Persons at Work","2001","All Sectors","Ireland","Number","1821.94"
"Total Persons at Work","2002","Agriculture, Forestry and Fishing","Northern and Western","Number","39.91"
"Total Persons at Work","2002","Agriculture, Forestry and Fishing","Southern","Number","57.44"
"Total Persons at Work","2002","Agriculture, Forestry and Fishing","Eastern and Midland","Number","23.67"
"Total Persons at Work","2002","Agriculture, Forestry and Fishing","Ireland","Number","121.03"
"Total Persons at Work","2002","Industry (excl. Construction)","Northern and Western","Number","58.49"
"Total Persons at Work","2002","Industry (excl. Construction)","Southern","Number","129.72"
"Total Persons at Work","2002","Industry (excl. Construction)","Eastern and Midland","Number","138.32"
"Total Persons at Work","2002","Industry (excl. Construction)","Ireland","Number","326.53"
"Total Persons at Work","2002","Industry - of which Manufacturing","Northern and Western","Number","54.03"
"Total Persons at Work","2002","Industry - of which Manufacturing","Southern","Number","121.27"
"Total Persons at Work","2002","Industry - of which Manufacturing","Eastern and Midland","Number","125.11"
"Total Persons at Work","2002","Industry - of which Manufacturing","Ireland","Number","300.42"
"Total Persons at Work","2002","Construction","Northern and Western","Number","32.34"
"Total Persons at Work","2002","Construction","Southern","Number","53.39"
"Total Persons at Work","2002","Construction","Eastern and Midland","Number","69.95"
"Total Persons at Work","2002","Construction","Ireland","Number","155.68"
"Total Persons at Work","2002","Distribution, Transport, Hotels and Restaurants","Northern and Western","Number","71.21"
"Total Persons at Work","2002","Distribution, Transport, Hotels and Restaurants","Southern","Number","152.83"
"Total Persons at Work","2002","Distribution, Transport, Hotels and Restaurants","Eastern and Midland","Number","243.87"
"Total Persons at Work","2002","Distribution, Transport, Hotels and Restaurants","Ireland","Number","467.91"
"Total Persons at Work","2002","Information and Communication","Northern and Western","Number","6.74"
"Total Persons at Work","2002","Information and Communication","Southern","Number","16.08"
"Total Persons at Work","2002","Information and Communication","Eastern and Midland","Number","57.89"
"Total Persons at Work","2002","Information and Communication","Ireland","Number","80.71"
"Total Persons at Work","2002","Financial and Insurance Activities","Northern and Western","Number","6.81"
"Total Persons at Work","2002","Financial and Insurance Activities","Southern","Number","14.07"
"Total Persons at Work","2002","Financial and Insurance Activities","Eastern and Midland","Number","54.13"
"Total Persons at Work","2002","Financial and Insurance Activities","Ireland","Number","75.01"
"Total Persons at Work","2002","Real Estate Activities","Northern and Western","Number","1.1"
"Total Persons at Work","2002","Real Estate Activities","Southern","Number","1.97"
"Total Persons at Work","2002","Real Estate Activities","Eastern and Midland","Number","4.8"
"Total Persons at Work","2002","Real Estate Activities","Ireland","Number","7.87"
"Total Persons at Work","2002","Professional, Admin and Support Services","Northern and Western","Number","17.71"
"Total Persons at Work","2002","Professional, Admin and Support Services","Southern","Number","45.75"
"Total Persons at Work","2002","Professional, Admin and Support Services","Eastern and Midland","Number","96.1"
"Total Persons at Work","2002","Professional, Admin and Support Services","Ireland","Number","159.56"
"Total Persons at Work","2002","Public Admin, Education and Health","Northern and Western","Number","61.62"
"Total Persons at Work","2002","Public Admin, Education and Health","Southern","Number","117.76"
"Total Persons at Work","2002","Public Admin, Education and Health","Eastern and Midland","Number","187.55"
"Total Persons at Work","2002","Public Admin, Education and Health","Ireland","Number","366.93"
"Total Persons at Work","2002","Arts, Entertainment and Other Services","Northern and Western","Number","12.99"
"Total Persons at Work","2002","Arts, Entertainment and Other Services","Southern","Number","29.18"
"Total Persons at Work","2002","Arts, Entertainment and Other Services","Eastern and Midland","Number","45.87"
"Total Persons at Work","2002","Arts, Entertainment and Other Services","Ireland","Number","88.03"
"Total Persons at Work","2002","All Sectors","Northern and Western","Number","308.92"
"Total Persons at Work","2002","All Sectors","Southern","Number","618.19"
"Total Persons at Work","2002","All Sectors","Eastern and Midland","Number","922.15"
"Total Persons at Work","2002","All Sectors","Ireland","Number","1849.26"
"Total Persons at Work","2003","Agriculture, Forestry and Fishing","Northern and Western","Number","37"
"Total Persons at Work","2003","Agriculture, Forestry and Fishing","Southern","Number","55.64"
"Total Persons at Work","2003","Agriculture, Forestry and Fishing","Eastern and Midland","Number","24.32"
"Total Persons at Work","2003","Agriculture, Forestry and Fishing","Ireland","Number","116.96"
"Total Persons at Work","2003","Industry (excl. Construction)","Northern and Western","Number","56.05"
"Total Persons at Work","2003","Industry (excl. Construction)","Southern","Number","126.43"
"Total Persons at Work","2003","Industry (excl. Construction)","Eastern and Midland","Number","136.5"
"Total Persons at Work","2003","Industry (excl. Construction)","Ireland","Number","318.98"
"Total Persons at Work","2003","Industry - of which Manufacturing","Northern and Western","Number","51.2"
"Total Persons at Work","2003","Industry - of which Manufacturing","Southern","Number","118.15"
"Total Persons at Work","2003","Industry - of which Manufacturing","Eastern and Midland","Number","123.21"
"Total Persons at Work","2003","Industry - of which Manufacturing","Ireland","Number","292.56"
"Total Persons at Work","2003","Construction","Northern and Western","Number","33.45"
"Total Persons at Work","2003","Construction","Southern","Number","55.68"
"Total Persons at Work","2003","Construction","Eastern and Midland","Number","72"
"Total Persons at Work","2003","Construction","Ireland","Number","161.13"
"Total Persons at Work","2003","Distribution, Transport, Hotels and Restaurants","Northern and Western","Number","77.29"
"Total Persons at Work","2003","Distribution, Transport, Hotels and Restaurants","Southern","Number","159.93"
"Total Persons at Work","2003","Distribution, Transport, Hotels and Restaurants","Eastern and Midland","Number","242.73"
"Total Persons at Work","2003","Distribution, Transport, Hotels and Restaurants","Ireland","Number","479.95"
"Total Persons at Work","2003","Information and Communication","Northern and Western","Number","7.33"
"Total Persons at Work","2003","Information and Communication","Southern","Number","15.17"
"Total Persons at Work","2003","Information and Communication","Eastern and Midland","Number","54.6"
"Total Persons at Work","2003","Information and Communication","Ireland","Number","77.1"
"Total Persons at Work","2003","Financial and Insurance Activities","Northern and Western","Number","7.86"
"Total Persons at Work","2003","Financial and Insurance Activities","Southern","Number","15.27"
"Total Persons at Work","2003","Financial and Insurance Activities","Eastern and Midland","Number","56.48"
"Total Persons at Work","2003","Financial and Insurance Activities","Ireland","Number","79.61"
"Total Persons at Work","2003","Real Estate Activities","Northern and Western","Number","0.87"
"Total Persons at Work","2003","Real Estate Activities","Southern","Number","2.17"
"Total Persons at Work","2003","Real Estate Activities","Eastern and Midland","Number","4.6"
"Total Persons at Work","2003","Real Estate Activities","Ireland","Number","7.64"
"Total Persons at Work","2003","Professional, Admin and Support Services","Northern and Western","Number","19.41"
"Total Persons at Work","2003","Professional, Admin and Support Services","Southern","Number","45.48"
"Total Persons at Work","2003","Professional, Admin and Support Services","Eastern and Midland","Number","100.46"
"Total Persons at Work","2003","Professional, Admin and Support Services","Ireland","Number","165.35"
"Total Persons at Work","2003","Public Admin, Education and Health","Northern and Western","Number","67.65"
"Total Persons at Work","2003","Public Admin, Education and Health","Southern","Number","122.42"
"Total Persons at Work","2003","Public Admin, Education and Health","Eastern and Midland","Number","197.14"
"Total Persons at Work","2003","Public Admin, Education and Health","Ireland","Number","387.21"
"Total Persons at Work","2003","Arts, Entertainment and Other Services","Northern and Western","Number","13.69"
"Total Persons at Work","2003","Arts, Entertainment and Other Services","Southern","Number","29.56"
"Total Persons at Work","2003","Arts, Entertainment and Other Services","Eastern and Midland","Number","47.55"
"Total Persons at Work","2003","Arts, Entertainment and Other Services","Ireland","Number","90.8"
"Total Persons at Work","2003","All Sectors","Northern and Western","Number","320.59"
"Total Persons at Work","2003","All Sectors","Southern","Number","627.76"
"Total Persons at Work","2003","All Sectors","Eastern and Midland","Number","936.38"
"Total Persons at Work","2003","All Sectors","Ireland","Number","1884.74"
"Total Persons at Work","2004","Agriculture, Forestry and Fishing","Northern and Western","Number","37.56"
"Total Persons at Work","2004","Agriculture, Forestry and Fishing","Southern","Number","56.45"
"Total Persons at Work","2004","Agriculture, Forestry and Fishing","Eastern and Midland","Number","21.43"
"Total Persons at Work","2004","Agriculture, Forestry and Fishing","Ireland","Number","115.44"
"Total Persons at Work","2004","Industry (excl. Construction)","Northern and Western","Number","57.24"
"Total Persons at Work","2004","Industry (excl. Construction)","Southern","Number","124.77"
"Total Persons at Work","2004","Industry (excl. Construction)","Eastern and Midland","Number","133.24"
"Total Persons at Work","2004","Industry (excl. Construction)","Ireland","Number","315.25"
"Total Persons at Work","2004","Industry - of which Manufacturing","Northern and Western","Number","51.74"
"Total Persons at Work","2004","Industry - of which Manufacturing","Southern","Number","115.05"
"Total Persons at Work","2004","Industry - of which Manufacturing","Eastern and Midland","Number","119.22"
"Total Persons at Work","2004","Industry - of which Manufacturing","Ireland","Number","286.02"
"Total Persons at Work","2004","Construction","Northern and Western","Number","38.04"
"Total Persons at Work","2004","Construction","Southern","Number","65.26"
"Total Persons at Work","2004","Construction","Eastern and Midland","Number","76.05"
"Total Persons at Work","2004","Construction","Ireland","Number","179.35"
"Total Persons at Work","2004","Distribution, Transport, Hotels and Restaurants","Northern and Western","Number","78.27"
"Total Persons at Work","2004","Distribution, Transport, Hotels and Restaurants","Southern","Number","157.73"
"Total Persons at Work","2004","Distribution, Transport, Hotels and Restaurants","Eastern and Midland","Number","250.39"
"Total Persons at Work","2004","Distribution, Transport, Hotels and Restaurants","Ireland","Number","486.4"
"Total Persons at Work","2004","Information and Communication","Northern and Western","Number","8.06"
"Total Persons at Work","2004","Information and Communication","Southern","Number","15.25"
"Total Persons at Work","2004","Information and Communication","Eastern and Midland","Number","52.89"
"Total Persons at Work","2004","Information and Communication","Ireland","Number","76.2"
"Total Persons at Work","2004","Financial and Insurance Activities","Northern and Western","Number","8.57"
"Total Persons at Work","2004","Financial and Insurance Activities","Southern","Number","17.47"
"Total Persons at Work","2004","Financial and Insurance Activities","Eastern and Midland","Number","61.76"
"Total Persons at Work","2004","Financial and Insurance Activities","Ireland","Number","87.79"
"Total Persons at Work","2004","Real Estate Activities","Northern and Western","Number","1.06"
"Total Persons at Work","2004","Real Estate Activities","Southern","Number","1.95"
"Total Persons at Work","2004","Real Estate Activities","Eastern and Midland","Number","3.07"
"Total Persons at Work","2004","Real Estate Activities","Ireland","Number","6.08"
"Total Persons at Work","2004","Professional, Admin and Support Services","Northern and Western","Number","21.3"
"Total Persons at Work","2004","Professional, Admin and Support Services","Southern","Number","53.53"
"Total Persons at Work","2004","Professional, Admin and Support Services","Eastern and Midland","Number","105.8"
"Total Persons at Work","2004","Professional, Admin and Support Services","Ireland","Number","180.63"
"Total Persons at Work","2004","Public Admin, Education and Health","Northern and Western","Number","71.59"
"Total Persons at Work","2004","Public Admin, Education and Health","Southern","Number","125.97"
"Total Persons at Work","2004","Public Admin, Education and Health","Eastern and Midland","Number","200.54"
"Total Persons at Work","2004","Public Admin, Education and Health","Ireland","Number","398.1"
"Total Persons at Work","2004","Arts, Entertainment and Other Services","Northern and Western","Number","15.95"
"Total Persons at Work","2004","Arts, Entertainment and Other Services","Southern","Number","32.28"
"Total Persons at Work","2004","Arts, Entertainment and Other Services","Eastern and Midland","Number","52.68"
"Total Persons at Work","2004","Arts, Entertainment and Other Services","Ireland","Number","100.92"
"Total Persons at Work","2004","All Sectors","Northern and Western","Number","337.64"
"Total Persons at Work","2004","All Sectors","Southern","Number","650.65"
"Total Persons at Work","2004","All Sectors","Eastern and Midland","Number","957.85"
"Total Persons at Work","2004","All Sectors","Ireland","Number","1946.14"
"Total Persons at Work","2005","Agriculture, Forestry and Fishing","Northern and Western","Number","37.99"
"Total Persons at Work","2005","Agriculture, Forestry and Fishing","Southern","Number","53.34"
"Total Persons at Work","2005","Agriculture, Forestry and Fishing","Eastern and Midland","Number","21.36"
"Total Persons at Work","2005","Agriculture, Forestry and Fishing","Ireland","Number","112.7"
"Total Persons at Work","2005","Industry (excl. Construction)","Northern and Western","Number","58.35"
"Total Persons at Work","2005","Industry (excl. Construction)","Southern","Number","121.75"
"Total Persons at Work","2005","Industry (excl. Construction)","Eastern and Midland","Number","130.96"
"Total Persons at Work","2005","Industry (excl. Construction)","Ireland","Number","311.05"
"Total Persons at Work","2005","Industry - of which Manufacturing","Northern and Western","Number","52.12"
"Total Persons at Work","2005","Industry - of which Manufacturing","Southern","Number","110.44"
"Total Persons at Work","2005","Industry - of which Manufacturing","Eastern and Midland","Number","115.82"
"Total Persons at Work","2005","Industry - of which Manufacturing","Ireland","Number","278.38"
"Total Persons at Work","2005","Construction","Northern and Western","Number","42.66"
"Total Persons at Work","2005","Construction","Southern","Number","73"
"Total Persons at Work","2005","Construction","Eastern and Midland","Number","89.01"
"Total Persons at Work","2005","Construction","Ireland","Number","204.67"
"Total Persons at Work","2005","Distribution, Transport, Hotels and Restaurants","Northern and Western","Number","82.74"
"Total Persons at Work","2005","Distribution, Transport, Hotels and Restaurants","Southern","Number","165.94"
"Total Persons at Work","2005","Distribution, Transport, Hotels and Restaurants","Eastern and Midland","Number","257.65"
"Total Persons at Work","2005","Distribution, Transport, Hotels and Restaurants","Ireland","Number","506.33"
"Total Persons at Work","2005","Information and Communication","Northern and Western","Number","7.05"
"Total Persons at Work","2005","Information and Communication","Southern","Number","18.21"
"Total Persons at Work","2005","Information and Communication","Eastern and Midland","Number","57.11"
"Total Persons at Work","2005","Information and Communication","Ireland","Number","82.37"
"Total Persons at Work","2005","Financial and Insurance Activities","Northern and Western","Number","8.55"
"Total Persons at Work","2005","Financial and Insurance Activities","Southern","Number","17.6"
"Total Persons at Work","2005","Financial and Insurance Activities","Eastern and Midland","Number","64.38"
"Total Persons at Work","2005","Financial and Insurance Activities","Ireland","Number","90.53"
"Total Persons at Work","2005","Real Estate Activities","Northern and Western","Number","1"
"Total Persons at Work","2005","Real Estate Activities","Southern","Number","2.13"
"Total Persons at Work","2005","Real Estate Activities","Eastern and Midland","Number","5.25"
"Total Persons at Work","2005","Real Estate Activities","Ireland","Number","8.37"
"Total Persons at Work","2005","Professional, Admin and Support Services","Northern and Western","Number","23.43"
"Total Persons at Work","2005","Professional, Admin and Support Services","Southern","Number","61.4"
"Total Persons at Work","2005","Professional, Admin and Support Services","Eastern and Midland","Number","112.35"
"Total Persons at Work","2005","Professional, Admin and Support Services","Ireland","Number","197.17"
"Total Persons at Work","2005","Public Admin, Education and Health","Northern and Western","Number","72.73"
"Total Persons at Work","2005","Public Admin, Education and Health","Southern","Number","136.61"
"Total Persons at Work","2005","Public Admin, Education and Health","Eastern and Midland","Number","215.05"
"Total Persons at Work","2005","Public Admin, Education and Health","Ireland","Number","424.39"
"Total Persons at Work","2005","Arts, Entertainment and Other Services","Northern and Western","Number","14.52"
"Total Persons at Work","2005","Arts, Entertainment and Other Services","Southern","Number","30.8"
"Total Persons at Work","2005","Arts, Entertainment and Other Services","Eastern and Midland","Number","54.12"
"Total Persons at Work","2005","Arts, Entertainment and Other Services","Ireland","Number","99.43"
"Total Persons at Work","2005","All Sectors","Northern and Western","Number","349.01"
"Total Persons at Work","2005","All Sectors","Southern","Number","680.76"
"Total Persons at Work","2005","All Sectors","Eastern and Midland","Number","1007.24"
"Total Persons at Work","2005","All Sectors","Ireland","Number","2037.01"
"Total Persons at Work","2006","Agriculture, Forestry and Fishing","Northern and Western","Number","34.98"
"Total Persons at Work","2006","Agriculture, Forestry and Fishing","Southern","Number","54.04"
"Total Persons at Work","2006","Agriculture, Forestry and Fishing","Eastern and Midland","Number","23.83"
"Total Persons at Work","2006","Agriculture, Forestry and Fishing","Ireland","Number","112.85"
"Total Persons at Work","2006","Industry (excl. Construction)","Northern and Western","Number","55.35"
"Total Persons at Work","2006","Industry (excl. Construction)","Southern","Number","124.63"
"Total Persons at Work","2006","Industry (excl. Construction)","Eastern and Midland","Number","134.83"
"Total Persons at Work","2006","Industry (excl. Construction)","Ireland","Number","314.81"
"Total Persons at Work","2006","Industry - of which Manufacturing","Northern and Western","Number","48.93"
"Total Persons at Work","2006","Industry - of which Manufacturing","Southern","Number","112.12"
"Total Persons at Work","2006","Industry - of which Manufacturing","Eastern and Midland","Number","117.45"
"Total Persons at Work","2006","Industry - of which Manufacturing","Ireland","Number","278.49"
"Total Persons at Work","2006","Construction","Northern and Western","Number","46.09"
"Total Persons at Work","2006","Construction","Southern","Number","82.5"
"Total Persons at Work","2006","Construction","Eastern and Midland","Number","99.54"
"Total Persons at Work","2006","Construction","Ireland","Number","228.14"
"Total Persons at Work","2006","Distribution, Transport, Hotels and Restaurants","Northern and Western","Number","84.7"
"Total Persons at Work","2006","Distribution, Transport, Hotels and Restaurants","Southern","Number","172.82"
"Total Persons at Work","2006","Distribution, Transport, Hotels and Restaurants","Eastern and Midland","Number","266.9"
"Total Persons at Work","2006","Distribution, Transport, Hotels and Restaurants","Ireland","Number","524.41"
"Total Persons at Work","2006","Information and Communication","Northern and Western","Number","5.72"
"Total Persons at Work","2006","Information and Communication","Southern","Number","17.43"
"Total Persons at Work","2006","Information and Communication","Eastern and Midland","Number","61.38"
"Total Persons at Work","2006","Information and Communication","Ireland","Number","84.53"
"Total Persons at Work","2006","Financial and Insurance Activities","Northern and Western","Number","7.59"
"Total Persons at Work","2006","Financial and Insurance Activities","Southern","Number","17.81"
"Total Persons at Work","2006","Financial and Insurance Activities","Eastern and Midland","Number","67.02"
"Total Persons at Work","2006","Financial and Insurance Activities","Ireland","Number","92.42"
"Total Persons at Work","2006","Real Estate Activities","Northern and Western","Number","1.25"
"Total Persons at Work","2006","Real Estate Activities","Southern","Number","2.84"
"Total Persons at Work","2006","Real Estate Activities","Eastern and Midland","Number","5.99"
"Total Persons at Work","2006","Real Estate Activities","Ireland","Number","10.09"
"Total Persons at Work","2006","Professional, Admin and Support Services","Northern and Western","Number","22.99"
"Total Persons at Work","2006","Professional, Admin and Support Services","Southern","Number","62.91"
"Total Persons at Work","2006","Professional, Admin and Support Services","Eastern and Midland","Number","120.05"
"Total Persons at Work","2006","Professional, Admin and Support Services","Ireland","Number","205.95"
"Total Persons at Work","2006","Public Admin, Education and Health","Northern and Western","Number","79.35"
"Total Persons at Work","2006","Public Admin, Education and Health","Southern","Number","143.84"
"Total Persons at Work","2006","Public Admin, Education and Health","Eastern and Midland","Number","228.44"
"Total Persons at Work","2006","Public Admin, Education and Health","Ireland","Number","451.64"
"Total Persons at Work","2006","Arts, Entertainment and Other Services","Northern and Western","Number","14.85"
"Total Persons at Work","2006","Arts, Entertainment and Other Services","Southern","Number","31.39"
"Total Persons at Work","2006","Arts, Entertainment and Other Services","Eastern and Midland","Number","57.16"
"Total Persons at Work","2006","Arts, Entertainment and Other Services","Ireland","Number","103.4"
"Total Persons at Work","2006","All Sectors","Northern and Western","Number","352.87"
"Total Persons at Work","2006","All Sectors","Southern","Number","710.23"
"Total Persons at Work","2006","All Sectors","Eastern and Midland","Number","1065.15"
"Total Persons at Work","2006","All Sectors","Ireland","Number","2128.25"
"Total Persons at Work","2007","Agriculture, Forestry and Fishing","Northern and Western","Number","33.13"
"Total Persons at Work","2007","Agriculture, Forestry and Fishing","Southern","Number","53.89"
"Total Persons at Work","2007","Agriculture, Forestry and Fishing","Eastern and Midland","Number","25.15"
"Total Persons at Work","2007","Agriculture, Forestry and Fishing","Ireland","Number","112.17"
"Total Persons at Work","2007","Industry (excl. Construction)","Northern and Western","Number","55.09"
"Total Persons at Work","2007","Industry (excl. Construction)","Southern","Number","123.69"
"Total Persons at Work","2007","Industry (excl. Construction)","Eastern and Midland","Number","138.04"
"Total Persons at Work","2007","Industry (excl. Construction)","Ireland","Number","316.81"
"Total Persons at Work","2007","Industry - of which Manufacturing","Northern and Western","Number","49.38"
"Total Persons at Work","2007","Industry - of which Manufacturing","Southern","Number","111.11"
"Total Persons at Work","2007","Industry - of which Manufacturing","Eastern and Midland","Number","118.64"
"Total Persons at Work","2007","Industry - of which Manufacturing","Ireland","Number","279.14"
"Total Persons at Work","2007","Construction","Northern and Western","Number","46.22"
"Total Persons at Work","2007","Construction","Southern","Number","87.42"
"Total Persons at Work","2007","Construction","Eastern and Midland","Number","103.83"
"Total Persons at Work","2007","Construction","Ireland","Number","237.47"
"Total Persons at Work","2007","Distribution, Transport, Hotels and Restaurants","Northern and Western","Number","89.03"
"Total Persons at Work","2007","Distribution, Transport, Hotels and Restaurants","Southern","Number","183.28"
"Total Persons at Work","2007","Distribution, Transport, Hotels and Restaurants","Eastern and Midland","Number","288.14"
"Total Persons at Work","2007","Distribution, Transport, Hotels and Restaurants","Ireland","Number","560.45"
"Total Persons at Work","2007","Information and Communication","Northern and Western","Number","6.81"
"Total Persons at Work","2007","Information and Communication","Southern","Number","17.64"
"Total Persons at Work","2007","Information and Communication","Eastern and Midland","Number","60.06"
"Total Persons at Work","2007","Information and Communication","Ireland","Number","84.52"
"Total Persons at Work","2007","Financial and Insurance Activities","Northern and Western","Number","8.05"
"Total Persons at Work","2007","Financial and Insurance Activities","Southern","Number","17.83"
"Total Persons at Work","2007","Financial and Insurance Activities","Eastern and Midland","Number","71.07"
"Total Persons at Work","2007","Financial and Insurance Activities","Ireland","Number","96.95"
"Total Persons at Work","2007","Real Estate Activities","Northern and Western","Number","1.53"
"Total Persons at Work","2007","Real Estate Activities","Southern","Number","2.98"
"Total Persons at Work","2007","Real Estate Activities","Eastern and Midland","Number","6.96"
"Total Persons at Work","2007","Real Estate Activities","Ireland","Number","11.46"
"Total Persons at Work","2007","Professional, Admin and Support Services","Northern and Western","Number","23.63"
"Total Persons at Work","2007","Professional, Admin and Support Services","Southern","Number","66.25"
"Total Persons at Work","2007","Professional, Admin and Support Services","Eastern and Midland","Number","134.69"
"Total Persons at Work","2007","Professional, Admin and Support Services","Ireland","Number","224.58"
"Total Persons at Work","2007","Public Admin, Education and Health","Northern and Western","Number","81.98"
"Total Persons at Work","2007","Public Admin, Education and Health","Southern","Number","148.97"
"Total Persons at Work","2007","Public Admin, Education and Health","Eastern and Midland","Number","238.21"
"Total Persons at Work","2007","Public Admin, Education and Health","Ireland","Number","469.17"
"Total Persons at Work","2007","Arts, Entertainment and Other Services","Northern and Western","Number","15.46"
"Total Persons at Work","2007","Arts, Entertainment and Other Services","Southern","Number","32.01"
"Total Persons at Work","2007","Arts, Entertainment and Other Services","Eastern and Midland","Number","57.55"
"Total Persons at Work","2007","Arts, Entertainment and Other Services","Ireland","Number","105.02"
"Total Persons at Work","2007","All Sectors","Northern and Western","Number","360.94"
"Total Persons at Work","2007","All Sectors","Southern","Number","733.98"
"Total Persons at Work","2007","All Sectors","Eastern and Midland","Number","1123.68"
"Total Persons at Work","2007","All Sectors","Ireland","Number","2218.6"
"Total Persons at Work","2008","Agriculture, Forestry and Fishing","Northern and Western","Number","34.54"
"Total Persons at Work","2008","Agriculture, Forestry and Fishing","Southern","Number","53.86"
"Total Persons at Work","2008","Agriculture, Forestry and Fishing","Eastern and Midland","Number","27.76"
"Total Persons at Work","2008","Agriculture, Forestry and Fishing","Ireland","Number","116.16"
"Total Persons at Work","2008","Industry (excl. Construction)","Northern and Western","Number","49.13"
"Total Persons at Work","2008","Industry (excl. Construction)","Southern","Number","121.7"
"Total Persons at Work","2008","Industry (excl. Construction)","Eastern and Midland","Number","132.66"
"Total Persons at Work","2008","Industry (excl. Construction)","Ireland","Number","303.49"
"Total Persons at Work","2008","Industry - of which Manufacturing","Northern and Western","Number","43.31"
"Total Persons at Work","2008","Industry - of which Manufacturing","Southern","Number","108.25"
"Total Persons at Work","2008","Industry - of which Manufacturing","Eastern and Midland","Number","114.57"
"Total Persons at Work","2008","Industry - of which Manufacturing","Ireland","Number","266.13"
"Total Persons at Work","2008","Construction","Northern and Western","Number","40.83"
"Total Persons at Work","2008","Construction","Southern","Number","75.76"
"Total Persons at Work","2008","Construction","Eastern and Midland","Number","92.12"
"Total Persons at Work","2008","Construction","Ireland","Number","208.71"
"Total Persons at Work","2008","Distribution, Transport, Hotels and Restaurants","Northern and Western","Number","85.71"
"Total Persons at Work","2008","Distribution, Transport, Hotels and Restaurants","Southern","Number","184.17"
"Total Persons at Work","2008","Distribution, Transport, Hotels and Restaurants","Eastern and Midland","Number","285.87"
"Total Persons at Work","2008","Distribution, Transport, Hotels and Restaurants","Ireland","Number","555.75"
"Total Persons at Work","2008","Information and Communication","Northern and Western","Number","8.14"
"Total Persons at Work","2008","Information and Communication","Southern","Number","19.26"
"Total Persons at Work","2008","Information and Communication","Eastern and Midland","Number","59.83"
"Total Persons at Work","2008","Information and Communication","Ireland","Number","87.23"
"Total Persons at Work","2008","Financial and Insurance Activities","Northern and Western","Number","9.98"
"Total Persons at Work","2008","Financial and Insurance Activities","Southern","Number","17.79"
"Total Persons at Work","2008","Financial and Insurance Activities","Eastern and Midland","Number","72.34"
"Total Persons at Work","2008","Financial and Insurance Activities","Ireland","Number","100.12"
"Total Persons at Work","2008","Real Estate Activities","Northern and Western","Number","1.44"
"Total Persons at Work","2008","Real Estate Activities","Southern","Number","3.19"
"Total Persons at Work","2008","Real Estate Activities","Eastern and Midland","Number","6.64"
"Total Persons at Work","2008","Real Estate Activities","Ireland","Number","11.27"
"Total Persons at Work","2008","Professional, Admin and Support Services","Northern and Western","Number","24.88"
"Total Persons at Work","2008","Professional, Admin and Support Services","Southern","Number","64.15"
"Total Persons at Work","2008","Professional, Admin and Support Services","Eastern and Midland","Number","133.12"
"Total Persons at Work","2008","Professional, Admin and Support Services","Ireland","Number","222.14"
"Total Persons at Work","2008","Public Admin, Education and Health","Northern and Western","Number","81.52"
"Total Persons at Work","2008","Public Admin, Education and Health","Southern","Number","155.07"
"Total Persons at Work","2008","Public Admin, Education and Health","Eastern and Midland","Number","245.66"
"Total Persons at Work","2008","Public Admin, Education and Health","Ireland","Number","482.25"
"Total Persons at Work","2008","Arts, Entertainment and Other Services","Northern and Western","Number","16.59"
"Total Persons at Work","2008","Arts, Entertainment and Other Services","Southern","Number","32.47"
"Total Persons at Work","2008","Arts, Entertainment and Other Services","Eastern and Midland","Number","60.5"
"Total Persons at Work","2008","Arts, Entertainment and Other Services","Ireland","Number","109.56"
"Total Persons at Work","2008","All Sectors","Northern and Western","Number","352.75"
"Total Persons at Work","2008","All Sectors","Southern","Number","727.43"
"Total Persons at Work","2008","All Sectors","Eastern and Midland","Number","1116.5"
"Total Persons at Work","2008","All Sectors","Ireland","Number","2196.67"
"Total Persons at Work","2009","Agriculture, Forestry and Fishing","Northern and Western","Number","34.19"
"Total Persons at Work","2009","Agriculture, Forestry and Fishing","Southern","Number","54.57"
"Total Persons at Work","2009","Agriculture, Forestry and Fishing","Eastern and Midland","Number","23.71"
"Total Persons at Work","2009","Agriculture, Forestry and Fishing","Ireland","Number","112.47"
"Total Persons at Work","2009","Industry (excl. Construction)","Northern and Western","Number","48.96"
"Total Persons at Work","2009","Industry (excl. Construction)","Southern","Number","103.15"
"Total Persons at Work","2009","Industry (excl. Construction)","Eastern and Midland","Number","114.36"
"Total Persons at Work","2009","Industry (excl. Construction)","Ireland","Number","266.48"
"Total Persons at Work","2009","Industry - of which Manufacturing","Northern and Western","Number","43.61"
"Total Persons at Work","2009","Industry - of which Manufacturing","Southern","Number","92.91"
"Total Persons at Work","2009","Industry - of which Manufacturing","Eastern and Midland","Number","98.05"
"Total Persons at Work","2009","Industry - of which Manufacturing","Ireland","Number","234.57"
"Total Persons at Work","2009","Construction","Northern and Western","Number","27.11"
"Total Persons at Work","2009","Construction","Southern","Number","49.17"
"Total Persons at Work","2009","Construction","Eastern and Midland","Number","57.53"
"Total Persons at Work","2009","Construction","Ireland","Number","133.81"
"Total Persons at Work","2009","Distribution, Transport, Hotels and Restaurants","Northern and Western","Number","83.41"
"Total Persons at Work","2009","Distribution, Transport, Hotels and Restaurants","Southern","Number","172.95"
"Total Persons at Work","2009","Distribution, Transport, Hotels and Restaurants","Eastern and Midland","Number","260.13"
"Total Persons at Work","2009","Distribution, Transport, Hotels and Restaurants","Ireland","Number","516.49"
"Total Persons at Work","2009","Information and Communication","Northern and Western","Number","10"
"Total Persons at Work","2009","Information and Communication","Southern","Number","20.03"
"Total Persons at Work","2009","Information and Communication","Eastern and Midland","Number","58.52"
"Total Persons at Work","2009","Information and Communication","Ireland","Number","88.55"
"Total Persons at Work","2009","Financial and Insurance Activities","Northern and Western","Number","8.23"
"Total Persons at Work","2009","Financial and Insurance Activities","Southern","Number","18.48"
"Total Persons at Work","2009","Financial and Insurance Activities","Eastern and Midland","Number","74.7"
"Total Persons at Work","2009","Financial and Insurance Activities","Ireland","Number","101.41"
"Total Persons at Work","2009","Real Estate Activities","Northern and Western","Number","1.39"
"Total Persons at Work","2009","Real Estate Activities","Southern","Number","2.6"
"Total Persons at Work","2009","Real Estate Activities","Eastern and Midland","Number","5.8"
"Total Persons at Work","2009","Real Estate Activities","Ireland","Number","9.79"
"Total Persons at Work","2009","Professional, Admin and Support Services","Northern and Western","Number","22.7"
"Total Persons at Work","2009","Professional, Admin and Support Services","Southern","Number","58.07"
"Total Persons at Work","2009","Professional, Admin and Support Services","Eastern and Midland","Number","114.04"
"Total Persons at Work","2009","Professional, Admin and Support Services","Ireland","Number","194.81"
"Total Persons at Work","2009","Public Admin, Education and Health","Northern and Western","Number","83.37"
"Total Persons at Work","2009","Public Admin, Education and Health","Southern","Number","157.06"
"Total Persons at Work","2009","Public Admin, Education and Health","Eastern and Midland","Number","246.03"
"Total Persons at Work","2009","Public Admin, Education and Health","Ireland","Number","486.47"
"Total Persons at Work","2009","Arts, Entertainment and Other Services","Northern and Western","Number","16.23"
"Total Persons at Work","2009","Arts, Entertainment and Other Services","Southern","Number","30.24"
"Total Persons at Work","2009","Arts, Entertainment and Other Services","Eastern and Midland","Number","56.7"
"Total Persons at Work","2009","Arts, Entertainment and Other Services","Ireland","Number","103.17"
"Total Persons at Work","2009","All Sectors","Northern and Western","Number","335.59"
"Total Persons at Work","2009","All Sectors","Southern","Number","666.31"
"Total Persons at Work","2009","All Sectors","Eastern and Midland","Number","1011.53"
"Total Persons at Work","2009","All Sectors","Ireland","Number","2013.43"
"Total Persons at Work","2010","Agriculture, Forestry and Fishing","Northern and Western","Number","32.7"
"Total Persons at Work","2010","Agriculture, Forestry and Fishing","Southern","Number","56.69"
"Total Persons at Work","2010","Agriculture, Forestry and Fishing","Eastern and Midland","Number","21.12"
"Total Persons at Work","2010","Agriculture, Forestry and Fishing","Ireland","Number","110.5"
"Total Persons at Work","2010","Industry (excl. Construction)","Northern and Western","Number","50.28"
"Total Persons at Work","2010","Industry (excl. Construction)","Southern","Number","94.13"
"Total Persons at Work","2010","Industry (excl. Construction)","Eastern and Midland","Number","103.97"
"Total Persons at Work","2010","Industry (excl. Construction)","Ireland","Number","248.38"
"Total Persons at Work","2010","Industry - of which Manufacturing","Northern and Western","Number","45.58"
"Total Persons at Work","2010","Industry - of which Manufacturing","Southern","Number","84.88"
"Total Persons at Work","2010","Industry - of which Manufacturing","Eastern and Midland","Number","86.97"
"Total Persons at Work","2010","Industry - of which Manufacturing","Ireland","Number","217.44"
"Total Persons at Work","2010","Construction","Northern and Western","Number","19.35"
"Total Persons at Work","2010","Construction","Southern","Number","37.25"
"Total Persons at Work","2010","Construction","Eastern and Midland","Number","43.42"
"Total Persons at Work","2010","Construction","Ireland","Number","100.02"
"Total Persons at Work","2010","Distribution, Transport, Hotels and Restaurants","Northern and Western","Number","80.4"
"Total Persons at Work","2010","Distribution, Transport, Hotels and Restaurants","Southern","Number","168.88"
"Total Persons at Work","2010","Distribution, Transport, Hotels and Restaurants","Eastern and Midland","Number","251.25"
"Total Persons at Work","2010","Distribution, Transport, Hotels and Restaurants","Ireland","Number","500.53"
"Total Persons at Work","2010","Information and Communication","Northern and Western","Number","9.61"
"Total Persons at Work","2010","Information and Communication","Southern","Number","20.47"
"Total Persons at Work","2010","Information and Communication","Eastern and Midland","Number","58.38"
"Total Persons at Work","2010","Information and Communication","Ireland","Number","88.46"
"Total Persons at Work","2010","Financial and Insurance Activities","Northern and Western","Number","6.98"
"Total Persons at Work","2010","Financial and Insurance Activities","Southern","Number","17.45"
"Total Persons at Work","2010","Financial and Insurance Activities","Eastern and Midland","Number","70.26"
"Total Persons at Work","2010","Financial and Insurance Activities","Ireland","Number","94.69"
"Total Persons at Work","2010","Real Estate Activities","Northern and Western","Number","0.93"
"Total Persons at Work","2010","Real Estate Activities","Southern","Number","2.46"
"Total Persons at Work","2010","Real Estate Activities","Eastern and Midland","Number","6.12"
"Total Persons at Work","2010","Real Estate Activities","Ireland","Number","9.51"
"Total Persons at Work","2010","Professional, Admin and Support Services","Northern and Western","Number","22.2"
"Total Persons at Work","2010","Professional, Admin and Support Services","Southern","Number","53.86"
"Total Persons at Work","2010","Professional, Admin and Support Services","Eastern and Midland","Number","106.6"
"Total Persons at Work","2010","Professional, Admin and Support Services","Ireland","Number","182.66"
"Total Persons at Work","2010","Public Admin, Education and Health","Northern and Western","Number","81.14"
"Total Persons at Work","2010","Public Admin, Education and Health","Southern","Number","152.9"
"Total Persons at Work","2010","Public Admin, Education and Health","Eastern and Midland","Number","254.79"
"Total Persons at Work","2010","Public Admin, Education and Health","Ireland","Number","488.83"
"Total Persons at Work","2010","Arts, Entertainment and Other Services","Northern and Western","Number","15.56"
"Total Persons at Work","2010","Arts, Entertainment and Other Services","Southern","Number","29.58"
"Total Persons at Work","2010","Arts, Entertainment and Other Services","Eastern and Midland","Number","54.27"
"Total Persons at Work","2010","Arts, Entertainment and Other Services","Ireland","Number","99.41"
"Total Persons at Work","2010","All Sectors","Northern and Western","Number","319.16"
"Total Persons at Work","2010","All Sectors","Southern","Number","633.67"
"Total Persons at Work","2010","All Sectors","Eastern and Midland","Number","970.18"
"Total Persons at Work","2010","All Sectors","Ireland","Number","1923.01"
"Total Persons at Work","2011","Agriculture, Forestry and Fishing","Northern and Western","Number","35.04"
"Total Persons at Work","2011","Agriculture, Forestry and Fishing","Southern","Number","52.09"
"Total Persons at Work","2011","Agriculture, Forestry and Fishing","Eastern and Midland","Number","20.72"
"Total Persons at Work","2011","Agriculture, Forestry and Fishing","Ireland","Number","107.85"
"Total Persons at Work","2011","Industry (excl. Construction)","Northern and Western","Number","47.4"
"Total Persons at Work","2011","Industry (excl. Construction)","Southern","Number","97.39"
"Total Persons at Work","2011","Industry (excl. Construction)","Eastern and Midland","Number","96.69"
"Total Persons at Work","2011","Industry (excl. Construction)","Ireland","Number","241.43"
"Total Persons at Work","2011","Industry - of which Manufacturing","Northern and Western","Number","43.2"
"Total Persons at Work","2011","Industry - of which Manufacturing","Southern","Number","87.29"
"Total Persons at Work","2011","Industry - of which Manufacturing","Eastern and Midland","Number","83.58"
"Total Persons at Work","2011","Industry - of which Manufacturing","Ireland","Number","214.01"
"Total Persons at Work","2011","Construction","Northern and Western","Number","16.78"
"Total Persons at Work","2011","Construction","Southern","Number","32.91"
"Total Persons at Work","2011","Construction","Eastern and Midland","Number","38.62"
"Total Persons at Work","2011","Construction","Ireland","Number","88.31"
"Total Persons at Work","2011","Distribution, Transport, Hotels and Restaurants","Northern and Western","Number","75.34"
"Total Persons at Work","2011","Distribution, Transport, Hotels and Restaurants","Southern","Number","162.46"
"Total Persons at Work","2011","Distribution, Transport, Hotels and Restaurants","Eastern and Midland","Number","246.92"
"Total Persons at Work","2011","Distribution, Transport, Hotels and Restaurants","Ireland","Number","484.72"
"Total Persons at Work","2011","Information and Communication","Northern and Western","Number","9.42"
"Total Persons at Work","2011","Information and Communication","Southern","Number","20.71"
"Total Persons at Work","2011","Information and Communication","Eastern and Midland","Number","59.39"
"Total Persons at Work","2011","Information and Communication","Ireland","Number","89.52"
"Total Persons at Work","2011","Financial and Insurance Activities","Northern and Western","Number","7.96"
"Total Persons at Work","2011","Financial and Insurance Activities","Southern","Number","16.45"
"Total Persons at Work","2011","Financial and Insurance Activities","Eastern and Midland","Number","69.56"
"Total Persons at Work","2011","Financial and Insurance Activities","Ireland","Number","93.97"
"Total Persons at Work","2011","Real Estate Activities","Northern and Western","Number","0.91"
"Total Persons at Work","2011","Real Estate Activities","Southern","Number","2.49"
"Total Persons at Work","2011","Real Estate Activities","Eastern and Midland","Number","6.21"
"Total Persons at Work","2011","Real Estate Activities","Ireland","Number","9.61"
"Total Persons at Work","2011","Professional, Admin and Support Services","Northern and Western","Number","23.58"
"Total Persons at Work","2011","Professional, Admin and Support Services","Southern","Number","52.99"
"Total Persons at Work","2011","Professional, Admin and Support Services","Eastern and Midland","Number","110.65"
"Total Persons at Work","2011","Professional, Admin and Support Services","Ireland","Number","187.22"
"Total Persons at Work","2011","Public Admin, Education and Health","Northern and Western","Number","78.58"
"Total Persons at Work","2011","Public Admin, Education and Health","Southern","Number","153.49"
"Total Persons at Work","2011","Public Admin, Education and Health","Eastern and Midland","Number","250.04"
"Total Persons at Work","2011","Public Admin, Education and Health","Ireland","Number","482.1"
"Total Persons at Work","2011","Arts, Entertainment and Other Services","Northern and Western","Number","14.88"
"Total Persons at Work","2011","Arts, Entertainment and Other Services","Southern","Number","30.56"
"Total Persons at Work","2011","Arts, Entertainment and Other Services","Eastern and Midland","Number","55.69"
"Total Persons at Work","2011","Arts, Entertainment and Other Services","Ireland","Number","101.13"
"Total Persons at Work","2011","All Sectors","Northern and Western","Number","309.89"
"Total Persons at Work","2011","All Sectors","Southern","Number","621.54"
"Total Persons at Work","2011","All Sectors","Eastern and Midland","Number","954.48"
"Total Persons at Work","2011","All Sectors","Ireland","Number","1885.85"
"Total Persons at Work","2012","Agriculture, Forestry and Fishing","Northern and Western","Number","35.67"
"Total Persons at Work","2012","Agriculture, Forestry and Fishing","Southern","Number","50.74"
"Total Persons at Work","2012","Agriculture, Forestry and Fishing","Eastern and Midland","Number","22.36"
"Total Persons at Work","2012","Agriculture, Forestry and Fishing","Ireland","Number","108.76"
"Total Persons at Work","2012","Industry (excl. Construction)","Northern and Western","Number","47.07"
"Total Persons at Work","2012","Industry (excl. Construction)","Southern","Number","96.69"
"Total Persons at Work","2012","Industry (excl. Construction)","Eastern and Midland","Number","92.11"
"Total Persons at Work","2012","Industry (excl. Construction)","Ireland","Number","235.87"
"Total Persons at Work","2012","Industry - of which Manufacturing","Northern and Western","Number","43.14"
"Total Persons at Work","2012","Industry - of which Manufacturing","Southern","Number","87.61"
"Total Persons at Work","2012","Industry - of which Manufacturing","Eastern and Midland","Number","80.31"
"Total Persons at Work","2012","Industry - of which Manufacturing","Ireland","Number","211.07"
"Total Persons at Work","2012","Construction","Northern and Western","Number","15.59"
"Total Persons at Work","2012","Construction","Southern","Number","32.39"
"Total Persons at Work","2012","Construction","Eastern and Midland","Number","35.53"
"Total Persons at Work","2012","Construction","Ireland","Number","83.51"
"Total Persons at Work","2012","Distribution, Transport, Hotels and Restaurants","Northern and Western","Number","74.74"
"Total Persons at Work","2012","Distribution, Transport, Hotels and Restaurants","Southern","Number","164.36"
"Total Persons at Work","2012","Distribution, Transport, Hotels and Restaurants","Eastern and Midland","Number","243.97"
"Total Persons at Work","2012","Distribution, Transport, Hotels and Restaurants","Ireland","Number","483.08"
"Total Persons at Work","2012","Information and Communication","Northern and Western","Number","9.07"
"Total Persons at Work","2012","Information and Communication","Southern","Number","20.63"
"Total Persons at Work","2012","Information and Communication","Eastern and Midland","Number","64.43"
"Total Persons at Work","2012","Information and Communication","Ireland","Number","94.13"
"Total Persons at Work","2012","Financial and Insurance Activities","Northern and Western","Number","7.25"
"Total Persons at Work","2012","Financial and Insurance Activities","Southern","Number","17.44"
"Total Persons at Work","2012","Financial and Insurance Activities","Eastern and Midland","Number","67.74"
"Total Persons at Work","2012","Financial and Insurance Activities","Ireland","Number","92.43"
"Total Persons at Work","2012","Real Estate Activities","Northern and Western","Number","1.5"
"Total Persons at Work","2012","Real Estate Activities","Southern","Number","2.27"
"Total Persons at Work","2012","Real Estate Activities","Eastern and Midland","Number","6.52"
"Total Persons at Work","2012","Real Estate Activities","Ireland","Number","10.29"
"Total Persons at Work","2012","Professional, Admin and Support Services","Northern and Western","Number","21.38"
"Total Persons at Work","2012","Professional, Admin and Support Services","Southern","Number","52.63"
"Total Persons at Work","2012","Professional, Admin and Support Services","Eastern and Midland","Number","109.95"
"Total Persons at Work","2012","Professional, Admin and Support Services","Ireland","Number","183.96"
"Total Persons at Work","2012","Public Admin, Education and Health","Northern and Western","Number","80.82"
"Total Persons at Work","2012","Public Admin, Education and Health","Southern","Number","154.52"
"Total Persons at Work","2012","Public Admin, Education and Health","Eastern and Midland","Number","247.34"
"Total Persons at Work","2012","Public Admin, Education and Health","Ireland","Number","482.68"
"Total Persons at Work","2012","Arts, Entertainment and Other Services","Northern and Western","Number","15.07"
"Total Persons at Work","2012","Arts, Entertainment and Other Services","Southern","Number","29.98"
"Total Persons at Work","2012","Arts, Entertainment and Other Services","Eastern and Midland","Number","58.19"
"Total Persons at Work","2012","Arts, Entertainment and Other Services","Ireland","Number","103.24"
"Total Persons at Work","2012","All Sectors","Northern and Western","Number","308.16"
"Total Persons at Work","2012","All Sectors","Southern","Number","621.65"
"Total Persons at Work","2012","All Sectors","Eastern and Midland","Number","948.14"
"Total Persons at Work","2012","All Sectors","Ireland","Number","1877.95"
"Total Persons at Work","2013","Agriculture, Forestry and Fishing","Northern and Western","Number","34.99"
"Total Persons at Work","2013","Agriculture, Forestry and Fishing","Southern","Number","53.15"
"Total Persons at Work","2013","Agriculture, Forestry and Fishing","Eastern and Midland","Number","23.77"
"Total Persons at Work","2013","Agriculture, Forestry and Fishing","Ireland","Number","111.91"
"Total Persons at Work","2013","Industry (excl. Construction)","Northern and Western","Number","51.28"
"Total Persons at Work","2013","Industry (excl. Construction)","Southern","Number","103.08"
"Total Persons at Work","2013","Industry (excl. Construction)","Eastern and Midland","Number","93.39"
"Total Persons at Work","2013","Industry (excl. Construction)","Ireland","Number","247.75"
"Total Persons at Work","2013","Industry - of which Manufacturing","Northern and Western","Number","46.45"
"Total Persons at Work","2013","Industry - of which Manufacturing","Southern","Number","93.26"
"Total Persons at Work","2013","Industry - of which Manufacturing","Eastern and Midland","Number","80.19"
"Total Persons at Work","2013","Industry - of which Manufacturing","Ireland","Number","219.9"
"Total Persons at Work","2013","Construction","Northern and Western","Number","16.86"
"Total Persons at Work","2013","Construction","Southern","Number","31.91"
"Total Persons at Work","2013","Construction","Eastern and Midland","Number","37.15"
"Total Persons at Work","2013","Construction","Ireland","Number","85.92"
"Total Persons at Work","2013","Distribution, Transport, Hotels and Restaurants","Northern and Western","Number","83.11"
"Total Persons at Work","2013","Distribution, Transport, Hotels and Restaurants","Southern","Number","162.76"
"Total Persons at Work","2013","Distribution, Transport, Hotels and Restaurants","Eastern and Midland","Number","257.35"
"Total Persons at Work","2013","Distribution, Transport, Hotels and Restaurants","Ireland","Number","503.22"
"Total Persons at Work","2013","Information and Communication","Northern and Western","Number","10.64"
"Total Persons at Work","2013","Information and Communication","Southern","Number","19.72"
"Total Persons at Work","2013","Information and Communication","Eastern and Midland","Number","65.63"
"Total Persons at Work","2013","Information and Communication","Ireland","Number","95.99"
"Total Persons at Work","2013","Financial and Insurance Activities","Northern and Western","Number","8.26"
"Total Persons at Work","2013","Financial and Insurance Activities","Southern","Number","17.27"
"Total Persons at Work","2013","Financial and Insurance Activities","Eastern and Midland","Number","68.04"
"Total Persons at Work","2013","Financial and Insurance Activities","Ireland","Number","93.56"
"Total Persons at Work","2013","Real Estate Activities","Northern and Western","Number","0.96"
"Total Persons at Work","2013","Real Estate Activities","Southern","Number","2.06"
"Total Persons at Work","2013","Real Estate Activities","Eastern and Midland","Number","5.54"
"Total Persons at Work","2013","Real Estate Activities","Ireland","Number","8.55"
"Total Persons at Work","2013","Professional, Admin and Support Services","Northern and Western","Number","23.63"
"Total Persons at Work","2013","Professional, Admin and Support Services","Southern","Number","55.93"
"Total Persons at Work","2013","Professional, Admin and Support Services","Eastern and Midland","Number","114.66"
"Total Persons at Work","2013","Professional, Admin and Support Services","Ireland","Number","194.22"
"Total Persons at Work","2013","Public Admin, Education and Health","Northern and Western","Number","81.6"
"Total Persons at Work","2013","Public Admin, Education and Health","Southern","Number","159.06"
"Total Persons at Work","2013","Public Admin, Education and Health","Eastern and Midland","Number","247.96"
"Total Persons at Work","2013","Public Admin, Education and Health","Ireland","Number","488.62"
"Total Persons at Work","2013","Arts, Entertainment and Other Services","Northern and Western","Number","14.6"
"Total Persons at Work","2013","Arts, Entertainment and Other Services","Southern","Number","33.25"
"Total Persons at Work","2013","Arts, Entertainment and Other Services","Eastern and Midland","Number","55.65"
"Total Persons at Work","2013","Arts, Entertainment and Other Services","Ireland","Number","103.5"
"Total Persons at Work","2013","All Sectors","Northern and Western","Number","325.92"
"Total Persons at Work","2013","All Sectors","Southern","Number","638.18"
"Total Persons at Work","2013","All Sectors","Eastern and Midland","Number","969.13"
"Total Persons at Work","2013","All Sectors","Ireland","Number","1933.23"
"Total Persons at Work","2014","Agriculture, Forestry and Fishing","Northern and Western","Number","34.13"
"Total Persons at Work","2014","Agriculture, Forestry and Fishing","Southern","Number","52.37"
"Total Persons at Work","2014","Agriculture, Forestry and Fishing","Eastern and Midland","Number","21.67"
"Total Persons at Work","2014","Agriculture, Forestry and Fishing","Ireland","Number","108.17"
"Total Persons at Work","2014","Industry (excl. Construction)","Northern and Western","Number","51.34"
"Total Persons at Work","2014","Industry (excl. Construction)","Southern","Number","98.39"
"Total Persons at Work","2014","Industry (excl. Construction)","Eastern and Midland","Number","100.62"
"Total Persons at Work","2014","Industry (excl. Construction)","Ireland","Number","250.35"
"Total Persons at Work","2014","Industry - of which Manufacturing","Northern and Western","Number","46.68"
"Total Persons at Work","2014","Industry - of which Manufacturing","Southern","Number","88.34"
"Total Persons at Work","2014","Industry - of which Manufacturing","Eastern and Midland","Number","87.48"
"Total Persons at Work","2014","Industry - of which Manufacturing","Ireland","Number","222.5"
"Total Persons at Work","2014","Construction","Northern and Western","Number","16.83"
"Total Persons at Work","2014","Construction","Southern","Number","35.71"
"Total Persons at Work","2014","Construction","Eastern and Midland","Number","41.41"
"Total Persons at Work","2014","Construction","Ireland","Number","93.95"
"Total Persons at Work","2014","Distribution, Transport, Hotels and Restaurants","Northern and Western","Number","83.98"
"Total Persons at Work","2014","Distribution, Transport, Hotels and Restaurants","Southern","Number","170.67"
"Total Persons at Work","2014","Distribution, Transport, Hotels and Restaurants","Eastern and Midland","Number","264.2"
"Total Persons at Work","2014","Distribution, Transport, Hotels and Restaurants","Ireland","Number","518.85"
"Total Persons at Work","2014","Information and Communication","Northern and Western","Number","9"
"Total Persons at Work","2014","Information and Communication","Southern","Number","20.78"
"Total Persons at Work","2014","Information and Communication","Eastern and Midland","Number","68.44"
"Total Persons at Work","2014","Information and Communication","Ireland","Number","98.22"
"Total Persons at Work","2014","Financial and Insurance Activities","Northern and Western","Number","7.47"
"Total Persons at Work","2014","Financial and Insurance Activities","Southern","Number","16.96"
"Total Persons at Work","2014","Financial and Insurance Activities","Eastern and Midland","Number","70.2"
"Total Persons at Work","2014","Financial and Insurance Activities","Ireland","Number","94.64"
"Total Persons at Work","2014","Real Estate Activities","Northern and Western","Number","0.93"
"Total Persons at Work","2014","Real Estate Activities","Southern","Number","2.34"
"Total Persons at Work","2014","Real Estate Activities","Eastern and Midland","Number","6.59"
"Total Persons at Work","2014","Real Estate Activities","Ireland","Number","9.86"
"Total Persons at Work","2014","Professional, Admin and Support Services","Northern and Western","Number","25.05"
"Total Persons at Work","2014","Professional, Admin and Support Services","Southern","Number","58.74"
"Total Persons at Work","2014","Professional, Admin and Support Services","Eastern and Midland","Number","123.32"
"Total Persons at Work","2014","Professional, Admin and Support Services","Ireland","Number","207.1"
"Total Persons at Work","2014","Public Admin, Education and Health","Northern and Western","Number","85.76"
"Total Persons at Work","2014","Public Admin, Education and Health","Southern","Number","157.08"
"Total Persons at Work","2014","Public Admin, Education and Health","Eastern and Midland","Number","256.19"
"Total Persons at Work","2014","Public Admin, Education and Health","Ireland","Number","499.03"
"Total Persons at Work","2014","Arts, Entertainment and Other Services","Northern and Western","Number","16.36"
"Total Persons at Work","2014","Arts, Entertainment and Other Services","Southern","Number","31.4"
"Total Persons at Work","2014","Arts, Entertainment and Other Services","Eastern and Midland","Number","56.08"
"Total Persons at Work","2014","Arts, Entertainment and Other Services","Ireland","Number","103.84"
"Total Persons at Work","2014","All Sectors","Northern and Western","Number","330.85"
"Total Persons at Work","2014","All Sectors","Southern","Number","644.43"
"Total Persons at Work","2014","All Sectors","Eastern and Midland","Number","1008.73"
"Total Persons at Work","2014","All Sectors","Ireland","Number","1984.01"
"Total Persons at Work","2015","Agriculture, Forestry and Fishing","Northern and Western","Number","35.66"
"Total Persons at Work","2015","Agriculture, Forestry and Fishing","Southern","Number","50.14"
"Total Persons at Work","2015","Agriculture, Forestry and Fishing","Eastern and Midland","Number","23.6"
"Total Persons at Work","2015","Agriculture, Forestry and Fishing","Ireland","Number","109.4"
"Total Persons at Work","2015","Industry (excl. Construction)","Northern and Western","Number","53.36"
"Total Persons at Work","2015","Industry (excl. Construction)","Southern","Number","103.79"
"Total Persons at Work","2015","Industry (excl. Construction)","Eastern and Midland","Number","106.53"
"Total Persons at Work","2015","Industry (excl. Construction)","Ireland","Number","263.68"
"Total Persons at Work","2015","Industry - of which Manufacturing","Northern and Western","Number","48.29"
"Total Persons at Work","2015","Industry - of which Manufacturing","Southern","Number","95.15"
"Total Persons at Work","2015","Industry - of which Manufacturing","Eastern and Midland","Number","91.78"
"Total Persons at Work","2015","Industry - of which Manufacturing","Ireland","Number","235.22"
"Total Persons at Work","2015","Construction","Northern and Western","Number","21.88"
"Total Persons at Work","2015","Construction","Southern","Number","39.38"
"Total Persons at Work","2015","Construction","Eastern and Midland","Number","47.68"
"Total Persons at Work","2015","Construction","Ireland","Number","108.94"
"Total Persons at Work","2015","Distribution, Transport, Hotels and Restaurants","Northern and Western","Number","82.69"
"Total Persons at Work","2015","Distribution, Transport, Hotels and Restaurants","Southern","Number","172.35"
"Total Persons at Work","2015","Distribution, Transport, Hotels and Restaurants","Eastern and Midland","Number","274.87"
"Total Persons at Work","2015","Distribution, Transport, Hotels and Restaurants","Ireland","Number","529.92"
"Total Persons at Work","2015","Information and Communication","Northern and Western","Number","9.47"
"Total Persons at Work","2015","Information and Communication","Southern","Number","21.65"
"Total Persons at Work","2015","Information and Communication","Eastern and Midland","Number","71.01"
"Total Persons at Work","2015","Information and Communication","Ireland","Number","102.13"
"Total Persons at Work","2015","Financial and Insurance Activities","Northern and Western","Number","7.24"
"Total Persons at Work","2015","Financial and Insurance Activities","Southern","Number","17.54"
"Total Persons at Work","2015","Financial and Insurance Activities","Eastern and Midland","Number","69.71"
"Total Persons at Work","2015","Financial and Insurance Activities","Ireland","Number","94.49"
"Total Persons at Work","2015","Real Estate Activities","Northern and Western","Number","1.28"
"Total Persons at Work","2015","Real Estate Activities","Southern","Number","2.43"
"Total Persons at Work","2015","Real Estate Activities","Eastern and Midland","Number","7.63"
"Total Persons at Work","2015","Real Estate Activities","Ireland","Number","11.33"
"Total Persons at Work","2015","Professional, Admin and Support Services","Northern and Western","Number","23.64"
"Total Persons at Work","2015","Professional, Admin and Support Services","Southern","Number","62.13"
"Total Persons at Work","2015","Professional, Admin and Support Services","Eastern and Midland","Number","124.88"
"Total Persons at Work","2015","Professional, Admin and Support Services","Ireland","Number","210.65"
"Total Persons at Work","2015","Public Admin, Education and Health","Northern and Western","Number","89.13"
"Total Persons at Work","2015","Public Admin, Education and Health","Southern","Number","163.37"
"Total Persons at Work","2015","Public Admin, Education and Health","Eastern and Midland","Number","258.83"
"Total Persons at Work","2015","Public Admin, Education and Health","Ireland","Number","511.33"
"Total Persons at Work","2015","Arts, Entertainment and Other Services","Northern and Western","Number","16.29"
"Total Persons at Work","2015","Arts, Entertainment and Other Services","Southern","Number","32.03"
"Total Persons at Work","2015","Arts, Entertainment and Other Services","Eastern and Midland","Number","63.35"
"Total Persons at Work","2015","Arts, Entertainment and Other Services","Ireland","Number","111.67"
"Total Persons at Work","2015","All Sectors","Northern and Western","Number","340.64"
"Total Persons at Work","2015","All Sectors","Southern","Number","664.81"
"Total Persons at Work","2015","All Sectors","Eastern and Midland","Number","1048.09"
"Total Persons at Work","2015","All Sectors","Ireland","Number","2053.55"
"Total Persons at Work","2016","Agriculture, Forestry and Fishing","Northern and Western","Number","36.81"
"Total Persons at Work","2016","Agriculture, Forestry and Fishing","Southern","Number","50.79"
"Total Persons at Work","2016","Agriculture, Forestry and Fishing","Eastern and Midland","Number","24.83"
"Total Persons at Work","2016","Agriculture, Forestry and Fishing","Ireland","Number","112.43"
"Total Persons at Work","2016","Industry (excl. Construction)","Northern and Western","Number","53.88"
"Total Persons at Work","2016","Industry (excl. Construction)","Southern","Number","107.22"
"Total Persons at Work","2016","Industry (excl. Construction)","Eastern and Midland","Number","115.82"
"Total Persons at Work","2016","Industry (excl. Construction)","Ireland","Number","276.93"
"Total Persons at Work","2016","Industry - of which Manufacturing","Northern and Western","Number","49.19"
"Total Persons at Work","2016","Industry - of which Manufacturing","Southern","Number","100.06"
"Total Persons at Work","2016","Industry - of which Manufacturing","Eastern and Midland","Number","100.32"
"Total Persons at Work","2016","Industry - of which Manufacturing","Ireland","Number","249.58"
"Total Persons at Work","2016","Construction","Northern and Western","Number","22.85"
"Total Persons at Work","2016","Construction","Southern","Number","43.96"
"Total Persons at Work","2016","Construction","Eastern and Midland","Number","52.07"
"Total Persons at Work","2016","Construction","Ireland","Number","118.89"
"Total Persons at Work","2016","Distribution, Transport, Hotels and Restaurants","Northern and Western","Number","93.13"
"Total Persons at Work","2016","Distribution, Transport, Hotels and Restaurants","Southern","Number","176.83"
"Total Persons at Work","2016","Distribution, Transport, Hotels and Restaurants","Eastern and Midland","Number","278.79"
"Total Persons at Work","2016","Distribution, Transport, Hotels and Restaurants","Ireland","Number","548.76"
"Total Persons at Work","2016","Information and Communication","Northern and Western","Number","9.39"
"Total Persons at Work","2016","Information and Communication","Southern","Number","22.27"
"Total Persons at Work","2016","Information and Communication","Eastern and Midland","Number","76.94"
"Total Persons at Work","2016","Information and Communication","Ireland","Number","108.61"
"Total Persons at Work","2016","Financial and Insurance Activities","Northern and Western","Number","7.81"
"Total Persons at Work","2016","Financial and Insurance Activities","Southern","Number","17.1"
"Total Persons at Work","2016","Financial and Insurance Activities","Eastern and Midland","Number","72.44"
"Total Persons at Work","2016","Financial and Insurance Activities","Ireland","Number","97.35"
"Total Persons at Work","2016","Real Estate Activities","Northern and Western","Number","1.32"
"Total Persons at Work","2016","Real Estate Activities","Southern","Number","2.02"
"Total Persons at Work","2016","Real Estate Activities","Eastern and Midland","Number","7.87"
"Total Persons at Work","2016","Real Estate Activities","Ireland","Number","11.22"
"Total Persons at Work","2016","Professional, Admin and Support Services","Northern and Western","Number","24.82"
"Total Persons at Work","2016","Professional, Admin and Support Services","Southern","Number","66.66"
"Total Persons at Work","2016","Professional, Admin and Support Services","Eastern and Midland","Number","128.59"
"Total Persons at Work","2016","Professional, Admin and Support Services","Ireland","Number","220.07"
"Total Persons at Work","2016","Public Admin, Education and Health","Northern and Western","Number","86.22"
"Total Persons at Work","2016","Public Admin, Education and Health","Southern","Number","168.96"
"Total Persons at Work","2016","Public Admin, Education and Health","Eastern and Midland","Number","264.13"
"Total Persons at Work","2016","Public Admin, Education and Health","Ireland","Number","519.32"
"Total Persons at Work","2016","Arts, Entertainment and Other Services","Northern and Western","Number","17.15"
"Total Persons at Work","2016","Arts, Entertainment and Other Services","Southern","Number","35.43"
"Total Persons at Work","2016","Arts, Entertainment and Other Services","Eastern and Midland","Number","65.22"
"Total Persons at Work","2016","Arts, Entertainment and Other Services","Ireland","Number","117.8"
"Total Persons at Work","2016","All Sectors","Northern and Western","Number","353.4"
"Total Persons at Work","2016","All Sectors","Southern","Number","691.26"
"Total Persons at Work","2016","All Sectors","Eastern and Midland","Number","1086.72"
"Total Persons at Work","2016","All Sectors","Ireland","Number","2131.38"
"Total Persons at Work","2017","Agriculture, Forestry and Fishing","Northern and Western","Number","35.43"
"Total Persons at Work","2017","Agriculture, Forestry and Fishing","Southern","Number","50.89"
"Total Persons at Work","2017","Agriculture, Forestry and Fishing","Eastern and Midland","Number","24.97"
"Total Persons at Work","2017","Agriculture, Forestry and Fishing","Ireland","Number","111.29"
"Total Persons at Work","2017","Industry (excl. Construction)","Northern and Western","Number","58.89"
"Total Persons at Work","2017","Industry (excl. Construction)","Southern","Number","112.87"
"Total Persons at Work","2017","Industry (excl. Construction)","Eastern and Midland","Number","113.66"
"Total Persons at Work","2017","Industry (excl. Construction)","Ireland","Number","285.35"
"Total Persons at Work","2017","Industry - of which Manufacturing","Northern and Western","Number","53.4"
"Total Persons at Work","2017","Industry - of which Manufacturing","Southern","Number","103.84"
"Total Persons at Work","2017","Industry - of which Manufacturing","Eastern and Midland","Number","96.52"
"Total Persons at Work","2017","Industry - of which Manufacturing","Ireland","Number","253.7"
"Total Persons at Work","2017","Construction","Northern and Western","Number","24.36"
"Total Persons at Work","2017","Construction","Southern","Number","44.72"
"Total Persons at Work","2017","Construction","Eastern and Midland","Number","60.48"
"Total Persons at Work","2017","Construction","Ireland","Number","129.56"
"Total Persons at Work","2017","Distribution, Transport, Hotels and Restaurants","Northern and Western","Number","91.14"
"Total Persons at Work","2017","Distribution, Transport, Hotels and Restaurants","Southern","Number","185.01"
"Total Persons at Work","2017","Distribution, Transport, Hotels and Restaurants","Eastern and Midland","Number","286.9"
"Total Persons at Work","2017","Distribution, Transport, Hotels and Restaurants","Ireland","Number","563.05"
"Total Persons at Work","2017","Information and Communication","Northern and Western","Number","10.65"
"Total Persons at Work","2017","Information and Communication","Southern","Number","22.61"
"Total Persons at Work","2017","Information and Communication","Eastern and Midland","Number","82.77"
"Total Persons at Work","2017","Information and Communication","Ireland","Number","116.03"
"Total Persons at Work","2017","Financial and Insurance Activities","Northern and Western","Number","7.76"
"Total Persons at Work","2017","Financial and Insurance Activities","Southern","Number","16.47"
"Total Persons at Work","2017","Financial and Insurance Activities","Eastern and Midland","Number","72.26"
"Total Persons at Work","2017","Financial and Insurance Activities","Ireland","Number","96.49"
"Total Persons at Work","2017","Real Estate Activities","Northern and Western","Number","1.09"
"Total Persons at Work","2017","Real Estate Activities","Southern","Number","3.01"
"Total Persons at Work","2017","Real Estate Activities","Eastern and Midland","Number","6.81"
"Total Persons at Work","2017","Real Estate Activities","Ireland","Number","10.91"
"Total Persons at Work","2017","Professional, Admin and Support Services","Northern and Western","Number","26.8"
"Total Persons at Work","2017","Professional, Admin and Support Services","Southern","Number","65.84"
"Total Persons at Work","2017","Professional, Admin and Support Services","Eastern and Midland","Number","134.77"
"Total Persons at Work","2017","Professional, Admin and Support Services","Ireland","Number","227.41"
"Total Persons at Work","2017","Public Admin, Education and Health","Northern and Western","Number","94.33"
"Total Persons at Work","2017","Public Admin, Education and Health","Southern","Number","169.88"
"Total Persons at Work","2017","Public Admin, Education and Health","Eastern and Midland","Number","276.85"
"Total Persons at Work","2017","Public Admin, Education and Health","Ireland","Number","541.06"
"Total Persons at Work","2017","Arts, Entertainment and Other Services","Northern and Western","Number","17.9"
"Total Persons at Work","2017","Arts, Entertainment and Other Services","Southern","Number","36.87"
"Total Persons at Work","2017","Arts, Entertainment and Other Services","Eastern and Midland","Number","61.98"
"Total Persons at Work","2017","Arts, Entertainment and Other Services","Ireland","Number","116.75"
"Total Persons at Work","2017","All Sectors","Northern and Western","Number","368.36"
"Total Persons at Work","2017","All Sectors","Southern","Number","708.17"
"Total Persons at Work","2017","All Sectors","Eastern and Midland","Number","1121.44"
"Total Persons at Work","2017","All Sectors","Ireland","Number","2197.91"
"Total Persons at Work","2018","Agriculture, Forestry and Fishing","Northern and Western","Number","30.74"
"Total Persons at Work","2018","Agriculture, Forestry and Fishing","Southern","Number","51.29"
"Total Persons at Work","2018","Agriculture, Forestry and Fishing","Eastern and Midland","Number","26.25"
"Total Persons at Work","2018","Agriculture, Forestry and Fishing","Ireland","Number","108.29"
"Total Persons at Work","2018","Industry (excl. Construction)","Northern and Western","Number","60.68"
"Total Persons at Work","2018","Industry (excl. Construction)","Southern","Number","109.87"
"Total Persons at Work","2018","Industry (excl. Construction)","Eastern and Midland","Number","110.93"
"Total Persons at Work","2018","Industry (excl. Construction)","Ireland","Number","281.48"
"Total Persons at Work","2018","Industry - of which Manufacturing","Northern and Western","Number","55.73"
"Total Persons at Work","2018","Industry - of which Manufacturing","Southern","Number","99.24"
"Total Persons at Work","2018","Industry - of which Manufacturing","Eastern and Midland","Number","95.69"
"Total Persons at Work","2018","Industry - of which Manufacturing","Ireland","Number","250.66"
"Total Persons at Work","2018","Construction","Northern and Western","Number","26.28"
"Total Persons at Work","2018","Construction","Southern","Number","51.16"
"Total Persons at Work","2018","Construction","Eastern and Midland","Number","66.82"
"Total Persons at Work","2018","Construction","Ireland","Number","144.27"
"Total Persons at Work","2018","Distribution, Transport, Hotels and Restaurants","Northern and Western","Number","92.86"
"Total Persons at Work","2018","Distribution, Transport, Hotels and Restaurants","Southern","Number","181.43"
"Total Persons at Work","2018","Distribution, Transport, Hotels and Restaurants","Eastern and Midland","Number","305.89"
"Total Persons at Work","2018","Distribution, Transport, Hotels and Restaurants","Ireland","Number","580.19"
"Total Persons at Work","2018","Information and Communication","Northern and Western","Number","11.13"
"Total Persons at Work","2018","Information and Communication","Southern","Number","21.92"
"Total Persons at Work","2018","Information and Communication","Eastern and Midland","Number","85.69"
"Total Persons at Work","2018","Information and Communication","Ireland","Number","118.74"
"Total Persons at Work","2018","Financial and Insurance Activities","Northern and Western","Number","7.73"
"Total Persons at Work","2018","Financial and Insurance Activities","Southern","Number","17.1"
"Total Persons at Work","2018","Financial and Insurance Activities","Eastern and Midland","Number","71.18"
"Total Persons at Work","2018","Financial and Insurance Activities","Ireland","Number","96.01"
"Total Persons at Work","2018","Real Estate Activities","Northern and Western","Number","0.95"
"Total Persons at Work","2018","Real Estate Activities","Southern","Number","2.94"
"Total Persons at Work","2018","Real Estate Activities","Eastern and Midland","Number","6.4"
"Total Persons at Work","2018","Real Estate Activities","Ireland","Number","10.29"
"Total Persons at Work","2018","Professional, Admin and Support Services","Northern and Western","Number","28.46"
"Total Persons at Work","2018","Professional, Admin and Support Services","Southern","Number","73.08"
"Total Persons at Work","2018","Professional, Admin and Support Services","Eastern and Midland","Number","140.6"
"Total Persons at Work","2018","Professional, Admin and Support Services","Ireland","Number","242.14"
"Total Persons at Work","2018","Public Admin, Education and Health","Northern and Western","Number","90.73"
"Total Persons at Work","2018","Public Admin, Education and Health","Southern","Number","177.2"
"Total Persons at Work","2018","Public Admin, Education and Health","Eastern and Midland","Number","295.37"
"Total Persons at Work","2018","Public Admin, Education and Health","Ireland","Number","563.3"
"Total Persons at Work","2018","Arts, Entertainment and Other Services","Northern and Western","Number","18.39"
"Total Persons at Work","2018","Arts, Entertainment and Other Services","Southern","Number","32.97"
"Total Persons at Work","2018","Arts, Entertainment and Other Services","Eastern and Midland","Number","68.08"
"Total Persons at Work","2018","Arts, Entertainment and Other Services","Ireland","Number","119.44"
"Total Persons at Work","2018","All Sectors","Northern and Western","Number","367.96"
"Total Persons at Work","2018","All Sectors","Southern","Number","718.97"
"Total Persons at Work","2018","All Sectors","Eastern and Midland","Number","1177.2"
"Total Persons at Work","2018","All Sectors","Ireland","Number","2264.14"
"Total Persons at Work","2019","Agriculture, Forestry and Fishing","Northern and Western","Number","30.68"
"Total Persons at Work","2019","Agriculture, Forestry and Fishing","Southern","Number","47.48"
"Total Persons at Work","2019","Agriculture, Forestry and Fishing","Eastern and Midland","Number","25.94"
"Total Persons at Work","2019","Agriculture, Forestry and Fishing","Ireland","Number","104.1"
"Total Persons at Work","2019","Industry (excl. Construction)","Northern and Western","Number","60.75"
"Total Persons at Work","2019","Industry (excl. Construction)","Southern","Number","116.57"
"Total Persons at Work","2019","Industry (excl. Construction)","Eastern and Midland","Number","112.8"
"Total Persons at Work","2019","Industry (excl. Construction)","Ireland","Number","290.12"
"Total Persons at Work","2019","Industry - of which Manufacturing","Northern and Western","Number","55.08"
"Total Persons at Work","2019","Industry - of which Manufacturing","Southern","Number","107"
"Total Persons at Work","2019","Industry - of which Manufacturing","Eastern and Midland","Number","94.33"
"Total Persons at Work","2019","Industry - of which Manufacturing","Ireland","Number","256.4"
"Total Persons at Work","2019","Construction","Northern and Western","Number","26.75"
"Total Persons at Work","2019","Construction","Southern","Number","48.71"
"Total Persons at Work","2019","Construction","Eastern and Midland","Number","72.57"
"Total Persons at Work","2019","Construction","Ireland","Number","148.03"
"Total Persons at Work","2019","Distribution, Transport, Hotels and Restaurants","Northern and Western","Number","94.91"
"Total Persons at Work","2019","Distribution, Transport, Hotels and Restaurants","Southern","Number","183.31"
"Total Persons at Work","2019","Distribution, Transport, Hotels and Restaurants","Eastern and Midland","Number","313.82"
"Total Persons at Work","2019","Distribution, Transport, Hotels and Restaurants","Ireland","Number","592.03"
"Total Persons at Work","2019","Information and Communication","Northern and Western","Number","10.32"
"Total Persons at Work","2019","Information and Communication","Southern","Number","23.82"
"Total Persons at Work","2019","Information and Communication","Eastern and Midland","Number","90.72"
"Total Persons at Work","2019","Information and Communication","Ireland","Number","124.86"
"Total Persons at Work","2019","Financial and Insurance Activities","Northern and Western","Number","7.44"
"Total Persons at Work","2019","Financial and Insurance Activities","Southern","Number","18.41"
"Total Persons at Work","2019","Financial and Insurance Activities","Eastern and Midland","Number","78.23"
"Total Persons at Work","2019","Financial and Insurance Activities","Ireland","Number","104.09"
"Total Persons at Work","2019","Real Estate Activities","Northern and Western","Number","0.82"
"Total Persons at Work","2019","Real Estate Activities","Southern","Number","2.07"
"Total Persons at Work","2019","Real Estate Activities","Eastern and Midland","Number","6.9"
"Total Persons at Work","2019","Real Estate Activities","Ireland","Number","9.79"
"Total Persons at Work","2019","Professional, Admin and Support Services","Northern and Western","Number","30.19"
"Total Persons at Work","2019","Professional, Admin and Support Services","Southern","Number","72.42"
"Total Persons at Work","2019","Professional, Admin and Support Services","Eastern and Midland","Number","147.4"
"Total Persons at Work","2019","Professional, Admin and Support Services","Ireland","Number","250.01"
"Total Persons at Work","2019","Public Admin, Education and Health","Northern and Western","Number","97.99"
"Total Persons at Work","2019","Public Admin, Education and Health","Southern","Number","182.69"
"Total Persons at Work","2019","Public Admin, Education and Health","Eastern and Midland","Number","312.66"
"Total Persons at Work","2019","Public Admin, Education and Health","Ireland","Number","593.34"
"Total Persons at Work","2019","Arts, Entertainment and Other Services","Northern and Western","Number","20.84"
"Total Persons at Work","2019","Arts, Entertainment and Other Services","Southern","Number","34.4"
"Total Persons at Work","2019","Arts, Entertainment and Other Services","Eastern and Midland","Number","63.68"
"Total Persons at Work","2019","Arts, Entertainment and Other Services","Ireland","Number","118.92"
"Total Persons at Work","2019","All Sectors","Northern and Western","Number","380.7"
"Total Persons at Work","2019","All Sectors","Southern","Number","729.88"
"Total Persons at Work","2019","All Sectors","Eastern and Midland","Number","1224.73"
"Total Persons at Work","2019","All Sectors","Ireland","Number","2335.31"
"Total Persons at Work","2020","Agriculture, Forestry and Fishing","Northern and Western","Number","33.1"
"Total Persons at Work","2020","Agriculture, Forestry and Fishing","Southern","Number","48.51"
"Total Persons at Work","2020","Agriculture, Forestry and Fishing","Eastern and Midland","Number","22.67"
"Total Persons at Work","2020","Agriculture, Forestry and Fishing","Ireland","Number","104.28"
"Total Persons at Work","2020","Industry (excl. Construction)","Northern and Western","Number","59.23"
"Total Persons at Work","2020","Industry (excl. Construction)","Southern","Number","121.55"
"Total Persons at Work","2020","Industry (excl. Construction)","Eastern and Midland","Number","115.04"
"Total Persons at Work","2020","Industry (excl. Construction)","Ireland","Number","295.82"
"Total Persons at Work","2020","Industry - of which Manufacturing","Northern and Western","Number","54.62"
"Total Persons at Work","2020","Industry - of which Manufacturing","Southern","Number","109.94"
"Total Persons at Work","2020","Industry - of which Manufacturing","Eastern and Midland","Number","99.72"
"Total Persons at Work","2020","Industry - of which Manufacturing","Ireland","Number","264.27"
"Total Persons at Work","2020","Construction","Northern and Western","Number","24.3"
"Total Persons at Work","2020","Construction","Southern","Number","45.56"
"Total Persons at Work","2020","Construction","Eastern and Midland","Number","66.71"
"Total Persons at Work","2020","Construction","Ireland","Number","136.57"
"Total Persons at Work","2020","Distribution, Transport, Hotels and Restaurants","Northern and Western","Number","86.34"
"Total Persons at Work","2020","Distribution, Transport, Hotels and Restaurants","Southern","Number","171.54"
"Total Persons at Work","2020","Distribution, Transport, Hotels and Restaurants","Eastern and Midland","Number","283.01"
"Total Persons at Work","2020","Distribution, Transport, Hotels and Restaurants","Ireland","Number","540.88"
"Total Persons at Work","2020","Information and Communication","Northern and Western","Number","12.92"
"Total Persons at Work","2020","Information and Communication","Southern","Number","24.62"
"Total Persons at Work","2020","Information and Communication","Eastern and Midland","Number","96.24"
"Total Persons at Work","2020","Information and Communication","Ireland","Number","133.78"
"Total Persons at Work","2020","Financial and Insurance Activities","Northern and Western","Number","9.07"
"Total Persons at Work","2020","Financial and Insurance Activities","Southern","Number","22.98"
"Total Persons at Work","2020","Financial and Insurance Activities","Eastern and Midland","Number","80.3"
"Total Persons at Work","2020","Financial and Insurance Activities","Ireland","Number","112.35"
"Total Persons at Work","2020","Real Estate Activities","Northern and Western","Number","2.06"
"Total Persons at Work","2020","Real Estate Activities","Southern","Number","2.54"
"Total Persons at Work","2020","Real Estate Activities","Eastern and Midland","Number","8.58"
"Total Persons at Work","2020","Real Estate Activities","Ireland","Number","13.17"
"Total Persons at Work","2020","Professional, Admin and Support Services","Northern and Western","Number","27.77"
"Total Persons at Work","2020","Professional, Admin and Support Services","Southern","Number","69.45"
"Total Persons at Work","2020","Professional, Admin and Support Services","Eastern and Midland","Number","141.04"
"Total Persons at Work","2020","Professional, Admin and Support Services","Ireland","Number","238.26"
"Total Persons at Work","2020","Public Admin, Education and Health","Northern and Western","Number","96.91"
"Total Persons at Work","2020","Public Admin, Education and Health","Southern","Number","181.38"
"Total Persons at Work","2020","Public Admin, Education and Health","Eastern and Midland","Number","322.65"
"Total Persons at Work","2020","Public Admin, Education and Health","Ireland","Number","600.95"
"Total Persons at Work","2020","Arts, Entertainment and Other Services","Northern and Western","Number","15.16"
"Total Persons at Work","2020","Arts, Entertainment and Other Services","Southern","Number","32.83"
"Total Persons at Work","2020","Arts, Entertainment and Other Services","Eastern and Midland","Number","53.07"
"Total Persons at Work","2020","Arts, Entertainment and Other Services","Ireland","Number","101.06"
"Total Persons at Work","2020","All Sectors","Northern and Western","Number","366.85"
"Total Persons at Work","2020","All Sectors","Southern","Number","720.96"
"Total Persons at Work","2020","All Sectors","Eastern and Midland","Number","1189.32"
"Total Persons at Work","2020","All Sectors","Ireland","Number","2277.13"
"Total Persons at Work","2021","Agriculture, Forestry and Fishing","Northern and Western","Number","35.81"
"Total Persons at Work","2021","Agriculture, Forestry and Fishing","Southern","Number","48.42"
"Total Persons at Work","2021","Agriculture, Forestry and Fishing","Eastern and Midland","Number","25.37"
"Total Persons at Work","2021","Agriculture, Forestry and Fishing","Ireland","Number","109.6"
"Total Persons at Work","2021","Industry (excl. Construction)","Northern and Western","Number","62.85"
"Total Persons at Work","2021","Industry (excl. Construction)","Southern","Number","123.77"
"Total Persons at Work","2021","Industry (excl. Construction)","Eastern and Midland","Number","127.67"
"Total Persons at Work","2021","Industry (excl. Construction)","Ireland","Number","314.29"
"Total Persons at Work","2021","Industry - of which Manufacturing","Northern and Western","Number","58"
"Total Persons at Work","2021","Industry - of which Manufacturing","Southern","Number","113.31"
"Total Persons at Work","2021","Industry - of which Manufacturing","Eastern and Midland","Number","112.17"
"Total Persons at Work","2021","Industry - of which Manufacturing","Ireland","Number","283.47"
"Total Persons at Work","2021","Construction","Northern and Western","Number","24.97"
"Total Persons at Work","2021","Construction","Southern","Number","47.9"
"Total Persons at Work","2021","Construction","Eastern and Midland","Number","68.45"
"Total Persons at Work","2021","Construction","Ireland","Number","141.32"
"Total Persons at Work","2021","Distribution, Transport, Hotels and Restaurants","Northern and Western","Number","89.63"
"Total Persons at Work","2021","Distribution, Transport, Hotels and Restaurants","Southern","Number","174.27"
"Total Persons at Work","2021","Distribution, Transport, Hotels and Restaurants","Eastern and Midland","Number","290.61"
"Total Persons at Work","2021","Distribution, Transport, Hotels and Restaurants","Ireland","Number","554.51"
"Total Persons at Work","2021","Information and Communication","Northern and Western","Number","13.48"
"Total Persons at Work","2021","Information and Communication","Southern","Number","31.76"
"Total Persons at Work","2021","Information and Communication","Eastern and Midland","Number","108.06"
"Total Persons at Work","2021","Information and Communication","Ireland","Number","153.29"
"Total Persons at Work","2021","Financial and Insurance Activities","Northern and Western","Number","11.12"
"Total Persons at Work","2021","Financial and Insurance Activities","Southern","Number","21.44"
"Total Persons at Work","2021","Financial and Insurance Activities","Eastern and Midland","Number","88"
"Total Persons at Work","2021","Financial and Insurance Activities","Ireland","Number","120.56"
"Total Persons at Work","2021","Real Estate Activities","Northern and Western","Number","2.11"
"Total Persons at Work","2021","Real Estate Activities","Southern","Number","3.92"
"Total Persons at Work","2021","Real Estate Activities","Eastern and Midland","Number","6.75"
"Total Persons at Work","2021","Real Estate Activities","Ireland","Number","12.78"
"Total Persons at Work","2021","Professional, Admin and Support Services","Northern and Western","Number","29.65"
"Total Persons at Work","2021","Professional, Admin and Support Services","Southern","Number","73.6"
"Total Persons at Work","2021","Professional, Admin and Support Services","Eastern and Midland","Number","154.59"
"Total Persons at Work","2021","Professional, Admin and Support Services","Ireland","Number","257.85"
"Total Persons at Work","2021","Public Admin, Education and Health","Northern and Western","Number","109.72"
"Total Persons at Work","2021","Public Admin, Education and Health","Southern","Number","201.12"
"Total Persons at Work","2021","Public Admin, Education and Health","Eastern and Midland","Number","348.05"
"Total Persons at Work","2021","Public Admin, Education and Health","Ireland","Number","658.89"
"Total Persons at Work","2021","Arts, Entertainment and Other Services","Northern and Western","Number","14.99"
"Total Persons at Work","2021","Arts, Entertainment and Other Services","Southern","Number","33.78"
"Total Persons at Work","2021","Arts, Entertainment and Other Services","Eastern and Midland","Number","54.65"
"Total Persons at Work","2021","Arts, Entertainment and Other Services","Ireland","Number","103.43"
"Total Persons at Work","2021","All Sectors","Northern and Western","Number","394.33"
"Total Persons at Work","2021","All Sectors","Southern","Number","759.99"
"Total Persons at Work","2021","All Sectors","Eastern and Midland","Number","1272.21"
"Total Persons at Work","2021","All Sectors","Ireland","Number","2426.53"
"Total Persons at Work","2022","Agriculture, Forestry and Fishing","Northern and Western","Number","31.8"
"Total Persons at Work","2022","Agriculture, Forestry and Fishing","Southern","Number","49.69"
"Total Persons at Work","2022","Agriculture, Forestry and Fishing","Eastern and Midland","Number","22.67"
"Total Persons at Work","2022","Agriculture, Forestry and Fishing","Ireland","Number","104.16"
"Total Persons at Work","2022","Industry (excl. Construction)","Northern and Western","Number","63.69"
"Total Persons at Work","2022","Industry (excl. Construction)","Southern","Number","128.24"
"Total Persons at Work","2022","Industry (excl. Construction)","Eastern and Midland","Number","136.42"
"Total Persons at Work","2022","Industry (excl. Construction)","Ireland","Number","328.35"
"Total Persons at Work","2022","Industry - of which Manufacturing","Northern and Western","Number","58.27"
"Total Persons at Work","2022","Industry - of which Manufacturing","Southern","Number","117.1"
"Total Persons at Work","2022","Industry - of which Manufacturing","Eastern and Midland","Number","114.73"
"Total Persons at Work","2022","Industry - of which Manufacturing","Ireland","Number","290.1"
"Total Persons at Work","2022","Construction","Northern and Western","Number","30.07"
"Total Persons at Work","2022","Construction","Southern","Number","54.63"
"Total Persons at Work","2022","Construction","Eastern and Midland","Number","84.04"
"Total Persons at Work","2022","Construction","Ireland","Number","168.74"
"Total Persons at Work","2022","Distribution, Transport, Hotels and Restaurants","Northern and Western","Number","97.25"
"Total Persons at Work","2022","Distribution, Transport, Hotels and Restaurants","Southern","Number","192.4"
"Total Persons at Work","2022","Distribution, Transport, Hotels and Restaurants","Eastern and Midland","Number","313.56"
"Total Persons at Work","2022","Distribution, Transport, Hotels and Restaurants","Ireland","Number","603.21"
"Total Persons at Work","2022","Information and Communication","Northern and Western","Number","11.93"
"Total Persons at Work","2022","Information and Communication","Southern","Number","36.11"
"Total Persons at Work","2022","Information and Communication","Eastern and Midland","Number","120.36"
"Total Persons at Work","2022","Information and Communication","Ireland","Number","168.4"
"Total Persons at Work","2022","Financial and Insurance Activities","Northern and Western","Number","8.55"
"Total Persons at Work","2022","Financial and Insurance Activities","Southern","Number","21.31"
"Total Persons at Work","2022","Financial and Insurance Activities","Eastern and Midland","Number","91.83"
"Total Persons at Work","2022","Financial and Insurance Activities","Ireland","Number","121.69"
"Total Persons at Work","2022","Real Estate Activities","Northern and Western","Number","1.63"
"Total Persons at Work","2022","Real Estate Activities","Southern","Number","2.9"
"Total Persons at Work","2022","Real Estate Activities","Eastern and Midland","Number","8.23"
"Total Persons at Work","2022","Real Estate Activities","Ireland","Number","12.77"
"Total Persons at Work","2022","Professional, Admin and Support Services","Northern and Western","Number","34.84"
"Total Persons at Work","2022","Professional, Admin and Support Services","Southern","Number","76.69"
"Total Persons at Work","2022","Professional, Admin and Support Services","Eastern and Midland","Number","167.5"
"Total Persons at Work","2022","Professional, Admin and Support Services","Ireland","Number","279.03"
"Total Persons at Work","2022","Public Admin, Education and Health","Northern and Western","Number","117.93"
"Total Persons at Work","2022","Public Admin, Education and Health","Southern","Number","221.03"
"Total Persons at Work","2022","Public Admin, Education and Health","Eastern and Midland","Number","355.46"
"Total Persons at Work","2022","Public Admin, Education and Health","Ireland","Number","694.42"
"Total Persons at Work","2022","Arts, Entertainment and Other Services","Northern and Western","Number","18.74"
"Total Persons at Work","2022","Arts, Entertainment and Other Services","Southern","Number","34.28"
"Total Persons at Work","2022","Arts, Entertainment and Other Services","Eastern and Midland","Number","60.74"
"Total Persons at Work","2022","Arts, Entertainment and Other Services","Ireland","Number","113.76"
"Total Persons at Work","2022","All Sectors","Northern and Western","Number","416.42"
"Total Persons at Work","2022","All Sectors","Southern","Number","817.29"
"Total Persons at Work","2022","All Sectors","Eastern and Midland","Number","1360.81"
"Total Persons at Work","2022","All Sectors","Ireland","Number","2594.53"
"Total Persons at Work","2023","Agriculture, Forestry and Fishing","Northern and Western","Number","31.9"
"Total Persons at Work","2023","Agriculture, Forestry and Fishing","Southern","Number","53.58"
"Total Persons at Work","2023","Agriculture, Forestry and Fishing","Eastern and Midland","Number","22.66"
"Total Persons at Work","2023","Agriculture, Forestry and Fishing","Ireland","Number","108.14"
"Total Persons at Work","2023","Industry (excl. Construction)","Northern and Western","Number","66.42"
"Total Persons at Work","2023","Industry (excl. Construction)","Southern","Number","128.42"
"Total Persons at Work","2023","Industry (excl. Construction)","Eastern and Midland","Number","131.28"
"Total Persons at Work","2023","Industry (excl. Construction)","Ireland","Number","326.12"
"Total Persons at Work","2023","Industry - of which Manufacturing","Northern and Western","Number","61.75"
"Total Persons at Work","2023","Industry - of which Manufacturing","Southern","Number","117.25"
"Total Persons at Work","2023","Industry - of which Manufacturing","Eastern and Midland","Number","109.6"
"Total Persons at Work","2023","Industry - of which Manufacturing","Ireland","Number","288.6"
"Total Persons at Work","2023","Construction","Northern and Western","Number","31.29"
"Total Persons at Work","2023","Construction","Southern","Number","56.14"
"Total Persons at Work","2023","Construction","Eastern and Midland","Number","79.48"
"Total Persons at Work","2023","Construction","Ireland","Number","166.92"
"Total Persons at Work","2023","Distribution, Transport, Hotels and Restaurants","Northern and Western","Number","100.5"
"Total Persons at Work","2023","Distribution, Transport, Hotels and Restaurants","Southern","Number","206.05"
"Total Persons at Work","2023","Distribution, Transport, Hotels and Restaurants","Eastern and Midland","Number","323.85"
"Total Persons at Work","2023","Distribution, Transport, Hotels and Restaurants","Ireland","Number","630.4"
"Total Persons at Work","2023","Information and Communication","Northern and Western","Number","17.31"
"Total Persons at Work","2023","Information and Communication","Southern","Number","34.62"
"Total Persons at Work","2023","Information and Communication","Eastern and Midland","Number","122.66"
"Total Persons at Work","2023","Information and Communication","Ireland","Number","174.59"
"Total Persons at Work","2023","Financial and Insurance Activities","Northern and Western","Number","11.41"
"Total Persons at Work","2023","Financial and Insurance Activities","Southern","Number","20.02"
"Total Persons at Work","2023","Financial and Insurance Activities","Eastern and Midland","Number","93.94"
"Total Persons at Work","2023","Financial and Insurance Activities","Ireland","Number","125.38"
"Total Persons at Work","2023","Real Estate Activities","Northern and Western","Number","1.38"
"Total Persons at Work","2023","Real Estate Activities","Southern","Number","3.11"
"Total Persons at Work","2023","Real Estate Activities","Eastern and Midland","Number","6.61"
"Total Persons at Work","2023","Real Estate Activities","Ireland","Number","11.1"
"Total Persons at Work","2023","Professional, Admin and Support Services","Northern and Western","Number","35"
"Total Persons at Work","2023","Professional, Admin and Support Services","Southern","Number","83.49"
"Total Persons at Work","2023","Professional, Admin and Support Services","Eastern and Midland","Number","172.41"
"Total Persons at Work","2023","Professional, Admin and Support Services","Ireland","Number","290.91"
"Total Persons at Work","2023","Public Admin, Education and Health","Northern and Western","Number","123.04"
"Total Persons at Work","2023","Public Admin, Education and Health","Southern","Number","225.45"
"Total Persons at Work","2023","Public Admin, Education and Health","Eastern and Midland","Number","379.12"
"Total Persons at Work","2023","Public Admin, Education and Health","Ireland","Number","727.61"
"Total Persons at Work","2023","Arts, Entertainment and Other Services","Northern and Western","Number","17.07"
"Total Persons at Work","2023","Arts, Entertainment and Other Services","Southern","Number","40.44"
"Total Persons at Work","2023","Arts, Entertainment and Other Services","Eastern and Midland","Number","65.54"
"Total Persons at Work","2023","Arts, Entertainment and Other Services","Ireland","Number","123.06"
"Total Persons at Work","2023","All Sectors","Northern and Western","Number","435.33"
"Total Persons at Work","2023","All Sectors","Southern","Number","851.32"
"Total Persons at Work","2023","All Sectors","Eastern and Midland","Number","1397.55"
"Total Persons at Work","2023","All Sectors","Ireland","Number","2684.2"
"Total Persons at Work","2024","Agriculture, Forestry and Fishing","Northern and Western","Number","32.29"
"Total Persons at Work","2024","Agriculture, Forestry and Fishing","Southern","Number","52.57"
"Total Persons at Work","2024","Agriculture, Forestry and Fishing","Eastern and Midland","Number","23.98"
"Total Persons at Work","2024","Agriculture, Forestry and Fishing","Ireland","Number","108.84"
"Total Persons at Work","2024","Industry (excl. Construction)","Northern and Western","Number","67.23"
"Total Persons at Work","2024","Industry (excl. Construction)","Southern","Number","134.06"
"Total Persons at Work","2024","Industry (excl. Construction)","Eastern and Midland","Number","134.75"
"Total Persons at Work","2024","Industry (excl. Construction)","Ireland","Number","336.05"
"Total Persons at Work","2024","Industry - of which Manufacturing","Northern and Western","Number","60.48"
"Total Persons at Work","2024","Industry - of which Manufacturing","Southern","Number","121.24"
"Total Persons at Work","2024","Industry - of which Manufacturing","Eastern and Midland","Number","109.26"
"Total Persons at Work","2024","Industry - of which Manufacturing","Ireland","Number","290.98"
"Total Persons at Work","2024","Construction","Northern and Western","Number","32.27"
"Total Persons at Work","2024","Construction","Southern","Number","57.34"
"Total Persons at Work","2024","Construction","Eastern and Midland","Number","82.07"
"Total Persons at Work","2024","Construction","Ireland","Number","171.68"
"Total Persons at Work","2024","Distribution, Transport, Hotels and Restaurants","Northern and Western","Number","97.03"
"Total Persons at Work","2024","Distribution, Transport, Hotels and Restaurants","Southern","Number","204.13"
"Total Persons at Work","2024","Distribution, Transport, Hotels and Restaurants","Eastern and Midland","Number","327.49"
"Total Persons at Work","2024","Distribution, Transport, Hotels and Restaurants","Ireland","Number","628.65"
"Total Persons at Work","2024","Information and Communication","Northern and Western","Number","17.77"
"Total Persons at Work","2024","Information and Communication","Southern","Number","38.46"
"Total Persons at Work","2024","Information and Communication","Eastern and Midland","Number","127.79"
"Total Persons at Work","2024","Information and Communication","Ireland","Number","184.02"
"Total Persons at Work","2024","Financial and Insurance Activities","Northern and Western","Number","11.21"
"Total Persons at Work","2024","Financial and Insurance Activities","Southern","Number","21.51"
"Total Persons at Work","2024","Financial and Insurance Activities","Eastern and Midland","Number","92.63"
"Total Persons at Work","2024","Financial and Insurance Activities","Ireland","Number","125.35"
"Total Persons at Work","2024","Real Estate Activities","Northern and Western","Number","1.12"
"Total Persons at Work","2024","Real Estate Activities","Southern","Number","3.16"
"Total Persons at Work","2024","Real Estate Activities","Eastern and Midland","Number","8.21"
"Total Persons at Work","2024","Real Estate Activities","Ireland","Number","12.49"
"Total Persons at Work","2024","Professional, Admin and Support Services","Northern and Western","Number","37.66"
"Total Persons at Work","2024","Professional, Admin and Support Services","Southern","Number","89.59"
"Total Persons at Work","2024","Professional, Admin and Support Services","Eastern and Midland","Number","179.88"
"Total Persons at Work","2024","Professional, Admin and Support Services","Ireland","Number","307.13"
"Total Persons at Work","2024","Public Admin, Education and Health","Northern and Western","Number","124.12"
"Total Persons at Work","2024","Public Admin, Education and Health","Southern","Number","244.1"
"Total Persons at Work","2024","Public Admin, Education and Health","Eastern and Midland","Number","390.61"
"Total Persons at Work","2024","Public Admin, Education and Health","Ireland","Number","758.83"
"Total Persons at Work","2024","Arts, Entertainment and Other Services","Northern and Western","Number","18.73"
"Total Persons at Work","2024","Arts, Entertainment and Other Services","Southern","Number","37.29"
"Total Persons at Work","2024","Arts, Entertainment and Other Services","Eastern and Midland","Number","67.31"
"Total Persons at Work","2024","Arts, Entertainment and Other Services","Ireland","Number","123.34"
"Total Persons at Work","2024","All Sectors","Northern and Western","Number","439.43"
"Total Persons at Work","2024","All Sectors","Southern","Number","882.22"
"Total Persons at Work","2024","All Sectors","Eastern and Midland","Number","1434.72"
"Total Persons at Work","2024","All Sectors","Ireland","Number","2756.37"
"Employees at Work","2000","Agriculture, Forestry and Fishing","Northern and Western","Number","6.96"
"Employees at Work","2000","Agriculture, Forestry and Fishing","Southern","Number","11.5"
"Employees at Work","2000","Agriculture, Forestry and Fishing","Eastern and Midland","Number","7.84"
"Employees at Work","2000","Agriculture, Forestry and Fishing","Ireland","Number","26.31"
"Employees at Work","2000","Industry (excl. Construction)","Northern and Western","Number","54.55"
"Employees at Work","2000","Industry (excl. Construction)","Southern","Number","121.45"
"Employees at Work","2000","Industry (excl. Construction)","Eastern and Midland","Number","138.66"
"Employees at Work","2000","Industry (excl. Construction)","Ireland","Number","314.67"
"Employees at Work","2000","Industry - of which Manufacturing","Northern and Western","Number","51.17"
"Employees at Work","2000","Industry - of which Manufacturing","Southern","Number","114.72"
"Employees at Work","2000","Industry - of which Manufacturing","Eastern and Midland","Number","127.09"
"Employees at Work","2000","Industry - of which Manufacturing","Ireland","Number","292.98"
"Employees at Work","2000","Construction","Northern and Western","Number","20.4"
"Employees at Work","2000","Construction","Southern","Number","37.69"
"Employees at Work","2000","Construction","Eastern and Midland","Number","47.98"
"Employees at Work","2000","Construction","Ireland","Number","106.07"
"Employees at Work","2000","Distribution, Transport, Hotels and Restaurants","Northern and Western","Number","51.22"
"Employees at Work","2000","Distribution, Transport, Hotels and Restaurants","Southern","Number","120.94"
"Employees at Work","2000","Distribution, Transport, Hotels and Restaurants","Eastern and Midland","Number","201.82"
"Employees at Work","2000","Distribution, Transport, Hotels and Restaurants","Ireland","Number","373.98"
"Employees at Work","2000","Information and Communication","Northern and Western","Number","5.54"
"Employees at Work","2000","Information and Communication","Southern","Number","12.96"
"Employees at Work","2000","Information and Communication","Eastern and Midland","Number","52.2"
"Employees at Work","2000","Information and Communication","Ireland","Number","70.71"
"Employees at Work","2000","Financial and Insurance Activities","Northern and Western","Number","5.33"
"Employees at Work","2000","Financial and Insurance Activities","Southern","Number","13.72"
"Employees at Work","2000","Financial and Insurance Activities","Eastern and Midland","Number","50.82"
"Employees at Work","2000","Financial and Insurance Activities","Ireland","Number","69.86"
"Employees at Work","2000","Real Estate Activities","Northern and Western","Number","0.36"
"Employees at Work","2000","Real Estate Activities","Southern","Number","1.21"
"Employees at Work","2000","Real Estate Activities","Eastern and Midland","Number","2.97"
"Employees at Work","2000","Real Estate Activities","Ireland","Number","4.54"
"Employees at Work","2000","Professional, Admin and Support Services","Northern and Western","Number","12.78"
"Employees at Work","2000","Professional, Admin and Support Services","Southern","Number","32.78"
"Employees at Work","2000","Professional, Admin and Support Services","Eastern and Midland","Number","73.76"
"Employees at Work","2000","Professional, Admin and Support Services","Ireland","Number","119.32"
"Employees at Work","2000","Public Admin, Education and Health","Northern and Western","Number","50.5"
"Employees at Work","2000","Public Admin, Education and Health","Southern","Number","94.84"
"Employees at Work","2000","Public Admin, Education and Health","Eastern and Midland","Number","162.99"
"Employees at Work","2000","Public Admin, Education and Health","Ireland","Number","308.34"
"Employees at Work","2000","Arts, Entertainment and Other Services","Northern and Western","Number","8.88"
"Employees at Work","2000","Arts, Entertainment and Other Services","Southern","Number","20.2"
"Employees at Work","2000","Arts, Entertainment and Other Services","Eastern and Midland","Number","33.79"
"Employees at Work","2000","Arts, Entertainment and Other Services","Ireland","Number","62.87"
"Employees at Work","2000","All Sectors","Northern and Western","Number","216.52"
"Employees at Work","2000","All Sectors","Southern","Number","467.29"
"Employees at Work","2000","All Sectors","Eastern and Midland","Number","772.84"
"Employees at Work","2000","All Sectors","Ireland","Number","1456.66"
"Employees at Work","2001","Agriculture, Forestry and Fishing","Northern and Western","Number","6.43"
"Employees at Work","2001","Agriculture, Forestry and Fishing","Southern","Number","10.07"
"Employees at Work","2001","Agriculture, Forestry and Fishing","Eastern and Midland","Number","7.08"
"Employees at Work","2001","Agriculture, Forestry and Fishing","Ireland","Number","23.58"
"Employees at Work","2001","Industry (excl. Construction)","Northern and Western","Number","56.92"
"Employees at Work","2001","Industry (excl. Construction)","Southern","Number","123.64"
"Employees at Work","2001","Industry (excl. Construction)","Eastern and Midland","Number","135.35"
"Employees at Work","2001","Industry (excl. Construction)","Ireland","Number","315.9"
"Employees at Work","2001","Industry - of which Manufacturing","Northern and Western","Number","52.53"
"Employees at Work","2001","Industry - of which Manufacturing","Southern","Number","116.23"
"Employees at Work","2001","Industry - of which Manufacturing","Eastern and Midland","Number","123.13"
"Employees at Work","2001","Industry - of which Manufacturing","Ireland","Number","291.89"
"Employees at Work","2001","Construction","Northern and Western","Number","21"
"Employees at Work","2001","Construction","Southern","Number","39.37"
"Employees at Work","2001","Construction","Eastern and Midland","Number","52.75"
"Employees at Work","2001","Construction","Ireland","Number","113.12"
"Employees at Work","2001","Distribution, Transport, Hotels and Restaurants","Northern and Western","Number","54.67"
"Employees at Work","2001","Distribution, Transport, Hotels and Restaurants","Southern","Number","121.64"
"Employees at Work","2001","Distribution, Transport, Hotels and Restaurants","Eastern and Midland","Number","209.13"
"Employees at Work","2001","Distribution, Transport, Hotels and Restaurants","Ireland","Number","385.44"
"Employees at Work","2001","Information and Communication","Northern and Western","Number","5.42"
"Employees at Work","2001","Information and Communication","Southern","Number","13.76"
"Employees at Work","2001","Information and Communication","Eastern and Midland","Number","52.51"
"Employees at Work","2001","Information and Communication","Ireland","Number","71.68"
"Employees at Work","2001","Financial and Insurance Activities","Northern and Western","Number","5.52"
"Employees at Work","2001","Financial and Insurance Activities","Southern","Number","13.46"
"Employees at Work","2001","Financial and Insurance Activities","Eastern and Midland","Number","52.07"
"Employees at Work","2001","Financial and Insurance Activities","Ireland","Number","71.05"
"Employees at Work","2001","Real Estate Activities","Northern and Western","Number","0.53"
"Employees at Work","2001","Real Estate Activities","Southern","Number","1.06"
"Employees at Work","2001","Real Estate Activities","Eastern and Midland","Number","3.17"
"Employees at Work","2001","Real Estate Activities","Ireland","Number","4.76"
"Employees at Work","2001","Professional, Admin and Support Services","Northern and Western","Number","12.87"
"Employees at Work","2001","Professional, Admin and Support Services","Southern","Number","35.2"
"Employees at Work","2001","Professional, Admin and Support Services","Eastern and Midland","Number","79.52"
"Employees at Work","2001","Professional, Admin and Support Services","Ireland","Number","127.59"
"Employees at Work","2001","Public Admin, Education and Health","Northern and Western","Number","54.66"
"Employees at Work","2001","Public Admin, Education and Health","Southern","Number","103.55"
"Employees at Work","2001","Public Admin, Education and Health","Eastern and Midland","Number","167.96"
"Employees at Work","2001","Public Admin, Education and Health","Ireland","Number","326.18"
"Employees at Work","2001","Arts, Entertainment and Other Services","Northern and Western","Number","9.37"
"Employees at Work","2001","Arts, Entertainment and Other Services","Southern","Number","20.6"
"Employees at Work","2001","Arts, Entertainment and Other Services","Eastern and Midland","Number","36.03"
"Employees at Work","2001","Arts, Entertainment and Other Services","Ireland","Number","65.99"
"Employees at Work","2001","All Sectors","Northern and Western","Number","227.39"
"Employees at Work","2001","All Sectors","Southern","Number","482.34"
"Employees at Work","2001","All Sectors","Eastern and Midland","Number","795.56"
"Employees at Work","2001","All Sectors","Ireland","Number","1505.29"
"Employees at Work","2002","Agriculture, Forestry and Fishing","Northern and Western","Number","6.12"
"Employees at Work","2002","Agriculture, Forestry and Fishing","Southern","Number","9.98"
"Employees at Work","2002","Agriculture, Forestry and Fishing","Eastern and Midland","Number","7.41"
"Employees at Work","2002","Agriculture, Forestry and Fishing","Ireland","Number","23.51"
"Employees at Work","2002","Industry (excl. Construction)","Northern and Western","Number","54.6"
"Employees at Work","2002","Industry (excl. Construction)","Southern","Number","120.33"
"Employees at Work","2002","Industry (excl. Construction)","Eastern and Midland","Number","127.45"
"Employees at Work","2002","Industry (excl. Construction)","Ireland","Number","302.38"
"Employees at Work","2002","Industry - of which Manufacturing","Northern and Western","Number","50.38"
"Employees at Work","2002","Industry - of which Manufacturing","Southern","Number","112.39"
"Employees at Work","2002","Industry - of which Manufacturing","Eastern and Midland","Number","114.73"
"Employees at Work","2002","Industry - of which Manufacturing","Ireland","Number","277.5"
"Employees at Work","2002","Construction","Northern and Western","Number","22.34"
"Employees at Work","2002","Construction","Southern","Number","38.76"
"Employees at Work","2002","Construction","Eastern and Midland","Number","52.42"
"Employees at Work","2002","Construction","Ireland","Number","113.52"
"Employees at Work","2002","Distribution, Transport, Hotels and Restaurants","Northern and Western","Number","56.81"
"Employees at Work","2002","Distribution, Transport, Hotels and Restaurants","Southern","Number","126.92"
"Employees at Work","2002","Distribution, Transport, Hotels and Restaurants","Eastern and Midland","Number","208.62"
"Employees at Work","2002","Distribution, Transport, Hotels and Restaurants","Ireland","Number","392.35"
"Employees at Work","2002","Information and Communication","Northern and Western","Number","6.05"
"Employees at Work","2002","Information and Communication","Southern","Number","14.55"
"Employees at Work","2002","Information and Communication","Eastern and Midland","Number","51.82"
"Employees at Work","2002","Information and Communication","Ireland","Number","72.42"
"Employees at Work","2002","Financial and Insurance Activities","Northern and Western","Number","6.52"
"Employees at Work","2002","Financial and Insurance Activities","Southern","Number","13.12"
"Employees at Work","2002","Financial and Insurance Activities","Eastern and Midland","Number","51.87"
"Employees at Work","2002","Financial and Insurance Activities","Ireland","Number","71.51"
"Employees at Work","2002","Real Estate Activities","Northern and Western","Number","0.56"
"Employees at Work","2002","Real Estate Activities","Southern","Number","1.41"
"Employees at Work","2002","Real Estate Activities","Eastern and Midland","Number","3.54"
"Employees at Work","2002","Real Estate Activities","Ireland","Number","5.52"
"Employees at Work","2002","Professional, Admin and Support Services","Northern and Western","Number","13.54"
"Employees at Work","2002","Professional, Admin and Support Services","Southern","Number","36.69"
"Employees at Work","2002","Professional, Admin and Support Services","Eastern and Midland","Number","79.05"
"Employees at Work","2002","Professional, Admin and Support Services","Ireland","Number","129.28"
"Employees at Work","2002","Public Admin, Education and Health","Northern and Western","Number","59.56"
"Employees at Work","2002","Public Admin, Education and Health","Southern","Number","113.18"
"Employees at Work","2002","Public Admin, Education and Health","Eastern and Midland","Number","180.33"
"Employees at Work","2002","Public Admin, Education and Health","Ireland","Number","353.07"
"Employees at Work","2002","Arts, Entertainment and Other Services","Northern and Western","Number","9.77"
"Employees at Work","2002","Arts, Entertainment and Other Services","Southern","Number","22.72"
"Employees at Work","2002","Arts, Entertainment and Other Services","Eastern and Midland","Number","36.76"
"Employees at Work","2002","Arts, Entertainment and Other Services","Ireland","Number","69.25"
"Employees at Work","2002","All Sectors","Northern and Western","Number","235.88"
"Employees at Work","2002","All Sectors","Southern","Number","497.67"
"Employees at Work","2002","All Sectors","Eastern and Midland","Number","799.26"
"Employees at Work","2002","All Sectors","Ireland","Number","1532.81"
"Employees at Work","2003","Agriculture, Forestry and Fishing","Northern and Western","Number","4.92"
"Employees at Work","2003","Agriculture, Forestry and Fishing","Southern","Number","10.81"
"Employees at Work","2003","Agriculture, Forestry and Fishing","Eastern and Midland","Number","7.6"
"Employees at Work","2003","Agriculture, Forestry and Fishing","Ireland","Number","23.33"
"Employees at Work","2003","Industry (excl. Construction)","Northern and Western","Number","51.84"
"Employees at Work","2003","Industry (excl. Construction)","Southern","Number","117.16"
"Employees at Work","2003","Industry (excl. Construction)","Eastern and Midland","Number","125.28"
"Employees at Work","2003","Industry (excl. Construction)","Ireland","Number","294.28"
"Employees at Work","2003","Industry - of which Manufacturing","Northern and Western","Number","47.49"
"Employees at Work","2003","Industry - of which Manufacturing","Southern","Number","109.41"
"Employees at Work","2003","Industry - of which Manufacturing","Eastern and Midland","Number","112.57"
"Employees at Work","2003","Industry - of which Manufacturing","Ireland","Number","269.48"
"Employees at Work","2003","Construction","Northern and Western","Number","22.78"
"Employees at Work","2003","Construction","Southern","Number","41.33"
"Employees at Work","2003","Construction","Eastern and Midland","Number","53.61"
"Employees at Work","2003","Construction","Ireland","Number","117.72"
"Employees at Work","2003","Distribution, Transport, Hotels and Restaurants","Northern and Western","Number","62.1"
"Employees at Work","2003","Distribution, Transport, Hotels and Restaurants","Southern","Number","133.69"
"Employees at Work","2003","Distribution, Transport, Hotels and Restaurants","Eastern and Midland","Number","209.38"
"Employees at Work","2003","Distribution, Transport, Hotels and Restaurants","Ireland","Number","405.17"
"Employees at Work","2003","Information and Communication","Northern and Western","Number","6.5"
"Employees at Work","2003","Information and Communication","Southern","Number","13.65"
"Employees at Work","2003","Information and Communication","Eastern and Midland","Number","48.68"
"Employees at Work","2003","Information and Communication","Ireland","Number","68.84"
"Employees at Work","2003","Financial and Insurance Activities","Northern and Western","Number","7.25"
"Employees at Work","2003","Financial and Insurance Activities","Southern","Number","14.73"
"Employees at Work","2003","Financial and Insurance Activities","Eastern and Midland","Number","54.48"
"Employees at Work","2003","Financial and Insurance Activities","Ireland","Number","76.46"
"Employees at Work","2003","Real Estate Activities","Northern and Western","Number","0.66"
"Employees at Work","2003","Real Estate Activities","Southern","Number","1.44"
"Employees at Work","2003","Real Estate Activities","Eastern and Midland","Number","3.27"
"Employees at Work","2003","Real Estate Activities","Ireland","Number","5.37"
"Employees at Work","2003","Professional, Admin and Support Services","Northern and Western","Number","15.28"
"Employees at Work","2003","Professional, Admin and Support Services","Southern","Number","35.72"
"Employees at Work","2003","Professional, Admin and Support Services","Eastern and Midland","Number","81.51"
"Employees at Work","2003","Professional, Admin and Support Services","Ireland","Number","132.52"
"Employees at Work","2003","Public Admin, Education and Health","Northern and Western","Number","65.38"
"Employees at Work","2003","Public Admin, Education and Health","Southern","Number","117.63"
"Employees at Work","2003","Public Admin, Education and Health","Eastern and Midland","Number","189.5"
"Employees at Work","2003","Public Admin, Education and Health","Ireland","Number","372.51"
"Employees at Work","2003","Arts, Entertainment and Other Services","Northern and Western","Number","10.36"
"Employees at Work","2003","Arts, Entertainment and Other Services","Southern","Number","22.74"
"Employees at Work","2003","Arts, Entertainment and Other Services","Eastern and Midland","Number","37.49"
"Employees at Work","2003","Arts, Entertainment and Other Services","Ireland","Number","70.6"
"Employees at Work","2003","All Sectors","Northern and Western","Number","247.08"
"Employees at Work","2003","All Sectors","Southern","Number","508.91"
"Employees at Work","2003","All Sectors","Eastern and Midland","Number","810.81"
"Employees at Work","2003","All Sectors","Ireland","Number","1566.8"
"Employees at Work","2004","Agriculture, Forestry and Fishing","Northern and Western","Number","5.8"
"Employees at Work","2004","Agriculture, Forestry and Fishing","Southern","Number","10.4"
"Employees at Work","2004","Agriculture, Forestry and Fishing","Eastern and Midland","Number","6.59"
"Employees at Work","2004","Agriculture, Forestry and Fishing","Ireland","Number","22.79"
"Employees at Work","2004","Industry (excl. Construction)","Northern and Western","Number","52.25"
"Employees at Work","2004","Industry (excl. Construction)","Southern","Number","115.84"
"Employees at Work","2004","Industry (excl. Construction)","Eastern and Midland","Number","123.6"
"Employees at Work","2004","Industry (excl. Construction)","Ireland","Number","291.68"
"Employees at Work","2004","Industry - of which Manufacturing","Northern and Western","Number","47.51"
"Employees at Work","2004","Industry - of which Manufacturing","Southern","Number","106.79"
"Employees at Work","2004","Industry - of which Manufacturing","Eastern and Midland","Number","110.15"
"Employees at Work","2004","Industry - of which Manufacturing","Ireland","Number","264.45"
"Employees at Work","2004","Construction","Northern and Western","Number","26.81"
"Employees at Work","2004","Construction","Southern","Number","48.29"
"Employees at Work","2004","Construction","Eastern and Midland","Number","58.17"
"Employees at Work","2004","Construction","Ireland","Number","133.27"
"Employees at Work","2004","Distribution, Transport, Hotels and Restaurants","Northern and Western","Number","62.91"
"Employees at Work","2004","Distribution, Transport, Hotels and Restaurants","Southern","Number","130.45"
"Employees at Work","2004","Distribution, Transport, Hotels and Restaurants","Eastern and Midland","Number","214.85"
"Employees at Work","2004","Distribution, Transport, Hotels and Restaurants","Ireland","Number","408.22"
"Employees at Work","2004","Information and Communication","Northern and Western","Number","7.21"
"Employees at Work","2004","Information and Communication","Southern","Number","13.29"
"Employees at Work","2004","Information and Communication","Eastern and Midland","Number","46.84"
"Employees at Work","2004","Information and Communication","Ireland","Number","67.34"
"Employees at Work","2004","Financial and Insurance Activities","Northern and Western","Number","8.1"
"Employees at Work","2004","Financial and Insurance Activities","Southern","Number","16.2"
"Employees at Work","2004","Financial and Insurance Activities","Eastern and Midland","Number","59.42"
"Employees at Work","2004","Financial and Insurance Activities","Ireland","Number","83.72"
"Employees at Work","2004","Real Estate Activities","Northern and Western","Number","0.76"
"Employees at Work","2004","Real Estate Activities","Southern","Number","1.1"
"Employees at Work","2004","Real Estate Activities","Eastern and Midland","Number","2.19"
"Employees at Work","2004","Real Estate Activities","Ireland","Number","4.05"
"Employees at Work","2004","Professional, Admin and Support Services","Northern and Western","Number","16.65"
"Employees at Work","2004","Professional, Admin and Support Services","Southern","Number","41.9"
"Employees at Work","2004","Professional, Admin and Support Services","Eastern and Midland","Number","85.65"
"Employees at Work","2004","Professional, Admin and Support Services","Ireland","Number","144.2"
"Employees at Work","2004","Public Admin, Education and Health","Northern and Western","Number","68.15"
"Employees at Work","2004","Public Admin, Education and Health","Southern","Number","119.55"
"Employees at Work","2004","Public Admin, Education and Health","Eastern and Midland","Number","192.86"
"Employees at Work","2004","Public Admin, Education and Health","Ireland","Number","380.55"
"Employees at Work","2004","Arts, Entertainment and Other Services","Northern and Western","Number","12.02"
"Employees at Work","2004","Arts, Entertainment and Other Services","Southern","Number","24.02"
"Employees at Work","2004","Arts, Entertainment and Other Services","Eastern and Midland","Number","43.51"
"Employees at Work","2004","Arts, Entertainment and Other Services","Ireland","Number","79.56"
"Employees at Work","2004","All Sectors","Northern and Western","Number","260.65"
"Employees at Work","2004","All Sectors","Southern","Number","521.04"
"Employees at Work","2004","All Sectors","Eastern and Midland","Number","833.69"
"Employees at Work","2004","All Sectors","Ireland","Number","1615.38"
"Employees at Work","2005","Agriculture, Forestry and Fishing","Northern and Western","Number","6.11"
"Employees at Work","2005","Agriculture, Forestry and Fishing","Southern","Number","9.21"
"Employees at Work","2005","Agriculture, Forestry and Fishing","Eastern and Midland","Number","6.31"
"Employees at Work","2005","Agriculture, Forestry and Fishing","Ireland","Number","21.62"
"Employees at Work","2005","Industry (excl. Construction)","Northern and Western","Number","53.48"
"Employees at Work","2005","Industry (excl. Construction)","Southern","Number","113.32"
"Employees at Work","2005","Industry (excl. Construction)","Eastern and Midland","Number","121.19"
"Employees at Work","2005","Industry (excl. Construction)","Ireland","Number","287.99"
"Employees at Work","2005","Industry - of which Manufacturing","Northern and Western","Number","47.75"
"Employees at Work","2005","Industry - of which Manufacturing","Southern","Number","102.67"
"Employees at Work","2005","Industry - of which Manufacturing","Eastern and Midland","Number","106.82"
"Employees at Work","2005","Industry - of which Manufacturing","Ireland","Number","257.24"
"Employees at Work","2005","Construction","Northern and Western","Number","30.23"
"Employees at Work","2005","Construction","Southern","Number","55.2"
"Employees at Work","2005","Construction","Eastern and Midland","Number","70.01"
"Employees at Work","2005","Construction","Ireland","Number","155.44"
"Employees at Work","2005","Distribution, Transport, Hotels and Restaurants","Northern and Western","Number","67.1"
"Employees at Work","2005","Distribution, Transport, Hotels and Restaurants","Southern","Number","137.86"
"Employees at Work","2005","Distribution, Transport, Hotels and Restaurants","Eastern and Midland","Number","222.3"
"Employees at Work","2005","Distribution, Transport, Hotels and Restaurants","Ireland","Number","427.26"
"Employees at Work","2005","Information and Communication","Northern and Western","Number","6.16"
"Employees at Work","2005","Information and Communication","Southern","Number","16.21"
"Employees at Work","2005","Information and Communication","Eastern and Midland","Number","51"
"Employees at Work","2005","Information and Communication","Ireland","Number","73.36"
"Employees at Work","2005","Financial and Insurance Activities","Northern and Western","Number","8.15"
"Employees at Work","2005","Financial and Insurance Activities","Southern","Number","16.24"
"Employees at Work","2005","Financial and Insurance Activities","Eastern and Midland","Number","61.85"
"Employees at Work","2005","Financial and Insurance Activities","Ireland","Number","86.25"
"Employees at Work","2005","Real Estate Activities","Northern and Western","Number","0.62"
"Employees at Work","2005","Real Estate Activities","Southern","Number","1.36"
"Employees at Work","2005","Real Estate Activities","Eastern and Midland","Number","3.77"
"Employees at Work","2005","Real Estate Activities","Ireland","Number","5.74"
"Employees at Work","2005","Professional, Admin and Support Services","Northern and Western","Number","18.11"
"Employees at Work","2005","Professional, Admin and Support Services","Southern","Number","48.79"
"Employees at Work","2005","Professional, Admin and Support Services","Eastern and Midland","Number","91.38"
"Employees at Work","2005","Professional, Admin and Support Services","Ireland","Number","158.28"
"Employees at Work","2005","Public Admin, Education and Health","Northern and Western","Number","70"
"Employees at Work","2005","Public Admin, Education and Health","Southern","Number","130.63"
"Employees at Work","2005","Public Admin, Education and Health","Eastern and Midland","Number","206.47"
"Employees at Work","2005","Public Admin, Education and Health","Ireland","Number","407.1"
"Employees at Work","2005","Arts, Entertainment and Other Services","Northern and Western","Number","10.96"
"Employees at Work","2005","Arts, Entertainment and Other Services","Southern","Number","24.11"
"Employees at Work","2005","Arts, Entertainment and Other Services","Eastern and Midland","Number","44.32"
"Employees at Work","2005","Arts, Entertainment and Other Services","Ireland","Number","79.39"
"Employees at Work","2005","All Sectors","Northern and Western","Number","270.92"
"Employees at Work","2005","All Sectors","Southern","Number","552.93"
"Employees at Work","2005","All Sectors","Eastern and Midland","Number","878.59"
"Employees at Work","2005","All Sectors","Ireland","Number","1702.44"
"Employees at Work","2006","Agriculture, Forestry and Fishing","Northern and Western","Number","6.11"
"Employees at Work","2006","Agriculture, Forestry and Fishing","Southern","Number","10.2"
"Employees at Work","2006","Agriculture, Forestry and Fishing","Eastern and Midland","Number","8.64"
"Employees at Work","2006","Agriculture, Forestry and Fishing","Ireland","Number","24.95"
"Employees at Work","2006","Industry (excl. Construction)","Northern and Western","Number","50.99"
"Employees at Work","2006","Industry (excl. Construction)","Southern","Number","115.07"
"Employees at Work","2006","Industry (excl. Construction)","Eastern and Midland","Number","124.42"
"Employees at Work","2006","Industry (excl. Construction)","Ireland","Number","290.48"
"Employees at Work","2006","Industry - of which Manufacturing","Northern and Western","Number","45.15"
"Employees at Work","2006","Industry - of which Manufacturing","Southern","Number","103.29"
"Employees at Work","2006","Industry - of which Manufacturing","Eastern and Midland","Number","107.87"
"Employees at Work","2006","Industry - of which Manufacturing","Ireland","Number","256.3"
"Employees at Work","2006","Construction","Northern and Western","Number","32.68"
"Employees at Work","2006","Construction","Southern","Number","62.44"
"Employees at Work","2006","Construction","Eastern and Midland","Number","77.94"
"Employees at Work","2006","Construction","Ireland","Number","173.06"
"Employees at Work","2006","Distribution, Transport, Hotels and Restaurants","Northern and Western","Number","71.65"
"Employees at Work","2006","Distribution, Transport, Hotels and Restaurants","Southern","Number","145.45"
"Employees at Work","2006","Distribution, Transport, Hotels and Restaurants","Eastern and Midland","Number","233"
"Employees at Work","2006","Distribution, Transport, Hotels and Restaurants","Ireland","Number","450.1"
"Employees at Work","2006","Information and Communication","Northern and Western","Number","4.92"
"Employees at Work","2006","Information and Communication","Southern","Number","15.8"
"Employees at Work","2006","Information and Communication","Eastern and Midland","Number","55.05"
"Employees at Work","2006","Information and Communication","Ireland","Number","75.77"
"Employees at Work","2006","Financial and Insurance Activities","Northern and Western","Number","7.22"
"Employees at Work","2006","Financial and Insurance Activities","Southern","Number","16.58"
"Employees at Work","2006","Financial and Insurance Activities","Eastern and Midland","Number","64.31"
"Employees at Work","2006","Financial and Insurance Activities","Ireland","Number","88.12"
"Employees at Work","2006","Real Estate Activities","Northern and Western","Number","0.66"
"Employees at Work","2006","Real Estate Activities","Southern","Number","2.04"
"Employees at Work","2006","Real Estate Activities","Eastern and Midland","Number","4.62"
"Employees at Work","2006","Real Estate Activities","Ireland","Number","7.32"
"Employees at Work","2006","Professional, Admin and Support Services","Northern and Western","Number","17.79"
"Employees at Work","2006","Professional, Admin and Support Services","Southern","Number","50.7"
"Employees at Work","2006","Professional, Admin and Support Services","Eastern and Midland","Number","99.17"
"Employees at Work","2006","Professional, Admin and Support Services","Ireland","Number","167.66"
"Employees at Work","2006","Public Admin, Education and Health","Northern and Western","Number","76.63"
"Employees at Work","2006","Public Admin, Education and Health","Southern","Number","137.94"
"Employees at Work","2006","Public Admin, Education and Health","Eastern and Midland","Number","219.7"
"Employees at Work","2006","Public Admin, Education and Health","Ireland","Number","434.27"
"Employees at Work","2006","Arts, Entertainment and Other Services","Northern and Western","Number","11.68"
"Employees at Work","2006","Arts, Entertainment and Other Services","Southern","Number","24.58"
"Employees at Work","2006","Arts, Entertainment and Other Services","Eastern and Midland","Number","46.98"
"Employees at Work","2006","Arts, Entertainment and Other Services","Ireland","Number","83.25"
"Employees at Work","2006","All Sectors","Northern and Western","Number","280.34"
"Employees at Work","2006","All Sectors","Southern","Number","580.81"
"Employees at Work","2006","All Sectors","Eastern and Midland","Number","933.83"
"Employees at Work","2006","All Sectors","Ireland","Number","1794.97"
"Employees at Work","2007","Agriculture, Forestry and Fishing","Northern and Western","Number","5.76"
"Employees at Work","2007","Agriculture, Forestry and Fishing","Southern","Number","9.97"
"Employees at Work","2007","Agriculture, Forestry and Fishing","Eastern and Midland","Number","7.86"
"Employees at Work","2007","Agriculture, Forestry and Fishing","Ireland","Number","23.58"
"Employees at Work","2007","Industry (excl. Construction)","Northern and Western","Number","50.26"
"Employees at Work","2007","Industry (excl. Construction)","Southern","Number","113.53"
"Employees at Work","2007","Industry (excl. Construction)","Eastern and Midland","Number","126.68"
"Employees at Work","2007","Industry (excl. Construction)","Ireland","Number","290.47"
"Employees at Work","2007","Industry - of which Manufacturing","Northern and Western","Number","44.88"
"Employees at Work","2007","Industry - of which Manufacturing","Southern","Number","101.99"
"Employees at Work","2007","Industry - of which Manufacturing","Eastern and Midland","Number","108.78"
"Employees at Work","2007","Industry - of which Manufacturing","Ireland","Number","255.64"
"Employees at Work","2007","Construction","Northern and Western","Number","32"
"Employees at Work","2007","Construction","Southern","Number","65.22"
"Employees at Work","2007","Construction","Eastern and Midland","Number","80.66"
"Employees at Work","2007","Construction","Ireland","Number","177.88"
"Employees at Work","2007","Distribution, Transport, Hotels and Restaurants","Northern and Western","Number","74.57"
"Employees at Work","2007","Distribution, Transport, Hotels and Restaurants","Southern","Number","153.06"
"Employees at Work","2007","Distribution, Transport, Hotels and Restaurants","Eastern and Midland","Number","251"
"Employees at Work","2007","Distribution, Transport, Hotels and Restaurants","Ireland","Number","478.62"
"Employees at Work","2007","Information and Communication","Northern and Western","Number","5.89"
"Employees at Work","2007","Information and Communication","Southern","Number","15.69"
"Employees at Work","2007","Information and Communication","Eastern and Midland","Number","52.58"
"Employees at Work","2007","Information and Communication","Ireland","Number","74.16"
"Employees at Work","2007","Financial and Insurance Activities","Northern and Western","Number","7.73"
"Employees at Work","2007","Financial and Insurance Activities","Southern","Number","16.53"
"Employees at Work","2007","Financial and Insurance Activities","Eastern and Midland","Number","67.93"
"Employees at Work","2007","Financial and Insurance Activities","Ireland","Number","92.19"
"Employees at Work","2007","Real Estate Activities","Northern and Western","Number","1.02"
"Employees at Work","2007","Real Estate Activities","Southern","Number","1.89"
"Employees at Work","2007","Real Estate Activities","Eastern and Midland","Number","5.1"
"Employees at Work","2007","Real Estate Activities","Ireland","Number","8.01"
"Employees at Work","2007","Professional, Admin and Support Services","Northern and Western","Number","17.62"
"Employees at Work","2007","Professional, Admin and Support Services","Southern","Number","53.06"
"Employees at Work","2007","Professional, Admin and Support Services","Eastern and Midland","Number","109.82"
"Employees at Work","2007","Professional, Admin and Support Services","Ireland","Number","180.5"
"Employees at Work","2007","Public Admin, Education and Health","Northern and Western","Number","78.73"
"Employees at Work","2007","Public Admin, Education and Health","Southern","Number","142.24"
"Employees at Work","2007","Public Admin, Education and Health","Eastern and Midland","Number","229.03"
"Employees at Work","2007","Public Admin, Education and Health","Ireland","Number","450"
"Employees at Work","2007","Arts, Entertainment and Other Services","Northern and Western","Number","11.4"
"Employees at Work","2007","Arts, Entertainment and Other Services","Southern","Number","24.16"
"Employees at Work","2007","Arts, Entertainment and Other Services","Eastern and Midland","Number","46.51"
"Employees at Work","2007","Arts, Entertainment and Other Services","Ireland","Number","82.06"
"Employees at Work","2007","All Sectors","Northern and Western","Number","284.98"
"Employees at Work","2007","All Sectors","Southern","Number","595.34"
"Employees at Work","2007","All Sectors","Eastern and Midland","Number","977.15"
"Employees at Work","2007","All Sectors","Ireland","Number","1857.48"
"Employees at Work","2008","Agriculture, Forestry and Fishing","Northern and Western","Number","5.47"
"Employees at Work","2008","Agriculture, Forestry and Fishing","Southern","Number","10.01"
"Employees at Work","2008","Agriculture, Forestry and Fishing","Eastern and Midland","Number","8.97"
"Employees at Work","2008","Agriculture, Forestry and Fishing","Ireland","Number","24.46"
"Employees at Work","2008","Industry (excl. Construction)","Northern and Western","Number","44.56"
"Employees at Work","2008","Industry (excl. Construction)","Southern","Number","110.78"
"Employees at Work","2008","Industry (excl. Construction)","Eastern and Midland","Number","121.07"
"Employees at Work","2008","Industry (excl. Construction)","Ireland","Number","276.4"
"Employees at Work","2008","Industry - of which Manufacturing","Northern and Western","Number","39.24"
"Employees at Work","2008","Industry - of which Manufacturing","Southern","Number","98.08"
"Employees at Work","2008","Industry - of which Manufacturing","Eastern and Midland","Number","104.45"
"Employees at Work","2008","Industry - of which Manufacturing","Ireland","Number","241.77"
"Employees at Work","2008","Construction","Northern and Western","Number","25.76"
"Employees at Work","2008","Construction","Southern","Number","53.5"
"Employees at Work","2008","Construction","Eastern and Midland","Number","67.45"
"Employees at Work","2008","Construction","Ireland","Number","146.72"
"Employees at Work","2008","Distribution, Transport, Hotels and Restaurants","Northern and Western","Number","71.67"
"Employees at Work","2008","Distribution, Transport, Hotels and Restaurants","Southern","Number","154.66"
"Employees at Work","2008","Distribution, Transport, Hotels and Restaurants","Eastern and Midland","Number","249.09"
"Employees at Work","2008","Distribution, Transport, Hotels and Restaurants","Ireland","Number","475.42"
"Employees at Work","2008","Information and Communication","Northern and Western","Number","7.16"
"Employees at Work","2008","Information and Communication","Southern","Number","16.8"
"Employees at Work","2008","Information and Communication","Eastern and Midland","Number","52.94"
"Employees at Work","2008","Information and Communication","Ireland","Number","76.9"
"Employees at Work","2008","Financial and Insurance Activities","Northern and Western","Number","9.64"
"Employees at Work","2008","Financial and Insurance Activities","Southern","Number","16.45"
"Employees at Work","2008","Financial and Insurance Activities","Eastern and Midland","Number","69.69"
"Employees at Work","2008","Financial and Insurance Activities","Ireland","Number","95.77"
"Employees at Work","2008","Real Estate Activities","Northern and Western","Number","0.96"
"Employees at Work","2008","Real Estate Activities","Southern","Number","2.13"
"Employees at Work","2008","Real Estate Activities","Eastern and Midland","Number","4.77"
"Employees at Work","2008","Real Estate Activities","Ireland","Number","7.86"
"Employees at Work","2008","Professional, Admin and Support Services","Northern and Western","Number","18.56"
"Employees at Work","2008","Professional, Admin and Support Services","Southern","Number","48.84"
"Employees at Work","2008","Professional, Admin and Support Services","Eastern and Midland","Number","108.46"
"Employees at Work","2008","Professional, Admin and Support Services","Ireland","Number","175.86"
"Employees at Work","2008","Public Admin, Education and Health","Northern and Western","Number","78.41"
"Employees at Work","2008","Public Admin, Education and Health","Southern","Number","148.24"
"Employees at Work","2008","Public Admin, Education and Health","Eastern and Midland","Number","236.32"
"Employees at Work","2008","Public Admin, Education and Health","Ireland","Number","462.97"
"Employees at Work","2008","Arts, Entertainment and Other Services","Northern and Western","Number","11.97"
"Employees at Work","2008","Arts, Entertainment and Other Services","Southern","Number","24.97"
"Employees at Work","2008","Arts, Entertainment and Other Services","Eastern and Midland","Number","48.82"
"Employees at Work","2008","Arts, Entertainment and Other Services","Ireland","Number","85.77"
"Employees at Work","2008","All Sectors","Northern and Western","Number","274.15"
"Employees at Work","2008","All Sectors","Southern","Number","586.38"
"Employees at Work","2008","All Sectors","Eastern and Midland","Number","967.59"
"Employees at Work","2008","All Sectors","Ireland","Number","1828.12"
"Employees at Work","2009","Agriculture, Forestry and Fishing","Northern and Western","Number","5.3"
"Employees at Work","2009","Agriculture, Forestry and Fishing","Southern","Number","9.18"
"Employees at Work","2009","Agriculture, Forestry and Fishing","Eastern and Midland","Number","7.44"
"Employees at Work","2009","Agriculture, Forestry and Fishing","Ireland","Number","21.91"
"Employees at Work","2009","Industry (excl. Construction)","Northern and Western","Number","44.15"
"Employees at Work","2009","Industry (excl. Construction)","Southern","Number","93.16"
"Employees at Work","2009","Industry (excl. Construction)","Eastern and Midland","Number","103.2"
"Employees at Work","2009","Industry (excl. Construction)","Ireland","Number","240.51"
"Employees at Work","2009","Industry - of which Manufacturing","Northern and Western","Number","39.27"
"Employees at Work","2009","Industry - of which Manufacturing","Southern","Number","83.69"
"Employees at Work","2009","Industry - of which Manufacturing","Eastern and Midland","Number","88.02"
"Employees at Work","2009","Industry - of which Manufacturing","Ireland","Number","210.98"
"Employees at Work","2009","Construction","Northern and Western","Number","15.89"
"Employees at Work","2009","Construction","Southern","Number","32.2"
"Employees at Work","2009","Construction","Eastern and Midland","Number","38.4"
"Employees at Work","2009","Construction","Ireland","Number","86.49"
"Employees at Work","2009","Distribution, Transport, Hotels and Restaurants","Northern and Western","Number","69.54"
"Employees at Work","2009","Distribution, Transport, Hotels and Restaurants","Southern","Number","144.24"
"Employees at Work","2009","Distribution, Transport, Hotels and Restaurants","Eastern and Midland","Number","223.71"
"Employees at Work","2009","Distribution, Transport, Hotels and Restaurants","Ireland","Number","437.49"
"Employees at Work","2009","Information and Communication","Northern and Western","Number","9"
"Employees at Work","2009","Information and Communication","Southern","Number","17.18"
"Employees at Work","2009","Information and Communication","Eastern and Midland","Number","52.04"
"Employees at Work","2009","Information and Communication","Ireland","Number","78.21"
"Employees at Work","2009","Financial and Insurance Activities","Northern and Western","Number","7.75"
"Employees at Work","2009","Financial and Insurance Activities","Southern","Number","17.32"
"Employees at Work","2009","Financial and Insurance Activities","Eastern and Midland","Number","71.95"
"Employees at Work","2009","Financial and Insurance Activities","Ireland","Number","97.02"
"Employees at Work","2009","Real Estate Activities","Northern and Western","Number","0.86"
"Employees at Work","2009","Real Estate Activities","Southern","Number","1.62"
"Employees at Work","2009","Real Estate Activities","Eastern and Midland","Number","3.87"
"Employees at Work","2009","Real Estate Activities","Ireland","Number","6.35"
"Employees at Work","2009","Professional, Admin and Support Services","Northern and Western","Number","16.57"
"Employees at Work","2009","Professional, Admin and Support Services","Southern","Number","43.83"
"Employees at Work","2009","Professional, Admin and Support Services","Eastern and Midland","Number","89.11"
"Employees at Work","2009","Professional, Admin and Support Services","Ireland","Number","149.5"
"Employees at Work","2009","Public Admin, Education and Health","Northern and Western","Number","79.44"
"Employees at Work","2009","Public Admin, Education and Health","Southern","Number","149.54"
"Employees at Work","2009","Public Admin, Education and Health","Eastern and Midland","Number","234.7"
"Employees at Work","2009","Public Admin, Education and Health","Ireland","Number","463.68"
"Employees at Work","2009","Arts, Entertainment and Other Services","Northern and Western","Number","11.89"
"Employees at Work","2009","Arts, Entertainment and Other Services","Southern","Number","22.45"
"Employees at Work","2009","Arts, Entertainment and Other Services","Eastern and Midland","Number","45.31"
"Employees at Work","2009","Arts, Entertainment and Other Services","Ireland","Number","79.65"
"Employees at Work","2009","All Sectors","Northern and Western","Number","260.38"
"Employees at Work","2009","All Sectors","Southern","Number","530.71"
"Employees at Work","2009","All Sectors","Eastern and Midland","Number","869.73"
"Employees at Work","2009","All Sectors","Ireland","Number","1660.82"
"Employees at Work","2010","Agriculture, Forestry and Fishing","Northern and Western","Number","7.25"
"Employees at Work","2010","Agriculture, Forestry and Fishing","Southern","Number","11.45"
"Employees at Work","2010","Agriculture, Forestry and Fishing","Eastern and Midland","Number","5.77"
"Employees at Work","2010","Agriculture, Forestry and Fishing","Ireland","Number","24.47"
"Employees at Work","2010","Industry (excl. Construction)","Northern and Western","Number","45.54"
"Employees at Work","2010","Industry (excl. Construction)","Southern","Number","86.48"
"Employees at Work","2010","Industry (excl. Construction)","Eastern and Midland","Number","95.52"
"Employees at Work","2010","Industry (excl. Construction)","Ireland","Number","227.54"
"Employees at Work","2010","Industry - of which Manufacturing","Northern and Western","Number","41.42"
"Employees at Work","2010","Industry - of which Manufacturing","Southern","Number","77.73"
"Employees at Work","2010","Industry - of which Manufacturing","Eastern and Midland","Number","79.24"
"Employees at Work","2010","Industry - of which Manufacturing","Ireland","Number","198.39"
"Employees at Work","2010","Construction","Northern and Western","Number","10.59"
"Employees at Work","2010","Construction","Southern","Number","23.15"
"Employees at Work","2010","Construction","Eastern and Midland","Number","27.97"
"Employees at Work","2010","Construction","Ireland","Number","61.71"
"Employees at Work","2010","Distribution, Transport, Hotels and Restaurants","Northern and Western","Number","66.85"
"Employees at Work","2010","Distribution, Transport, Hotels and Restaurants","Southern","Number","140.74"
"Employees at Work","2010","Distribution, Transport, Hotels and Restaurants","Eastern and Midland","Number","215.44"
"Employees at Work","2010","Distribution, Transport, Hotels and Restaurants","Ireland","Number","423.03"
"Employees at Work","2010","Information and Communication","Northern and Western","Number","8.22"
"Employees at Work","2010","Information and Communication","Southern","Number","17.98"
"Employees at Work","2010","Information and Communication","Eastern and Midland","Number","50.54"
"Employees at Work","2010","Information and Communication","Ireland","Number","76.74"
"Employees at Work","2010","Financial and Insurance Activities","Northern and Western","Number","6.53"
"Employees at Work","2010","Financial and Insurance Activities","Southern","Number","16.13"
"Employees at Work","2010","Financial and Insurance Activities","Eastern and Midland","Number","67.56"
"Employees at Work","2010","Financial and Insurance Activities","Ireland","Number","90.22"
"Employees at Work","2010","Real Estate Activities","Northern and Western","Number","0.66"
"Employees at Work","2010","Real Estate Activities","Southern","Number","1.6"
"Employees at Work","2010","Real Estate Activities","Eastern and Midland","Number","4.2"
"Employees at Work","2010","Real Estate Activities","Ireland","Number","6.47"
"Employees at Work","2010","Professional, Admin and Support Services","Northern and Western","Number","15.82"
"Employees at Work","2010","Professional, Admin and Support Services","Southern","Number","41.65"
"Employees at Work","2010","Professional, Admin and Support Services","Eastern and Midland","Number","82.91"
"Employees at Work","2010","Professional, Admin and Support Services","Ireland","Number","140.37"
"Employees at Work","2010","Public Admin, Education and Health","Northern and Western","Number","77"
"Employees at Work","2010","Public Admin, Education and Health","Southern","Number","145.53"
"Employees at Work","2010","Public Admin, Education and Health","Eastern and Midland","Number","243.01"
"Employees at Work","2010","Public Admin, Education and Health","Ireland","Number","465.55"
"Employees at Work","2010","Arts, Entertainment and Other Services","Northern and Western","Number","10.74"
"Employees at Work","2010","Arts, Entertainment and Other Services","Southern","Number","22.02"
"Employees at Work","2010","Arts, Entertainment and Other Services","Eastern and Midland","Number","42.88"
"Employees at Work","2010","Arts, Entertainment and Other Services","Ireland","Number","75.65"
"Employees at Work","2010","All Sectors","Northern and Western","Number","249.2"
"Employees at Work","2010","All Sectors","Southern","Number","506.73"
"Employees at Work","2010","All Sectors","Eastern and Midland","Number","835.81"
"Employees at Work","2010","All Sectors","Ireland","Number","1591.74"
"Employees at Work","2011","Agriculture, Forestry and Fishing","Northern and Western","Number","7.57"
"Employees at Work","2011","Agriculture, Forestry and Fishing","Southern","Number","10.97"
"Employees at Work","2011","Agriculture, Forestry and Fishing","Eastern and Midland","Number","7.83"
"Employees at Work","2011","Agriculture, Forestry and Fishing","Ireland","Number","26.38"
"Employees at Work","2011","Industry (excl. Construction)","Northern and Western","Number","44.36"
"Employees at Work","2011","Industry (excl. Construction)","Southern","Number","89.67"
"Employees at Work","2011","Industry (excl. Construction)","Eastern and Midland","Number","89.04"
"Employees at Work","2011","Industry (excl. Construction)","Ireland","Number","223.01"
"Employees at Work","2011","Industry - of which Manufacturing","Northern and Western","Number","40.53"
"Employees at Work","2011","Industry - of which Manufacturing","Southern","Number","80.31"
"Employees at Work","2011","Industry - of which Manufacturing","Eastern and Midland","Number","76.72"
"Employees at Work","2011","Industry - of which Manufacturing","Ireland","Number","197.51"
"Employees at Work","2011","Construction","Northern and Western","Number","10.25"
"Employees at Work","2011","Construction","Southern","Number","21.22"
"Employees at Work","2011","Construction","Eastern and Midland","Number","25.25"
"Employees at Work","2011","Construction","Ireland","Number","56.71"
"Employees at Work","2011","Distribution, Transport, Hotels and Restaurants","Northern and Western","Number","62.37"
"Employees at Work","2011","Distribution, Transport, Hotels and Restaurants","Southern","Number","136.24"
"Employees at Work","2011","Distribution, Transport, Hotels and Restaurants","Eastern and Midland","Number","210.85"
"Employees at Work","2011","Distribution, Transport, Hotels and Restaurants","Ireland","Number","409.47"
"Employees at Work","2011","Information and Communication","Northern and Western","Number","8.01"
"Employees at Work","2011","Information and Communication","Southern","Number","16.92"
"Employees at Work","2011","Information and Communication","Eastern and Midland","Number","50.49"
"Employees at Work","2011","Information and Communication","Ireland","Number","75.42"
"Employees at Work","2011","Financial and Insurance Activities","Northern and Western","Number","7.52"
"Employees at Work","2011","Financial and Insurance Activities","Southern","Number","15.09"
"Employees at Work","2011","Financial and Insurance Activities","Eastern and Midland","Number","66.55"
"Employees at Work","2011","Financial and Insurance Activities","Ireland","Number","89.16"
"Employees at Work","2011","Real Estate Activities","Northern and Western","Number","0.5"
"Employees at Work","2011","Real Estate Activities","Southern","Number","1.55"
"Employees at Work","2011","Real Estate Activities","Eastern and Midland","Number","3.72"
"Employees at Work","2011","Real Estate Activities","Ireland","Number","5.77"
"Employees at Work","2011","Professional, Admin and Support Services","Northern and Western","Number","18.19"
"Employees at Work","2011","Professional, Admin and Support Services","Southern","Number","40.21"
"Employees at Work","2011","Professional, Admin and Support Services","Eastern and Midland","Number","85.42"
"Employees at Work","2011","Professional, Admin and Support Services","Ireland","Number","143.82"
"Employees at Work","2011","Public Admin, Education and Health","Northern and Western","Number","75.18"
"Employees at Work","2011","Public Admin, Education and Health","Southern","Number","145.95"
"Employees at Work","2011","Public Admin, Education and Health","Eastern and Midland","Number","238.99"
"Employees at Work","2011","Public Admin, Education and Health","Ireland","Number","460.12"
"Employees at Work","2011","Arts, Entertainment and Other Services","Northern and Western","Number","11.14"
"Employees at Work","2011","Arts, Entertainment and Other Services","Southern","Number","22.6"
"Employees at Work","2011","Arts, Entertainment and Other Services","Eastern and Midland","Number","44.84"
"Employees at Work","2011","Arts, Entertainment and Other Services","Ireland","Number","78.58"
"Employees at Work","2011","All Sectors","Northern and Western","Number","245.08"
"Employees at Work","2011","All Sectors","Southern","Number","500.42"
"Employees at Work","2011","All Sectors","Eastern and Midland","Number","823"
"Employees at Work","2011","All Sectors","Ireland","Number","1568.44"
"Employees at Work","2012","Agriculture, Forestry and Fishing","Northern and Western","Number","8.25"
"Employees at Work","2012","Agriculture, Forestry and Fishing","Southern","Number","9.57"
"Employees at Work","2012","Agriculture, Forestry and Fishing","Eastern and Midland","Number","7.24"
"Employees at Work","2012","Agriculture, Forestry and Fishing","Ireland","Number","25.06"
"Employees at Work","2012","Industry (excl. Construction)","Northern and Western","Number","44.08"
"Employees at Work","2012","Industry (excl. Construction)","Southern","Number","87.71"
"Employees at Work","2012","Industry (excl. Construction)","Eastern and Midland","Number","84.79"
"Employees at Work","2012","Industry (excl. Construction)","Ireland","Number","216.58"
"Employees at Work","2012","Industry - of which Manufacturing","Northern and Western","Number","40.78"
"Employees at Work","2012","Industry - of which Manufacturing","Southern","Number","80.18"
"Employees at Work","2012","Industry - of which Manufacturing","Eastern and Midland","Number","73.41"
"Employees at Work","2012","Industry - of which Manufacturing","Ireland","Number","194.38"
"Employees at Work","2012","Construction","Northern and Western","Number","9"
"Employees at Work","2012","Construction","Southern","Number","20.75"
"Employees at Work","2012","Construction","Eastern and Midland","Number","22.8"
"Employees at Work","2012","Construction","Ireland","Number","52.54"
"Employees at Work","2012","Distribution, Transport, Hotels and Restaurants","Northern and Western","Number","63.61"
"Employees at Work","2012","Distribution, Transport, Hotels and Restaurants","Southern","Number","136.4"
"Employees at Work","2012","Distribution, Transport, Hotels and Restaurants","Eastern and Midland","Number","212.35"
"Employees at Work","2012","Distribution, Transport, Hotels and Restaurants","Ireland","Number","412.36"
"Employees at Work","2012","Information and Communication","Northern and Western","Number","7.68"
"Employees at Work","2012","Information and Communication","Southern","Number","17.35"
"Employees at Work","2012","Information and Communication","Eastern and Midland","Number","55.95"
"Employees at Work","2012","Information and Communication","Ireland","Number","80.99"
"Employees at Work","2012","Financial and Insurance Activities","Northern and Western","Number","7"
"Employees at Work","2012","Financial and Insurance Activities","Southern","Number","16.06"
"Employees at Work","2012","Financial and Insurance Activities","Eastern and Midland","Number","65.05"
"Employees at Work","2012","Financial and Insurance Activities","Ireland","Number","88.1"
"Employees at Work","2012","Real Estate Activities","Northern and Western","Number","0.8"
"Employees at Work","2012","Real Estate Activities","Southern","Number","1.2"
"Employees at Work","2012","Real Estate Activities","Eastern and Midland","Number","4.6"
"Employees at Work","2012","Real Estate Activities","Ireland","Number","6.6"
"Employees at Work","2012","Professional, Admin and Support Services","Northern and Western","Number","15.74"
"Employees at Work","2012","Professional, Admin and Support Services","Southern","Number","40.53"
"Employees at Work","2012","Professional, Admin and Support Services","Eastern and Midland","Number","84.06"
"Employees at Work","2012","Professional, Admin and Support Services","Ireland","Number","140.33"
"Employees at Work","2012","Public Admin, Education and Health","Northern and Western","Number","77.1"
"Employees at Work","2012","Public Admin, Education and Health","Southern","Number","146.25"
"Employees at Work","2012","Public Admin, Education and Health","Eastern and Midland","Number","235.37"
"Employees at Work","2012","Public Admin, Education and Health","Ireland","Number","458.72"
"Employees at Work","2012","Arts, Entertainment and Other Services","Northern and Western","Number","10.9"
"Employees at Work","2012","Arts, Entertainment and Other Services","Southern","Number","22.95"
"Employees at Work","2012","Arts, Entertainment and Other Services","Eastern and Midland","Number","46.38"
"Employees at Work","2012","Arts, Entertainment and Other Services","Ireland","Number","80.22"
"Employees at Work","2012","All Sectors","Northern and Western","Number","244.16"
"Employees at Work","2012","All Sectors","Southern","Number","498.76"
"Employees at Work","2012","All Sectors","Eastern and Midland","Number","818.58"
"Employees at Work","2012","All Sectors","Ireland","Number","1561.5"
"Employees at Work","2013","Agriculture, Forestry and Fishing","Northern and Western","Number","7.57"
"Employees at Work","2013","Agriculture, Forestry and Fishing","Southern","Number","11.41"
"Employees at Work","2013","Agriculture, Forestry and Fishing","Eastern and Midland","Number","8.64"
"Employees at Work","2013","Agriculture, Forestry and Fishing","Ireland","Number","27.62"
"Employees at Work","2013","Industry (excl. Construction)","Northern and Western","Number","47.99"
"Employees at Work","2013","Industry (excl. Construction)","Southern","Number","92.32"
"Employees at Work","2013","Industry (excl. Construction)","Eastern and Midland","Number","86.64"
"Employees at Work","2013","Industry (excl. Construction)","Ireland","Number","226.95"
"Employees at Work","2013","Industry - of which Manufacturing","Northern and Western","Number","43.57"
"Employees at Work","2013","Industry - of which Manufacturing","Southern","Number","83.79"
"Employees at Work","2013","Industry - of which Manufacturing","Eastern and Midland","Number","74.04"
"Employees at Work","2013","Industry - of which Manufacturing","Ireland","Number","201.4"
"Employees at Work","2013","Construction","Northern and Western","Number","9.54"
"Employees at Work","2013","Construction","Southern","Number","19.54"
"Employees at Work","2013","Construction","Eastern and Midland","Number","23.51"
"Employees at Work","2013","Construction","Ireland","Number","52.59"
"Employees at Work","2013","Distribution, Transport, Hotels and Restaurants","Northern and Western","Number","70.54"
"Employees at Work","2013","Distribution, Transport, Hotels and Restaurants","Southern","Number","137.73"
"Employees at Work","2013","Distribution, Transport, Hotels and Restaurants","Eastern and Midland","Number","223.21"
"Employees at Work","2013","Distribution, Transport, Hotels and Restaurants","Ireland","Number","431.48"
"Employees at Work","2013","Information and Communication","Northern and Western","Number","9.13"
"Employees at Work","2013","Information and Communication","Southern","Number","17.19"
"Employees at Work","2013","Information and Communication","Eastern and Midland","Number","55.4"
"Employees at Work","2013","Information and Communication","Ireland","Number","81.71"
"Employees at Work","2013","Financial and Insurance Activities","Northern and Western","Number","7.74"
"Employees at Work","2013","Financial and Insurance Activities","Southern","Number","16"
"Employees at Work","2013","Financial and Insurance Activities","Eastern and Midland","Number","64.88"
"Employees at Work","2013","Financial and Insurance Activities","Ireland","Number","88.63"
"Employees at Work","2013","Real Estate Activities","Northern and Western","Number","0.59"
"Employees at Work","2013","Real Estate Activities","Southern","Number","1.12"
"Employees at Work","2013","Real Estate Activities","Eastern and Midland","Number","3.97"
"Employees at Work","2013","Real Estate Activities","Ireland","Number","5.68"
"Employees at Work","2013","Professional, Admin and Support Services","Northern and Western","Number","17.59"
"Employees at Work","2013","Professional, Admin and Support Services","Southern","Number","41.58"
"Employees at Work","2013","Professional, Admin and Support Services","Eastern and Midland","Number","87.72"
"Employees at Work","2013","Professional, Admin and Support Services","Ireland","Number","146.88"
"Employees at Work","2013","Public Admin, Education and Health","Northern and Western","Number","77.96"
"Employees at Work","2013","Public Admin, Education and Health","Southern","Number","150.46"
"Employees at Work","2013","Public Admin, Education and Health","Eastern and Midland","Number","236.36"
"Employees at Work","2013","Public Admin, Education and Health","Ireland","Number","464.78"
"Employees at Work","2013","Arts, Entertainment and Other Services","Northern and Western","Number","9.75"
"Employees at Work","2013","Arts, Entertainment and Other Services","Southern","Number","24.23"
"Employees at Work","2013","Arts, Entertainment and Other Services","Eastern and Midland","Number","43.33"
"Employees at Work","2013","Arts, Entertainment and Other Services","Ireland","Number","77.31"
"Employees at Work","2013","All Sectors","Northern and Western","Number","258.41"
"Employees at Work","2013","All Sectors","Southern","Number","511.57"
"Employees at Work","2013","All Sectors","Eastern and Midland","Number","833.66"
"Employees at Work","2013","All Sectors","Ireland","Number","1603.63"
"Employees at Work","2014","Agriculture, Forestry and Fishing","Northern and Western","Number","7.65"
"Employees at Work","2014","Agriculture, Forestry and Fishing","Southern","Number","12.31"
"Employees at Work","2014","Agriculture, Forestry and Fishing","Eastern and Midland","Number","7.27"
"Employees at Work","2014","Agriculture, Forestry and Fishing","Ireland","Number","27.24"
"Employees at Work","2014","Industry (excl. Construction)","Northern and Western","Number","47"
"Employees at Work","2014","Industry (excl. Construction)","Southern","Number","89.35"
"Employees at Work","2014","Industry (excl. Construction)","Eastern and Midland","Number","93.09"
"Employees at Work","2014","Industry (excl. Construction)","Ireland","Number","229.43"
"Employees at Work","2014","Industry - of which Manufacturing","Northern and Western","Number","42.79"
"Employees at Work","2014","Industry - of which Manufacturing","Southern","Number","79.66"
"Employees at Work","2014","Industry - of which Manufacturing","Eastern and Midland","Number","80.47"
"Employees at Work","2014","Industry - of which Manufacturing","Ireland","Number","202.92"
"Employees at Work","2014","Construction","Northern and Western","Number","10.36"
"Employees at Work","2014","Construction","Southern","Number","21.33"
"Employees at Work","2014","Construction","Eastern and Midland","Number","27.23"
"Employees at Work","2014","Construction","Ireland","Number","58.91"
"Employees at Work","2014","Distribution, Transport, Hotels and Restaurants","Northern and Western","Number","70.69"
"Employees at Work","2014","Distribution, Transport, Hotels and Restaurants","Southern","Number","144.63"
"Employees at Work","2014","Distribution, Transport, Hotels and Restaurants","Eastern and Midland","Number","228.99"
"Employees at Work","2014","Distribution, Transport, Hotels and Restaurants","Ireland","Number","444.31"
"Employees at Work","2014","Information and Communication","Northern and Western","Number","7.83"
"Employees at Work","2014","Information and Communication","Southern","Number","18.13"
"Employees at Work","2014","Information and Communication","Eastern and Midland","Number","59.38"
"Employees at Work","2014","Information and Communication","Ireland","Number","85.34"
"Employees at Work","2014","Financial and Insurance Activities","Northern and Western","Number","6.96"
"Employees at Work","2014","Financial and Insurance Activities","Southern","Number","15.54"
"Employees at Work","2014","Financial and Insurance Activities","Eastern and Midland","Number","66.92"
"Employees at Work","2014","Financial and Insurance Activities","Ireland","Number","89.41"
"Employees at Work","2014","Real Estate Activities","Northern and Western","Number","0.68"
"Employees at Work","2014","Real Estate Activities","Southern","Number","1.38"
"Employees at Work","2014","Real Estate Activities","Eastern and Midland","Number","4.82"
"Employees at Work","2014","Real Estate Activities","Ireland","Number","6.88"
"Employees at Work","2014","Professional, Admin and Support Services","Northern and Western","Number","20.14"
"Employees at Work","2014","Professional, Admin and Support Services","Southern","Number","44.49"
"Employees at Work","2014","Professional, Admin and Support Services","Eastern and Midland","Number","94.14"
"Employees at Work","2014","Professional, Admin and Support Services","Ireland","Number","158.77"
"Employees at Work","2014","Public Admin, Education and Health","Northern and Western","Number","81.28"
"Employees at Work","2014","Public Admin, Education and Health","Southern","Number","148.99"
"Employees at Work","2014","Public Admin, Education and Health","Eastern and Midland","Number","244.03"
"Employees at Work","2014","Public Admin, Education and Health","Ireland","Number","474.31"
"Employees at Work","2014","Arts, Entertainment and Other Services","Northern and Western","Number","11.07"
"Employees at Work","2014","Arts, Entertainment and Other Services","Southern","Number","21.45"
"Employees at Work","2014","Arts, Entertainment and Other Services","Eastern and Midland","Number","42.78"
"Employees at Work","2014","Arts, Entertainment and Other Services","Ireland","Number","75.3"
"Employees at Work","2014","All Sectors","Northern and Western","Number","263.66"
"Employees at Work","2014","All Sectors","Southern","Number","517.6"
"Employees at Work","2014","All Sectors","Eastern and Midland","Number","868.65"
"Employees at Work","2014","All Sectors","Ireland","Number","1649.9"
"Employees at Work","2015","Agriculture, Forestry and Fishing","Northern and Western","Number","7.08"
"Employees at Work","2015","Agriculture, Forestry and Fishing","Southern","Number","10.97"
"Employees at Work","2015","Agriculture, Forestry and Fishing","Eastern and Midland","Number","8.29"
"Employees at Work","2015","Agriculture, Forestry and Fishing","Ireland","Number","26.33"
"Employees at Work","2015","Industry (excl. Construction)","Northern and Western","Number","49.23"
"Employees at Work","2015","Industry (excl. Construction)","Southern","Number","95.39"
"Employees at Work","2015","Industry (excl. Construction)","Eastern and Midland","Number","97.7"
"Employees at Work","2015","Industry (excl. Construction)","Ireland","Number","242.32"
"Employees at Work","2015","Industry - of which Manufacturing","Northern and Western","Number","44.54"
"Employees at Work","2015","Industry - of which Manufacturing","Southern","Number","87.61"
"Employees at Work","2015","Industry - of which Manufacturing","Eastern and Midland","Number","83.82"
"Employees at Work","2015","Industry - of which Manufacturing","Ireland","Number","215.97"
"Employees at Work","2015","Construction","Northern and Western","Number","14.12"
"Employees at Work","2015","Construction","Southern","Number","22.58"
"Employees at Work","2015","Construction","Eastern and Midland","Number","32.38"
"Employees at Work","2015","Construction","Ireland","Number","69.08"
"Employees at Work","2015","Distribution, Transport, Hotels and Restaurants","Northern and Western","Number","69.17"
"Employees at Work","2015","Distribution, Transport, Hotels and Restaurants","Southern","Number","145.64"
"Employees at Work","2015","Distribution, Transport, Hotels and Restaurants","Eastern and Midland","Number","240.77"
"Employees at Work","2015","Distribution, Transport, Hotels and Restaurants","Ireland","Number","455.59"
"Employees at Work","2015","Information and Communication","Northern and Western","Number","7.9"
"Employees at Work","2015","Information and Communication","Southern","Number","18.61"
"Employees at Work","2015","Information and Communication","Eastern and Midland","Number","63.08"
"Employees at Work","2015","Information and Communication","Ireland","Number","89.58"
"Employees at Work","2015","Financial and Insurance Activities","Northern and Western","Number","6.18"
"Employees at Work","2015","Financial and Insurance Activities","Southern","Number","16.19"
"Employees at Work","2015","Financial and Insurance Activities","Eastern and Midland","Number","66.21"
"Employees at Work","2015","Financial and Insurance Activities","Ireland","Number","88.58"
"Employees at Work","2015","Real Estate Activities","Northern and Western","Number","1.05"
"Employees at Work","2015","Real Estate Activities","Southern","Number","1.25"
"Employees at Work","2015","Real Estate Activities","Eastern and Midland","Number","5.44"
"Employees at Work","2015","Real Estate Activities","Ireland","Number","7.73"
"Employees at Work","2015","Professional, Admin and Support Services","Northern and Western","Number","17.82"
"Employees at Work","2015","Professional, Admin and Support Services","Southern","Number","48.37"
"Employees at Work","2015","Professional, Admin and Support Services","Eastern and Midland","Number","99.5"
"Employees at Work","2015","Professional, Admin and Support Services","Ireland","Number","165.69"
"Employees at Work","2015","Public Admin, Education and Health","Northern and Western","Number","84.7"
"Employees at Work","2015","Public Admin, Education and Health","Southern","Number","154.77"
"Employees at Work","2015","Public Admin, Education and Health","Eastern and Midland","Number","247.32"
"Employees at Work","2015","Public Admin, Education and Health","Ireland","Number","486.79"
"Employees at Work","2015","Arts, Entertainment and Other Services","Northern and Western","Number","10.2"
"Employees at Work","2015","Arts, Entertainment and Other Services","Southern","Number","22.97"
"Employees at Work","2015","Arts, Entertainment and Other Services","Eastern and Midland","Number","50.05"
"Employees at Work","2015","Arts, Entertainment and Other Services","Ireland","Number","83.23"
"Employees at Work","2015","All Sectors","Northern and Western","Number","267.45"
"Employees at Work","2015","All Sectors","Southern","Number","536.73"
"Employees at Work","2015","All Sectors","Eastern and Midland","Number","910.73"
"Employees at Work","2015","All Sectors","Ireland","Number","1714.92"
"Employees at Work","2016","Agriculture, Forestry and Fishing","Northern and Western","Number","7.52"
"Employees at Work","2016","Agriculture, Forestry and Fishing","Southern","Number","10.68"
"Employees at Work","2016","Agriculture, Forestry and Fishing","Eastern and Midland","Number","9.24"
"Employees at Work","2016","Agriculture, Forestry and Fishing","Ireland","Number","27.43"
"Employees at Work","2016","Industry (excl. Construction)","Northern and Western","Number","50.25"
"Employees at Work","2016","Industry (excl. Construction)","Southern","Number","98.28"
"Employees at Work","2016","Industry (excl. Construction)","Eastern and Midland","Number","105.3"
"Employees at Work","2016","Industry (excl. Construction)","Ireland","Number","253.83"
"Employees at Work","2016","Industry - of which Manufacturing","Northern and Western","Number","45.62"
"Employees at Work","2016","Industry - of which Manufacturing","Southern","Number","91.73"
"Employees at Work","2016","Industry - of which Manufacturing","Eastern and Midland","Number","90.61"
"Employees at Work","2016","Industry - of which Manufacturing","Ireland","Number","227.96"
"Employees at Work","2016","Construction","Northern and Western","Number","14.1"
"Employees at Work","2016","Construction","Southern","Number","27.54"
"Employees at Work","2016","Construction","Eastern and Midland","Number","37.24"
"Employees at Work","2016","Construction","Ireland","Number","78.89"
"Employees at Work","2016","Distribution, Transport, Hotels and Restaurants","Northern and Western","Number","78.44"
"Employees at Work","2016","Distribution, Transport, Hotels and Restaurants","Southern","Number","151.51"
"Employees at Work","2016","Distribution, Transport, Hotels and Restaurants","Eastern and Midland","Number","246.56"
"Employees at Work","2016","Distribution, Transport, Hotels and Restaurants","Ireland","Number","476.51"
"Employees at Work","2016","Information and Communication","Northern and Western","Number","8.08"
"Employees at Work","2016","Information and Communication","Southern","Number","19.76"
"Employees at Work","2016","Information and Communication","Eastern and Midland","Number","66.92"
"Employees at Work","2016","Information and Communication","Ireland","Number","94.76"
"Employees at Work","2016","Financial and Insurance Activities","Northern and Western","Number","6.78"
"Employees at Work","2016","Financial and Insurance Activities","Southern","Number","16.42"
"Employees at Work","2016","Financial and Insurance Activities","Eastern and Midland","Number","69.94"
"Employees at Work","2016","Financial and Insurance Activities","Ireland","Number","93.14"
"Employees at Work","2016","Real Estate Activities","Northern and Western","Number","0.91"
"Employees at Work","2016","Real Estate Activities","Southern","Number","1.02"
"Employees at Work","2016","Real Estate Activities","Eastern and Midland","Number","5.58"
"Employees at Work","2016","Real Estate Activities","Ireland","Number","7.5"
"Employees at Work","2016","Professional, Admin and Support Services","Northern and Western","Number","17.97"
"Employees at Work","2016","Professional, Admin and Support Services","Southern","Number","52.27"
"Employees at Work","2016","Professional, Admin and Support Services","Eastern and Midland","Number","102.54"
"Employees at Work","2016","Professional, Admin and Support Services","Ireland","Number","172.78"
"Employees at Work","2016","Public Admin, Education and Health","Northern and Western","Number","82.48"
"Employees at Work","2016","Public Admin, Education and Health","Southern","Number","159.47"
"Employees at Work","2016","Public Admin, Education and Health","Eastern and Midland","Number","252.61"
"Employees at Work","2016","Public Admin, Education and Health","Ireland","Number","494.56"
"Employees at Work","2016","Arts, Entertainment and Other Services","Northern and Western","Number","11.81"
"Employees at Work","2016","Arts, Entertainment and Other Services","Southern","Number","24.1"
"Employees at Work","2016","Arts, Entertainment and Other Services","Eastern and Midland","Number","50.52"
"Employees at Work","2016","Arts, Entertainment and Other Services","Ireland","Number","86.43"
"Employees at Work","2016","All Sectors","Northern and Western","Number","278.33"
"Employees at Work","2016","All Sectors","Southern","Number","561.04"
"Employees at Work","2016","All Sectors","Eastern and Midland","Number","946.46"
"Employees at Work","2016","All Sectors","Ireland","Number","1785.83"
"Employees at Work","2017","Agriculture, Forestry and Fishing","Northern and Western","Number","7.66"
"Employees at Work","2017","Agriculture, Forestry and Fishing","Southern","Number","11.06"
"Employees at Work","2017","Agriculture, Forestry and Fishing","Eastern and Midland","Number","9"
"Employees at Work","2017","Agriculture, Forestry and Fishing","Ireland","Number","27.71"
"Employees at Work","2017","Industry (excl. Construction)","Northern and Western","Number","55.48"
"Employees at Work","2017","Industry (excl. Construction)","Southern","Number","104.08"
"Employees at Work","2017","Industry (excl. Construction)","Eastern and Midland","Number","104.48"
"Employees at Work","2017","Industry (excl. Construction)","Ireland","Number","263.97"
"Employees at Work","2017","Industry - of which Manufacturing","Northern and Western","Number","50.35"
"Employees at Work","2017","Industry - of which Manufacturing","Southern","Number","95.57"
"Employees at Work","2017","Industry - of which Manufacturing","Eastern and Midland","Number","88.01"
"Employees at Work","2017","Industry - of which Manufacturing","Ireland","Number","233.87"
"Employees at Work","2017","Construction","Northern and Western","Number","14.59"
"Employees at Work","2017","Construction","Southern","Number","29.86"
"Employees at Work","2017","Construction","Eastern and Midland","Number","41.36"
"Employees at Work","2017","Construction","Ireland","Number","85.82"
"Employees at Work","2017","Distribution, Transport, Hotels and Restaurants","Northern and Western","Number","79.59"
"Employees at Work","2017","Distribution, Transport, Hotels and Restaurants","Southern","Number","162.94"
"Employees at Work","2017","Distribution, Transport, Hotels and Restaurants","Eastern and Midland","Number","254.5"
"Employees at Work","2017","Distribution, Transport, Hotels and Restaurants","Ireland","Number","497.03"
"Employees at Work","2017","Information and Communication","Northern and Western","Number","8.82"
"Employees at Work","2017","Information and Communication","Southern","Number","19.24"
"Employees at Work","2017","Information and Communication","Eastern and Midland","Number","72.66"
"Employees at Work","2017","Information and Communication","Ireland","Number","100.72"
"Employees at Work","2017","Financial and Insurance Activities","Northern and Western","Number","6.96"
"Employees at Work","2017","Financial and Insurance Activities","Southern","Number","15.54"
"Employees at Work","2017","Financial and Insurance Activities","Eastern and Midland","Number","69.47"
"Employees at Work","2017","Financial and Insurance Activities","Ireland","Number","91.97"
"Employees at Work","2017","Real Estate Activities","Northern and Western","Number","0.64"
"Employees at Work","2017","Real Estate Activities","Southern","Number","1.72"
"Employees at Work","2017","Real Estate Activities","Eastern and Midland","Number","5.22"
"Employees at Work","2017","Real Estate Activities","Ireland","Number","7.59"
"Employees at Work","2017","Professional, Admin and Support Services","Northern and Western","Number","19.69"
"Employees at Work","2017","Professional, Admin and Support Services","Southern","Number","51.26"
"Employees at Work","2017","Professional, Admin and Support Services","Eastern and Midland","Number","109.34"
"Employees at Work","2017","Professional, Admin and Support Services","Ireland","Number","180.29"
"Employees at Work","2017","Public Admin, Education and Health","Northern and Western","Number","89.54"
"Employees at Work","2017","Public Admin, Education and Health","Southern","Number","161.56"
"Employees at Work","2017","Public Admin, Education and Health","Eastern and Midland","Number","264.18"
"Employees at Work","2017","Public Admin, Education and Health","Ireland","Number","515.28"
"Employees at Work","2017","Arts, Entertainment and Other Services","Northern and Western","Number","12.93"
"Employees at Work","2017","Arts, Entertainment and Other Services","Southern","Number","27.68"
"Employees at Work","2017","Arts, Entertainment and Other Services","Eastern and Midland","Number","47.44"
"Employees at Work","2017","Arts, Entertainment and Other Services","Ireland","Number","88.04"
"Employees at Work","2017","All Sectors","Northern and Western","Number","295.91"
"Employees at Work","2017","All Sectors","Southern","Number","584.94"
"Employees at Work","2017","All Sectors","Eastern and Midland","Number","977.65"
"Employees at Work","2017","All Sectors","Ireland","Number","1858.43"
"Employees at Work","2018","Agriculture, Forestry and Fishing","Northern and Western","Number","4.88"
"Employees at Work","2018","Agriculture, Forestry and Fishing","Southern","Number","11.58"
"Employees at Work","2018","Agriculture, Forestry and Fishing","Eastern and Midland","Number","10.32"
"Employees at Work","2018","Agriculture, Forestry and Fishing","Ireland","Number","26.78"
"Employees at Work","2018","Industry (excl. Construction)","Northern and Western","Number","57.79"
"Employees at Work","2018","Industry (excl. Construction)","Southern","Number","101.62"
"Employees at Work","2018","Industry (excl. Construction)","Eastern and Midland","Number","102.73"
"Employees at Work","2018","Industry (excl. Construction)","Ireland","Number","262.14"
"Employees at Work","2018","Industry - of which Manufacturing","Northern and Western","Number","53.1"
"Employees at Work","2018","Industry - of which Manufacturing","Southern","Number","91.57"
"Employees at Work","2018","Industry - of which Manufacturing","Eastern and Midland","Number","87.9"
"Employees at Work","2018","Industry - of which Manufacturing","Ireland","Number","232.57"
"Employees at Work","2018","Construction","Northern and Western","Number","15.94"
"Employees at Work","2018","Construction","Southern","Number","32.78"
"Employees at Work","2018","Construction","Eastern and Midland","Number","47.53"
"Employees at Work","2018","Construction","Ireland","Number","96.26"
"Employees at Work","2018","Distribution, Transport, Hotels and Restaurants","Northern and Western","Number","79.83"
"Employees at Work","2018","Distribution, Transport, Hotels and Restaurants","Southern","Number","159.84"
"Employees at Work","2018","Distribution, Transport, Hotels and Restaurants","Eastern and Midland","Number","272.32"
"Employees at Work","2018","Distribution, Transport, Hotels and Restaurants","Ireland","Number","512"
"Employees at Work","2018","Information and Communication","Northern and Western","Number","9.39"
"Employees at Work","2018","Information and Communication","Southern","Number","18.83"
"Employees at Work","2018","Information and Communication","Eastern and Midland","Number","76.17"
"Employees at Work","2018","Information and Communication","Ireland","Number","104.39"
"Employees at Work","2018","Financial and Insurance Activities","Northern and Western","Number","7.04"
"Employees at Work","2018","Financial and Insurance Activities","Southern","Number","15.86"
"Employees at Work","2018","Financial and Insurance Activities","Eastern and Midland","Number","67.71"
"Employees at Work","2018","Financial and Insurance Activities","Ireland","Number","90.61"
"Employees at Work","2018","Real Estate Activities","Northern and Western","Number","0.5"
"Employees at Work","2018","Real Estate Activities","Southern","Number","1.38"
"Employees at Work","2018","Real Estate Activities","Eastern and Midland","Number","5.24"
"Employees at Work","2018","Real Estate Activities","Ireland","Number","7.12"
"Employees at Work","2018","Professional, Admin and Support Services","Northern and Western","Number","19.94"
"Employees at Work","2018","Professional, Admin and Support Services","Southern","Number","58.01"
"Employees at Work","2018","Professional, Admin and Support Services","Eastern and Midland","Number","116.64"
"Employees at Work","2018","Professional, Admin and Support Services","Ireland","Number","194.59"
"Employees at Work","2018","Public Admin, Education and Health","Northern and Western","Number","86.21"
"Employees at Work","2018","Public Admin, Education and Health","Southern","Number","169.07"
"Employees at Work","2018","Public Admin, Education and Health","Eastern and Midland","Number","281.75"
"Employees at Work","2018","Public Admin, Education and Health","Ireland","Number","537.04"
"Employees at Work","2018","Arts, Entertainment and Other Services","Northern and Western","Number","13.17"
"Employees at Work","2018","Arts, Entertainment and Other Services","Southern","Number","25.93"
"Employees at Work","2018","Arts, Entertainment and Other Services","Eastern and Midland","Number","52.71"
"Employees at Work","2018","Arts, Entertainment and Other Services","Ireland","Number","91.81"
"Employees at Work","2018","All Sectors","Northern and Western","Number","294.69"
"Employees at Work","2018","All Sectors","Southern","Number","594.9"
"Employees at Work","2018","All Sectors","Eastern and Midland","Number","1033.12"
"Employees at Work","2018","All Sectors","Ireland","Number","1922.72"
"Employees at Work","2019","Agriculture, Forestry and Fishing","Northern and Western","Number","5.28"
"Employees at Work","2019","Agriculture, Forestry and Fishing","Southern","Number","12.35"
"Employees at Work","2019","Agriculture, Forestry and Fishing","Eastern and Midland","Number","9.18"
"Employees at Work","2019","Agriculture, Forestry and Fishing","Ireland","Number","26.81"
"Employees at Work","2019","Industry (excl. Construction)","Northern and Western","Number","56.85"
"Employees at Work","2019","Industry (excl. Construction)","Southern","Number","109.23"
"Employees at Work","2019","Industry (excl. Construction)","Eastern and Midland","Number","105.05"
"Employees at Work","2019","Industry (excl. Construction)","Ireland","Number","271.13"
"Employees at Work","2019","Industry - of which Manufacturing","Northern and Western","Number","51.64"
"Employees at Work","2019","Industry - of which Manufacturing","Southern","Number","100.12"
"Employees at Work","2019","Industry - of which Manufacturing","Eastern and Midland","Number","87.33"
"Employees at Work","2019","Industry - of which Manufacturing","Ireland","Number","239.09"
"Employees at Work","2019","Construction","Northern and Western","Number","16.86"
"Employees at Work","2019","Construction","Southern","Number","31.75"
"Employees at Work","2019","Construction","Eastern and Midland","Number","52.83"
"Employees at Work","2019","Construction","Ireland","Number","101.45"
"Employees at Work","2019","Distribution, Transport, Hotels and Restaurants","Northern and Western","Number","80"
"Employees at Work","2019","Distribution, Transport, Hotels and Restaurants","Southern","Number","160.13"
"Employees at Work","2019","Distribution, Transport, Hotels and Restaurants","Eastern and Midland","Number","282.73"
"Employees at Work","2019","Distribution, Transport, Hotels and Restaurants","Ireland","Number","522.86"
"Employees at Work","2019","Information and Communication","Northern and Western","Number","9.1"
"Employees at Work","2019","Information and Communication","Southern","Number","21.19"
"Employees at Work","2019","Information and Communication","Eastern and Midland","Number","80.91"
"Employees at Work","2019","Information and Communication","Ireland","Number","111.2"
"Employees at Work","2019","Financial and Insurance Activities","Northern and Western","Number","6.81"
"Employees at Work","2019","Financial and Insurance Activities","Southern","Number","17.4"
"Employees at Work","2019","Financial and Insurance Activities","Eastern and Midland","Number","74.58"
"Employees at Work","2019","Financial and Insurance Activities","Ireland","Number","98.78"
"Employees at Work","2019","Real Estate Activities","Northern and Western","Number","0.51"
"Employees at Work","2019","Real Estate Activities","Southern","Number","1.25"
"Employees at Work","2019","Real Estate Activities","Eastern and Midland","Number","5.14"
"Employees at Work","2019","Real Estate Activities","Ireland","Number","6.91"
"Employees at Work","2019","Professional, Admin and Support Services","Northern and Western","Number","22.65"
"Employees at Work","2019","Professional, Admin and Support Services","Southern","Number","58.98"
"Employees at Work","2019","Professional, Admin and Support Services","Eastern and Midland","Number","120.2"
"Employees at Work","2019","Professional, Admin and Support Services","Ireland","Number","201.83"
"Employees at Work","2019","Public Admin, Education and Health","Northern and Western","Number","93.17"
"Employees at Work","2019","Public Admin, Education and Health","Southern","Number","174.87"
"Employees at Work","2019","Public Admin, Education and Health","Eastern and Midland","Number","301.1"
"Employees at Work","2019","Public Admin, Education and Health","Ireland","Number","569.14"
"Employees at Work","2019","Arts, Entertainment and Other Services","Northern and Western","Number","14.65"
"Employees at Work","2019","Arts, Entertainment and Other Services","Southern","Number","24.31"
"Employees at Work","2019","Arts, Entertainment and Other Services","Eastern and Midland","Number","49.18"
"Employees at Work","2019","Arts, Entertainment and Other Services","Ireland","Number","88.14"
"Employees at Work","2019","All Sectors","Northern and Western","Number","305.89"
"Employees at Work","2019","All Sectors","Southern","Number","611.45"
"Employees at Work","2019","All Sectors","Eastern and Midland","Number","1080.92"
"Employees at Work","2019","All Sectors","Ireland","Number","1998.26"
"Employees at Work","2020","Agriculture, Forestry and Fishing","Northern and Western","Number","6.94"
"Employees at Work","2020","Agriculture, Forestry and Fishing","Southern","Number","11.46"
"Employees at Work","2020","Agriculture, Forestry and Fishing","Eastern and Midland","Number","7.67"
"Employees at Work","2020","Agriculture, Forestry and Fishing","Ireland","Number","26.08"
"Employees at Work","2020","Industry (excl. Construction)","Northern and Western","Number","55.9"
"Employees at Work","2020","Industry (excl. Construction)","Southern","Number","114.07"
"Employees at Work","2020","Industry (excl. Construction)","Eastern and Midland","Number","106.9"
"Employees at Work","2020","Industry (excl. Construction)","Ireland","Number","276.87"
"Employees at Work","2020","Industry - of which Manufacturing","Northern and Western","Number","51.6"
"Employees at Work","2020","Industry - of which Manufacturing","Southern","Number","103.19"
"Employees at Work","2020","Industry - of which Manufacturing","Eastern and Midland","Number","92.36"
"Employees at Work","2020","Industry - of which Manufacturing","Ireland","Number","247.15"
"Employees at Work","2020","Construction","Northern and Western","Number","16.11"
"Employees at Work","2020","Construction","Southern","Number","29.47"
"Employees at Work","2020","Construction","Eastern and Midland","Number","49.35"
"Employees at Work","2020","Construction","Ireland","Number","94.93"
"Employees at Work","2020","Distribution, Transport, Hotels and Restaurants","Northern and Western","Number","72.93"
"Employees at Work","2020","Distribution, Transport, Hotels and Restaurants","Southern","Number","150.23"
"Employees at Work","2020","Distribution, Transport, Hotels and Restaurants","Eastern and Midland","Number","251.11"
"Employees at Work","2020","Distribution, Transport, Hotels and Restaurants","Ireland","Number","474.27"
"Employees at Work","2020","Information and Communication","Northern and Western","Number","11.56"
"Employees at Work","2020","Information and Communication","Southern","Number","21.24"
"Employees at Work","2020","Information and Communication","Eastern and Midland","Number","85.86"
"Employees at Work","2020","Information and Communication","Ireland","Number","118.65"
"Employees at Work","2020","Financial and Insurance Activities","Northern and Western","Number","8.17"
"Employees at Work","2020","Financial and Insurance Activities","Southern","Number","21.7"
"Employees at Work","2020","Financial and Insurance Activities","Eastern and Midland","Number","75.86"
"Employees at Work","2020","Financial and Insurance Activities","Ireland","Number","105.72"
"Employees at Work","2020","Real Estate Activities","Northern and Western","Number","1.27"
"Employees at Work","2020","Real Estate Activities","Southern","Number","1.02"
"Employees at Work","2020","Real Estate Activities","Eastern and Midland","Number","5.89"
"Employees at Work","2020","Real Estate Activities","Ireland","Number","8.17"
"Employees at Work","2020","Professional, Admin and Support Services","Northern and Western","Number","21.36"
"Employees at Work","2020","Professional, Admin and Support Services","Southern","Number","52.19"
"Employees at Work","2020","Professional, Admin and Support Services","Eastern and Midland","Number","115.29"
"Employees at Work","2020","Professional, Admin and Support Services","Ireland","Number","188.84"
"Employees at Work","2020","Public Admin, Education and Health","Northern and Western","Number","92.83"
"Employees at Work","2020","Public Admin, Education and Health","Southern","Number","172.19"
"Employees at Work","2020","Public Admin, Education and Health","Eastern and Midland","Number","306.67"
"Employees at Work","2020","Public Admin, Education and Health","Ireland","Number","571.68"
"Employees at Work","2020","Arts, Entertainment and Other Services","Northern and Western","Number","11.35"
"Employees at Work","2020","Arts, Entertainment and Other Services","Southern","Number","23.07"
"Employees at Work","2020","Arts, Entertainment and Other Services","Eastern and Midland","Number","40.02"
"Employees at Work","2020","Arts, Entertainment and Other Services","Ireland","Number","74.45"
"Employees at Work","2020","All Sectors","Northern and Western","Number","298.41"
"Employees at Work","2020","All Sectors","Southern","Number","596.65"
"Employees at Work","2020","All Sectors","Eastern and Midland","Number","1044.61"
"Employees at Work","2020","All Sectors","Ireland","Number","1939.66"
"Employees at Work","2021","Agriculture, Forestry and Fishing","Northern and Western","Number","5.38"
"Employees at Work","2021","Agriculture, Forestry and Fishing","Southern","Number","11.29"
"Employees at Work","2021","Agriculture, Forestry and Fishing","Eastern and Midland","Number","8.69"
"Employees at Work","2021","Agriculture, Forestry and Fishing","Ireland","Number","25.35"
"Employees at Work","2021","Industry (excl. Construction)","Northern and Western","Number","58.93"
"Employees at Work","2021","Industry (excl. Construction)","Southern","Number","115.37"
"Employees at Work","2021","Industry (excl. Construction)","Eastern and Midland","Number","119.83"
"Employees at Work","2021","Industry (excl. Construction)","Ireland","Number","294.13"
"Employees at Work","2021","Industry - of which Manufacturing","Northern and Western","Number","54.18"
"Employees at Work","2021","Industry - of which Manufacturing","Southern","Number","105.53"
"Employees at Work","2021","Industry - of which Manufacturing","Eastern and Midland","Number","104.82"
"Employees at Work","2021","Industry - of which Manufacturing","Ireland","Number","264.53"
"Employees at Work","2021","Construction","Northern and Western","Number","16.22"
"Employees at Work","2021","Construction","Southern","Number","32.56"
"Employees at Work","2021","Construction","Eastern and Midland","Number","52.04"
"Employees at Work","2021","Construction","Ireland","Number","100.82"
"Employees at Work","2021","Distribution, Transport, Hotels and Restaurants","Northern and Western","Number","75.37"
"Employees at Work","2021","Distribution, Transport, Hotels and Restaurants","Southern","Number","152.83"
"Employees at Work","2021","Distribution, Transport, Hotels and Restaurants","Eastern and Midland","Number","261.92"
"Employees at Work","2021","Distribution, Transport, Hotels and Restaurants","Ireland","Number","490.12"
"Employees at Work","2021","Information and Communication","Northern and Western","Number","11.92"
"Employees at Work","2021","Information and Communication","Southern","Number","27.93"
"Employees at Work","2021","Information and Communication","Eastern and Midland","Number","98.27"
"Employees at Work","2021","Information and Communication","Ireland","Number","138.12"
"Employees at Work","2021","Financial and Insurance Activities","Northern and Western","Number","10.26"
"Employees at Work","2021","Financial and Insurance Activities","Southern","Number","20.24"
"Employees at Work","2021","Financial and Insurance Activities","Eastern and Midland","Number","85.02"
"Employees at Work","2021","Financial and Insurance Activities","Ireland","Number","115.53"
"Employees at Work","2021","Real Estate Activities","Northern and Western","Number","1.1"
"Employees at Work","2021","Real Estate Activities","Southern","Number","1.98"
"Employees at Work","2021","Real Estate Activities","Eastern and Midland","Number","5.15"
"Employees at Work","2021","Real Estate Activities","Ireland","Number","8.22"
"Employees at Work","2021","Professional, Admin and Support Services","Northern and Western","Number","23.17"
"Employees at Work","2021","Professional, Admin and Support Services","Southern","Number","56.32"
"Employees at Work","2021","Professional, Admin and Support Services","Eastern and Midland","Number","127.99"
"Employees at Work","2021","Professional, Admin and Support Services","Ireland","Number","207.48"
"Employees at Work","2021","Public Admin, Education and Health","Northern and Western","Number","104.22"
"Employees at Work","2021","Public Admin, Education and Health","Southern","Number","191.7"
"Employees at Work","2021","Public Admin, Education and Health","Eastern and Midland","Number","332.98"
"Employees at Work","2021","Public Admin, Education and Health","Ireland","Number","628.9"
"Employees at Work","2021","Arts, Entertainment and Other Services","Northern and Western","Number","11.19"
"Employees at Work","2021","Arts, Entertainment and Other Services","Southern","Number","23.89"
"Employees at Work","2021","Arts, Entertainment and Other Services","Eastern and Midland","Number","40.66"
"Employees at Work","2021","Arts, Entertainment and Other Services","Ireland","Number","75.74"
"Employees at Work","2021","All Sectors","Northern and Western","Number","317.76"
"Employees at Work","2021","All Sectors","Southern","Number","634.1"
"Employees at Work","2021","All Sectors","Eastern and Midland","Number","1132.56"
"Employees at Work","2021","All Sectors","Ireland","Number","2084.41"
"Employees at Work","2022","Agriculture, Forestry and Fishing","Northern and Western","Number","5.02"
"Employees at Work","2022","Agriculture, Forestry and Fishing","Southern","Number","12.06"
"Employees at Work","2022","Agriculture, Forestry and Fishing","Eastern and Midland","Number","7.39"
"Employees at Work","2022","Agriculture, Forestry and Fishing","Ireland","Number","24.46"
"Employees at Work","2022","Industry (excl. Construction)","Northern and Western","Number","59.68"
"Employees at Work","2022","Industry (excl. Construction)","Southern","Number","120.01"
"Employees at Work","2022","Industry (excl. Construction)","Eastern and Midland","Number","128.12"
"Employees at Work","2022","Industry (excl. Construction)","Ireland","Number","307.8"
"Employees at Work","2022","Industry - of which Manufacturing","Northern and Western","Number","54.82"
"Employees at Work","2022","Industry - of which Manufacturing","Southern","Number","109.87"
"Employees at Work","2022","Industry - of which Manufacturing","Eastern and Midland","Number","106.91"
"Employees at Work","2022","Industry - of which Manufacturing","Ireland","Number","271.6"
"Employees at Work","2022","Construction","Northern and Western","Number","19.12"
"Employees at Work","2022","Construction","Southern","Number","37.88"
"Employees at Work","2022","Construction","Eastern and Midland","Number","62.14"
"Employees at Work","2022","Construction","Ireland","Number","119.14"
"Employees at Work","2022","Distribution, Transport, Hotels and Restaurants","Northern and Western","Number","83.74"
"Employees at Work","2022","Distribution, Transport, Hotels and Restaurants","Southern","Number","169.57"
"Employees at Work","2022","Distribution, Transport, Hotels and Restaurants","Eastern and Midland","Number","280.07"
"Employees at Work","2022","Distribution, Transport, Hotels and Restaurants","Ireland","Number","533.39"
"Employees at Work","2022","Information and Communication","Northern and Western","Number","11.19"
"Employees at Work","2022","Information and Communication","Southern","Number","32.03"
"Employees at Work","2022","Information and Communication","Eastern and Midland","Number","109.66"
"Employees at Work","2022","Information and Communication","Ireland","Number","152.89"
"Employees at Work","2022","Financial and Insurance Activities","Northern and Western","Number","8.29"
"Employees at Work","2022","Financial and Insurance Activities","Southern","Number","19.49"
"Employees at Work","2022","Financial and Insurance Activities","Eastern and Midland","Number","88.45"
"Employees at Work","2022","Financial and Insurance Activities","Ireland","Number","116.23"
"Employees at Work","2022","Real Estate Activities","Northern and Western","Number","0.9"
"Employees at Work","2022","Real Estate Activities","Southern","Number","1.99"
"Employees at Work","2022","Real Estate Activities","Eastern and Midland","Number","6.24"
"Employees at Work","2022","Real Estate Activities","Ireland","Number","9.13"
"Employees at Work","2022","Professional, Admin and Support Services","Northern and Western","Number","27.22"
"Employees at Work","2022","Professional, Admin and Support Services","Southern","Number","58.87"
"Employees at Work","2022","Professional, Admin and Support Services","Eastern and Midland","Number","138.77"
"Employees at Work","2022","Professional, Admin and Support Services","Ireland","Number","224.87"
"Employees at Work","2022","Public Admin, Education and Health","Northern and Western","Number","112.96"
"Employees at Work","2022","Public Admin, Education and Health","Southern","Number","211.44"
"Employees at Work","2022","Public Admin, Education and Health","Eastern and Midland","Number","338.58"
"Employees at Work","2022","Public Admin, Education and Health","Ireland","Number","662.98"
"Employees at Work","2022","Arts, Entertainment and Other Services","Northern and Western","Number","12.58"
"Employees at Work","2022","Arts, Entertainment and Other Services","Southern","Number","23.17"
"Employees at Work","2022","Arts, Entertainment and Other Services","Eastern and Midland","Number","43.47"
"Employees at Work","2022","Arts, Entertainment and Other Services","Ireland","Number","79.23"
"Employees at Work","2022","All Sectors","Northern and Western","Number","340.71"
"Employees at Work","2022","All Sectors","Southern","Number","686.52"
"Employees at Work","2022","All Sectors","Eastern and Midland","Number","1202.9"
"Employees at Work","2022","All Sectors","Ireland","Number","2230.13"
"Employees at Work","2023","Agriculture, Forestry and Fishing","Northern and Western","Number","5.79"
"Employees at Work","2023","Agriculture, Forestry and Fishing","Southern","Number","13.23"
"Employees at Work","2023","Agriculture, Forestry and Fishing","Eastern and Midland","Number","8.22"
"Employees at Work","2023","Agriculture, Forestry and Fishing","Ireland","Number","27.24"
"Employees at Work","2023","Industry (excl. Construction)","Northern and Western","Number","62.32"
"Employees at Work","2023","Industry (excl. Construction)","Southern","Number","119.39"
"Employees at Work","2023","Industry (excl. Construction)","Eastern and Midland","Number","123.15"
"Employees at Work","2023","Industry (excl. Construction)","Ireland","Number","304.85"
"Employees at Work","2023","Industry - of which Manufacturing","Northern and Western","Number","57.99"
"Employees at Work","2023","Industry - of which Manufacturing","Southern","Number","108.89"
"Employees at Work","2023","Industry - of which Manufacturing","Eastern and Midland","Number","101.78"
"Employees at Work","2023","Industry - of which Manufacturing","Ireland","Number","268.66"
"Employees at Work","2023","Construction","Northern and Western","Number","20.3"
"Employees at Work","2023","Construction","Southern","Number","38.61"
"Employees at Work","2023","Construction","Eastern and Midland","Number","61.43"
"Employees at Work","2023","Construction","Ireland","Number","120.34"
"Employees at Work","2023","Distribution, Transport, Hotels and Restaurants","Northern and Western","Number","85.15"
"Employees at Work","2023","Distribution, Transport, Hotels and Restaurants","Southern","Number","184.84"
"Employees at Work","2023","Distribution, Transport, Hotels and Restaurants","Eastern and Midland","Number","291.5"
"Employees at Work","2023","Distribution, Transport, Hotels and Restaurants","Ireland","Number","561.48"
"Employees at Work","2023","Information and Communication","Northern and Western","Number","15.11"
"Employees at Work","2023","Information and Communication","Southern","Number","30.2"
"Employees at Work","2023","Information and Communication","Eastern and Midland","Number","112.35"
"Employees at Work","2023","Information and Communication","Ireland","Number","157.66"
"Employees at Work","2023","Financial and Insurance Activities","Northern and Western","Number","10.96"
"Employees at Work","2023","Financial and Insurance Activities","Southern","Number","18.7"
"Employees at Work","2023","Financial and Insurance Activities","Eastern and Midland","Number","90.08"
"Employees at Work","2023","Financial and Insurance Activities","Ireland","Number","119.74"
"Employees at Work","2023","Real Estate Activities","Northern and Western","Number","0.8"
"Employees at Work","2023","Real Estate Activities","Southern","Number","1.77"
"Employees at Work","2023","Real Estate Activities","Eastern and Midland","Number","4.82"
"Employees at Work","2023","Real Estate Activities","Ireland","Number","7.39"
"Employees at Work","2023","Professional, Admin and Support Services","Northern and Western","Number","26.7"
"Employees at Work","2023","Professional, Admin and Support Services","Southern","Number","65"
"Employees at Work","2023","Professional, Admin and Support Services","Eastern and Midland","Number","146.69"
"Employees at Work","2023","Professional, Admin and Support Services","Ireland","Number","238.38"
"Employees at Work","2023","Public Admin, Education and Health","Northern and Western","Number","117.32"
"Employees at Work","2023","Public Admin, Education and Health","Southern","Number","215.45"
"Employees at Work","2023","Public Admin, Education and Health","Eastern and Midland","Number","359.75"
"Employees at Work","2023","Public Admin, Education and Health","Ireland","Number","692.52"
"Employees at Work","2023","Arts, Entertainment and Other Services","Northern and Western","Number","11.26"
"Employees at Work","2023","Arts, Entertainment and Other Services","Southern","Number","26.33"
"Employees at Work","2023","Arts, Entertainment and Other Services","Eastern and Midland","Number","47.92"
"Employees at Work","2023","Arts, Entertainment and Other Services","Ireland","Number","85.51"
"Employees at Work","2023","All Sectors","Northern and Western","Number","355.71"
"Employees at Work","2023","All Sectors","Southern","Number","713.52"
"Employees at Work","2023","All Sectors","Eastern and Midland","Number","1245.89"
"Employees at Work","2023","All Sectors","Ireland","Number","2315.12"
"Employees at Work","2024","Agriculture, Forestry and Fishing","Northern and Western","Number","7.18"
"Employees at Work","2024","Agriculture, Forestry and Fishing","Southern","Number","13.19"
"Employees at Work","2024","Agriculture, Forestry and Fishing","Eastern and Midland","Number","8.71"
"Employees at Work","2024","Agriculture, Forestry and Fishing","Ireland","Number","29.08"
"Employees at Work","2024","Industry (excl. Construction)","Northern and Western","Number","63.35"
"Employees at Work","2024","Industry (excl. Construction)","Southern","Number","125.4"
"Employees at Work","2024","Industry (excl. Construction)","Eastern and Midland","Number","128.59"
"Employees at Work","2024","Industry (excl. Construction)","Ireland","Number","317.34"
"Employees at Work","2024","Industry - of which Manufacturing","Northern and Western","Number","56.83"
"Employees at Work","2024","Industry - of which Manufacturing","Southern","Number","113.23"
"Employees at Work","2024","Industry - of which Manufacturing","Eastern and Midland","Number","103.3"
"Employees at Work","2024","Industry - of which Manufacturing","Ireland","Number","273.37"
"Employees at Work","2024","Construction","Northern and Western","Number","20.92"
"Employees at Work","2024","Construction","Southern","Number","38.95"
"Employees at Work","2024","Construction","Eastern and Midland","Number","63.57"
"Employees at Work","2024","Construction","Ireland","Number","123.43"
"Employees at Work","2024","Distribution, Transport, Hotels and Restaurants","Northern and Western","Number","86.05"
"Employees at Work","2024","Distribution, Transport, Hotels and Restaurants","Southern","Number","182.41"
"Employees at Work","2024","Distribution, Transport, Hotels and Restaurants","Eastern and Midland","Number","296.14"
"Employees at Work","2024","Distribution, Transport, Hotels and Restaurants","Ireland","Number","564.6"
"Employees at Work","2024","Information and Communication","Northern and Western","Number","16.15"
"Employees at Work","2024","Information and Communication","Southern","Number","33.43"
"Employees at Work","2024","Information and Communication","Eastern and Midland","Number","115.02"
"Employees at Work","2024","Information and Communication","Ireland","Number","164.59"
"Employees at Work","2024","Financial and Insurance Activities","Northern and Western","Number","10.22"
"Employees at Work","2024","Financial and Insurance Activities","Southern","Number","19.68"
"Employees at Work","2024","Financial and Insurance Activities","Eastern and Midland","Number","88.02"
"Employees at Work","2024","Financial and Insurance Activities","Ireland","Number","117.92"
"Employees at Work","2024","Real Estate Activities","Northern and Western","Number","0.8"
"Employees at Work","2024","Real Estate Activities","Southern","Number","1.98"
"Employees at Work","2024","Real Estate Activities","Eastern and Midland","Number","6.85"
"Employees at Work","2024","Real Estate Activities","Ireland","Number","9.63"
"Employees at Work","2024","Professional, Admin and Support Services","Northern and Western","Number","27.4"
"Employees at Work","2024","Professional, Admin and Support Services","Southern","Number","70.94"
"Employees at Work","2024","Professional, Admin and Support Services","Eastern and Midland","Number","150.16"
"Employees at Work","2024","Professional, Admin and Support Services","Ireland","Number","248.5"
"Employees at Work","2024","Public Admin, Education and Health","Northern and Western","Number","118.67"
"Employees at Work","2024","Public Admin, Education and Health","Southern","Number","232.18"
"Employees at Work","2024","Public Admin, Education and Health","Eastern and Midland","Number","373.38"
"Employees at Work","2024","Public Admin, Education and Health","Ireland","Number","724.23"
"Employees at Work","2024","Arts, Entertainment and Other Services","Northern and Western","Number","12.91"
"Employees at Work","2024","Arts, Entertainment and Other Services","Southern","Number","23.59"
"Employees at Work","2024","Arts, Entertainment and Other Services","Eastern and Midland","Number","49.97"
"Employees at Work","2024","Arts, Entertainment and Other Services","Ireland","Number","86.47"
"Employees at Work","2024","All Sectors","Northern and Western","Number","363.65"
"Employees at Work","2024","All Sectors","Southern","Number","741.75"
"Employees at Work","2024","All Sectors","Eastern and Midland","Number","1280.41"
"Employees at Work","2024","All Sectors","Ireland","Number","2385.81"
"Self-Employed at Work","2000","Agriculture, Forestry and Fishing","Northern and Western","Number","36.63"
"Self-Employed at Work","2000","Agriculture, Forestry and Fishing","Southern","Number","48.91"
"Self-Employed at Work","2000","Agriculture, Forestry and Fishing","Eastern and Midland","Number","17.48"
"Self-Employed at Work","2000","Agriculture, Forestry and Fishing","Ireland","Number","103.02"
"Self-Employed at Work","2000","Industry (excl. Construction)","Northern and Western","Number","3.5"
"Self-Employed at Work","2000","Industry (excl. Construction)","Southern","Number","8.66"
"Self-Employed at Work","2000","Industry (excl. Construction)","Eastern and Midland","Number","10.5"
"Self-Employed at Work","2000","Industry (excl. Construction)","Ireland","Number","22.66"
"Self-Employed at Work","2000","Industry - of which Manufacturing","Northern and Western","Number","3.37"
"Self-Employed at Work","2000","Industry - of which Manufacturing","Southern","Number","8"
"Self-Employed at Work","2000","Industry - of which Manufacturing","Eastern and Midland","Number","9.8"
"Self-Employed at Work","2000","Industry - of which Manufacturing","Ireland","Number","21.16"
"Self-Employed at Work","2000","Construction","Northern and Western","Number","8.49"
"Self-Employed at Work","2000","Construction","Southern","Number","13.51"
"Self-Employed at Work","2000","Construction","Eastern and Midland","Number","16.04"
"Self-Employed at Work","2000","Construction","Ireland","Number","38.03"
"Self-Employed at Work","2000","Distribution, Transport, Hotels and Restaurants","Northern and Western","Number","12.85"
"Self-Employed at Work","2000","Distribution, Transport, Hotels and Restaurants","Southern","Number","30.27"
"Self-Employed at Work","2000","Distribution, Transport, Hotels and Restaurants","Eastern and Midland","Number","32.43"
"Self-Employed at Work","2000","Distribution, Transport, Hotels and Restaurants","Ireland","Number","75.54"
"Self-Employed at Work","2000","Information and Communication","Northern and Western","Number","0.52"
"Self-Employed at Work","2000","Information and Communication","Southern","Number","1.43"
"Self-Employed at Work","2000","Information and Communication","Eastern and Midland","Number","4.34"
"Self-Employed at Work","2000","Information and Communication","Ireland","Number","6.29"
"Self-Employed at Work","2000","Financial and Insurance Activities","Northern and Western","Number","0.27"
"Self-Employed at Work","2000","Financial and Insurance Activities","Southern","Number","0.67"
"Self-Employed at Work","2000","Financial and Insurance Activities","Eastern and Midland","Number","1.81"
"Self-Employed at Work","2000","Financial and Insurance Activities","Ireland","Number","2.76"
"Self-Employed at Work","2000","Real Estate Activities","Northern and Western","Number","0.36"
"Self-Employed at Work","2000","Real Estate Activities","Southern","Number","0.83"
"Self-Employed at Work","2000","Real Estate Activities","Eastern and Midland","Number","1.09"
"Self-Employed at Work","2000","Real Estate Activities","Ireland","Number","2.29"
"Self-Employed at Work","2000","Professional, Admin and Support Services","Northern and Western","Number","3.83"
"Self-Employed at Work","2000","Professional, Admin and Support Services","Southern","Number","9.04"
"Self-Employed at Work","2000","Professional, Admin and Support Services","Eastern and Midland","Number","17.43"
"Self-Employed at Work","2000","Professional, Admin and Support Services","Ireland","Number","30.3"
"Self-Employed at Work","2000","Public Admin, Education and Health","Northern and Western","Number","2.19"
"Self-Employed at Work","2000","Public Admin, Education and Health","Southern","Number","4.58"
"Self-Employed at Work","2000","Public Admin, Education and Health","Eastern and Midland","Number","8.32"
"Self-Employed at Work","2000","Public Admin, Education and Health","Ireland","Number","15.1"
"Self-Employed at Work","2000","Arts, Entertainment and Other Services","Northern and Western","Number","3.34"
"Self-Employed at Work","2000","Arts, Entertainment and Other Services","Southern","Number","7.49"
"Self-Employed at Work","2000","Arts, Entertainment and Other Services","Eastern and Midland","Number","8.57"
"Self-Employed at Work","2000","Arts, Entertainment and Other Services","Ireland","Number","19.4"
"Self-Employed at Work","2000","All Sectors","Northern and Western","Number","71.99"
"Self-Employed at Work","2000","All Sectors","Southern","Number","125.38"
"Self-Employed at Work","2000","All Sectors","Eastern and Midland","Number","118.02"
"Self-Employed at Work","2000","All Sectors","Ireland","Number","315.38"
"Self-Employed at Work","2001","Agriculture, Forestry and Fishing","Northern and Western","Number","36.05"
"Self-Employed at Work","2001","Agriculture, Forestry and Fishing","Southern","Number","48.28"
"Self-Employed at Work","2001","Agriculture, Forestry and Fishing","Eastern and Midland","Number","16.93"
"Self-Employed at Work","2001","Agriculture, Forestry and Fishing","Ireland","Number","101.26"
"Self-Employed at Work","2001","Industry (excl. Construction)","Northern and Western","Number","3.95"
"Self-Employed at Work","2001","Industry (excl. Construction)","Southern","Number","9.29"
"Self-Employed at Work","2001","Industry (excl. Construction)","Eastern and Midland","Number","10.4"
"Self-Employed at Work","2001","Industry (excl. Construction)","Ireland","Number","23.63"
"Self-Employed at Work","2001","Industry - of which Manufacturing","Northern and Western","Number","3.76"
"Self-Employed at Work","2001","Industry - of which Manufacturing","Southern","Number","8.56"
"Self-Employed at Work","2001","Industry - of which Manufacturing","Eastern and Midland","Number","9.76"
"Self-Employed at Work","2001","Industry - of which Manufacturing","Ireland","Number","22.08"
"Self-Employed at Work","2001","Construction","Northern and Western","Number","8.68"
"Self-Employed at Work","2001","Construction","Southern","Number","14.7"
"Self-Employed at Work","2001","Construction","Eastern and Midland","Number","16.8"
"Self-Employed at Work","2001","Construction","Ireland","Number","40.18"
"Self-Employed at Work","2001","Distribution, Transport, Hotels and Restaurants","Northern and Western","Number","14.18"
"Self-Employed at Work","2001","Distribution, Transport, Hotels and Restaurants","Southern","Number","27.8"
"Self-Employed at Work","2001","Distribution, Transport, Hotels and Restaurants","Eastern and Midland","Number","33.29"
"Self-Employed at Work","2001","Distribution, Transport, Hotels and Restaurants","Ireland","Number","75.27"
"Self-Employed at Work","2001","Information and Communication","Northern and Western","Number","0.64"
"Self-Employed at Work","2001","Information and Communication","Southern","Number","1.45"
"Self-Employed at Work","2001","Information and Communication","Eastern and Midland","Number","5.18"
"Self-Employed at Work","2001","Information and Communication","Ireland","Number","7.27"
"Self-Employed at Work","2001","Financial and Insurance Activities","Northern and Western","Number","0.32"
"Self-Employed at Work","2001","Financial and Insurance Activities","Southern","Number","1.01"
"Self-Employed at Work","2001","Financial and Insurance Activities","Eastern and Midland","Number","2.21"
"Self-Employed at Work","2001","Financial and Insurance Activities","Ireland","Number","3.55"
"Self-Employed at Work","2001","Real Estate Activities","Northern and Western","Number","0.54"
"Self-Employed at Work","2001","Real Estate Activities","Southern","Number","0.94"
"Self-Employed at Work","2001","Real Estate Activities","Eastern and Midland","Number","1.21"
"Self-Employed at Work","2001","Real Estate Activities","Ireland","Number","2.69"
"Self-Employed at Work","2001","Professional, Admin and Support Services","Northern and Western","Number","3.99"
"Self-Employed at Work","2001","Professional, Admin and Support Services","Southern","Number","8.35"
"Self-Employed at Work","2001","Professional, Admin and Support Services","Eastern and Midland","Number","17.64"
"Self-Employed at Work","2001","Professional, Admin and Support Services","Ireland","Number","29.98"
"Self-Employed at Work","2001","Public Admin, Education and Health","Northern and Western","Number","1.82"
"Self-Employed at Work","2001","Public Admin, Education and Health","Southern","Number","4.83"
"Self-Employed at Work","2001","Public Admin, Education and Health","Eastern and Midland","Number","7.01"
"Self-Employed at Work","2001","Public Admin, Education and Health","Ireland","Number","13.67"
"Self-Employed at Work","2001","Arts, Entertainment and Other Services","Northern and Western","Number","3.38"
"Self-Employed at Work","2001","Arts, Entertainment and Other Services","Southern","Number","6.86"
"Self-Employed at Work","2001","Arts, Entertainment and Other Services","Eastern and Midland","Number","8.9"
"Self-Employed at Work","2001","Arts, Entertainment and Other Services","Ireland","Number","19.14"
"Self-Employed at Work","2001","All Sectors","Northern and Western","Number","73.54"
"Self-Employed at Work","2001","All Sectors","Southern","Number","123.51"
"Self-Employed at Work","2001","All Sectors","Eastern and Midland","Number","119.59"
"Self-Employed at Work","2001","All Sectors","Ireland","Number","316.64"
"Self-Employed at Work","2002","Agriculture, Forestry and Fishing","Northern and Western","Number","33.79"
"Self-Employed at Work","2002","Agriculture, Forestry and Fishing","Southern","Number","47.46"
"Self-Employed at Work","2002","Agriculture, Forestry and Fishing","Eastern and Midland","Number","16.26"
"Self-Employed at Work","2002","Agriculture, Forestry and Fishing","Ireland","Number","97.51"
"Self-Employed at Work","2002","Industry (excl. Construction)","Northern and Western","Number","3.89"
"Self-Employed at Work","2002","Industry (excl. Construction)","Southern","Number","9.39"
"Self-Employed at Work","2002","Industry (excl. Construction)","Eastern and Midland","Number","10.87"
"Self-Employed at Work","2002","Industry (excl. Construction)","Ireland","Number","24.15"
"Self-Employed at Work","2002","Industry - of which Manufacturing","Northern and Western","Number","3.65"
"Self-Employed at Work","2002","Industry - of which Manufacturing","Southern","Number","8.89"
"Self-Employed at Work","2002","Industry - of which Manufacturing","Eastern and Midland","Number","10.38"
"Self-Employed at Work","2002","Industry - of which Manufacturing","Ireland","Number","22.92"
"Self-Employed at Work","2002","Construction","Northern and Western","Number","10"
"Self-Employed at Work","2002","Construction","Southern","Number","14.64"
"Self-Employed at Work","2002","Construction","Eastern and Midland","Number","17.53"
"Self-Employed at Work","2002","Construction","Ireland","Number","42.16"
"Self-Employed at Work","2002","Distribution, Transport, Hotels and Restaurants","Northern and Western","Number","14.4"
"Self-Employed at Work","2002","Distribution, Transport, Hotels and Restaurants","Southern","Number","25.91"
"Self-Employed at Work","2002","Distribution, Transport, Hotels and Restaurants","Eastern and Midland","Number","35.25"
"Self-Employed at Work","2002","Distribution, Transport, Hotels and Restaurants","Ireland","Number","75.55"
"Self-Employed at Work","2002","Information and Communication","Northern and Western","Number","0.69"
"Self-Employed at Work","2002","Information and Communication","Southern","Number","1.53"
"Self-Employed at Work","2002","Information and Communication","Eastern and Midland","Number","6.07"
"Self-Employed at Work","2002","Information and Communication","Ireland","Number","8.29"
"Self-Employed at Work","2002","Financial and Insurance Activities","Northern and Western","Number","0.29"
"Self-Employed at Work","2002","Financial and Insurance Activities","Southern","Number","0.95"
"Self-Employed at Work","2002","Financial and Insurance Activities","Eastern and Midland","Number","2.26"
"Self-Employed at Work","2002","Financial and Insurance Activities","Ireland","Number","3.5"
"Self-Employed at Work","2002","Real Estate Activities","Northern and Western","Number","0.54"
"Self-Employed at Work","2002","Real Estate Activities","Southern","Number","0.56"
"Self-Employed at Work","2002","Real Estate Activities","Eastern and Midland","Number","1.25"
"Self-Employed at Work","2002","Real Estate Activities","Ireland","Number","2.35"
"Self-Employed at Work","2002","Professional, Admin and Support Services","Northern and Western","Number","4.17"
"Self-Employed at Work","2002","Professional, Admin and Support Services","Southern","Number","9.06"
"Self-Employed at Work","2002","Professional, Admin and Support Services","Eastern and Midland","Number","17.05"
"Self-Employed at Work","2002","Professional, Admin and Support Services","Ireland","Number","30.27"
"Self-Employed at Work","2002","Public Admin, Education and Health","Northern and Western","Number","2.06"
"Self-Employed at Work","2002","Public Admin, Education and Health","Southern","Number","4.58"
"Self-Employed at Work","2002","Public Admin, Education and Health","Eastern and Midland","Number","7.22"
"Self-Employed at Work","2002","Public Admin, Education and Health","Ireland","Number","13.86"
"Self-Employed at Work","2002","Arts, Entertainment and Other Services","Northern and Western","Number","3.22"
"Self-Employed at Work","2002","Arts, Entertainment and Other Services","Southern","Number","6.46"
"Self-Employed at Work","2002","Arts, Entertainment and Other Services","Eastern and Midland","Number","9.11"
"Self-Employed at Work","2002","Arts, Entertainment and Other Services","Ireland","Number","18.79"
"Self-Employed at Work","2002","All Sectors","Northern and Western","Number","73.04"
"Self-Employed at Work","2002","All Sectors","Southern","Number","120.52"
"Self-Employed at Work","2002","All Sectors","Eastern and Midland","Number","122.89"
"Self-Employed at Work","2002","All Sectors","Ireland","Number","316.45"
"Self-Employed at Work","2003","Agriculture, Forestry and Fishing","Northern and Western","Number","32.08"
"Self-Employed at Work","2003","Agriculture, Forestry and Fishing","Southern","Number","44.83"
"Self-Employed at Work","2003","Agriculture, Forestry and Fishing","Eastern and Midland","Number","16.72"
"Self-Employed at Work","2003","Agriculture, Forestry and Fishing","Ireland","Number","93.63"
"Self-Employed at Work","2003","Industry (excl. Construction)","Northern and Western","Number","4.21"
"Self-Employed at Work","2003","Industry (excl. Construction)","Southern","Number","9.27"
"Self-Employed at Work","2003","Industry (excl. Construction)","Eastern and Midland","Number","11.22"
"Self-Employed at Work","2003","Industry (excl. Construction)","Ireland","Number","24.69"
"Self-Employed at Work","2003","Industry - of which Manufacturing","Northern and Western","Number","3.71"
"Self-Employed at Work","2003","Industry - of which Manufacturing","Southern","Number","8.74"
"Self-Employed at Work","2003","Industry - of which Manufacturing","Eastern and Midland","Number","10.63"
"Self-Employed at Work","2003","Industry - of which Manufacturing","Ireland","Number","23.08"
"Self-Employed at Work","2003","Construction","Northern and Western","Number","10.67"
"Self-Employed at Work","2003","Construction","Southern","Number","14.35"
"Self-Employed at Work","2003","Construction","Eastern and Midland","Number","18.39"
"Self-Employed at Work","2003","Construction","Ireland","Number","43.41"
"Self-Employed at Work","2003","Distribution, Transport, Hotels and Restaurants","Northern and Western","Number","15.19"
"Self-Employed at Work","2003","Distribution, Transport, Hotels and Restaurants","Southern","Number","26.24"
"Self-Employed at Work","2003","Distribution, Transport, Hotels and Restaurants","Eastern and Midland","Number","33.35"
"Self-Employed at Work","2003","Distribution, Transport, Hotels and Restaurants","Ireland","Number","74.78"
"Self-Employed at Work","2003","Information and Communication","Northern and Western","Number","0.83"
"Self-Employed at Work","2003","Information and Communication","Southern","Number","1.52"
"Self-Employed at Work","2003","Information and Communication","Eastern and Midland","Number","5.91"
"Self-Employed at Work","2003","Information and Communication","Ireland","Number","8.26"
"Self-Employed at Work","2003","Financial and Insurance Activities","Northern and Western","Number","0.61"
"Self-Employed at Work","2003","Financial and Insurance Activities","Southern","Number","0.54"
"Self-Employed at Work","2003","Financial and Insurance Activities","Eastern and Midland","Number","2"
"Self-Employed at Work","2003","Financial and Insurance Activities","Ireland","Number","3.16"
"Self-Employed at Work","2003","Real Estate Activities","Northern and Western","Number","0.2"
"Self-Employed at Work","2003","Real Estate Activities","Southern","Number","0.74"
"Self-Employed at Work","2003","Real Estate Activities","Eastern and Midland","Number","1.33"
"Self-Employed at Work","2003","Real Estate Activities","Ireland","Number","2.27"
"Self-Employed at Work","2003","Professional, Admin and Support Services","Northern and Western","Number","4.12"
"Self-Employed at Work","2003","Professional, Admin and Support Services","Southern","Number","9.76"
"Self-Employed at Work","2003","Professional, Admin and Support Services","Eastern and Midland","Number","18.95"
"Self-Employed at Work","2003","Professional, Admin and Support Services","Ireland","Number","32.83"
"Self-Employed at Work","2003","Public Admin, Education and Health","Northern and Western","Number","2.28"
"Self-Employed at Work","2003","Public Admin, Education and Health","Southern","Number","4.79"
"Self-Employed at Work","2003","Public Admin, Education and Health","Eastern and Midland","Number","7.63"
"Self-Employed at Work","2003","Public Admin, Education and Health","Ireland","Number","14.71"
"Self-Employed at Work","2003","Arts, Entertainment and Other Services","Northern and Western","Number","3.33"
"Self-Employed at Work","2003","Arts, Entertainment and Other Services","Southern","Number","6.82"
"Self-Employed at Work","2003","Arts, Entertainment and Other Services","Eastern and Midland","Number","10.06"
"Self-Employed at Work","2003","Arts, Entertainment and Other Services","Ireland","Number","20.2"
"Self-Employed at Work","2003","All Sectors","Northern and Western","Number","73.51"
"Self-Employed at Work","2003","All Sectors","Southern","Number","118.85"
"Self-Employed at Work","2003","All Sectors","Eastern and Midland","Number","125.57"
"Self-Employed at Work","2003","All Sectors","Ireland","Number","317.94"
"Self-Employed at Work","2004","Agriculture, Forestry and Fishing","Northern and Western","Number","31.76"
"Self-Employed at Work","2004","Agriculture, Forestry and Fishing","Southern","Number","46.04"
"Self-Employed at Work","2004","Agriculture, Forestry and Fishing","Eastern and Midland","Number","14.84"
"Self-Employed at Work","2004","Agriculture, Forestry and Fishing","Ireland","Number","92.65"
"Self-Employed at Work","2004","Industry (excl. Construction)","Northern and Western","Number","4.99"
"Self-Employed at Work","2004","Industry (excl. Construction)","Southern","Number","8.94"
"Self-Employed at Work","2004","Industry (excl. Construction)","Eastern and Midland","Number","9.64"
"Self-Employed at Work","2004","Industry (excl. Construction)","Ireland","Number","23.57"
"Self-Employed at Work","2004","Industry - of which Manufacturing","Northern and Western","Number","4.23"
"Self-Employed at Work","2004","Industry - of which Manufacturing","Southern","Number","8.26"
"Self-Employed at Work","2004","Industry - of which Manufacturing","Eastern and Midland","Number","9.07"
"Self-Employed at Work","2004","Industry - of which Manufacturing","Ireland","Number","21.56"
"Self-Employed at Work","2004","Construction","Northern and Western","Number","11.23"
"Self-Employed at Work","2004","Construction","Southern","Number","16.97"
"Self-Employed at Work","2004","Construction","Eastern and Midland","Number","17.88"
"Self-Employed at Work","2004","Construction","Ireland","Number","46.08"
"Self-Employed at Work","2004","Distribution, Transport, Hotels and Restaurants","Northern and Western","Number","15.36"
"Self-Employed at Work","2004","Distribution, Transport, Hotels and Restaurants","Southern","Number","27.28"
"Self-Employed at Work","2004","Distribution, Transport, Hotels and Restaurants","Eastern and Midland","Number","35.54"
"Self-Employed at Work","2004","Distribution, Transport, Hotels and Restaurants","Ireland","Number","78.18"
"Self-Employed at Work","2004","Information and Communication","Northern and Western","Number","0.85"
"Self-Employed at Work","2004","Information and Communication","Southern","Number","1.95"
"Self-Employed at Work","2004","Information and Communication","Eastern and Midland","Number","6.04"
"Self-Employed at Work","2004","Information and Communication","Ireland","Number","8.85"
"Self-Employed at Work","2004","Financial and Insurance Activities","Northern and Western","Number","0.47"
"Self-Employed at Work","2004","Financial and Insurance Activities","Southern","Number","1.27"
"Self-Employed at Work","2004","Financial and Insurance Activities","Eastern and Midland","Number","2.34"
"Self-Employed at Work","2004","Financial and Insurance Activities","Ireland","Number","4.07"
"Self-Employed at Work","2004","Real Estate Activities","Northern and Western","Number","0.3"
"Self-Employed at Work","2004","Real Estate Activities","Southern","Number","0.85"
"Self-Employed at Work","2004","Real Estate Activities","Eastern and Midland","Number","0.88"
"Self-Employed at Work","2004","Real Estate Activities","Ireland","Number","2.03"
"Self-Employed at Work","2004","Professional, Admin and Support Services","Northern and Western","Number","4.66"
"Self-Employed at Work","2004","Professional, Admin and Support Services","Southern","Number","11.63"
"Self-Employed at Work","2004","Professional, Admin and Support Services","Eastern and Midland","Number","20.14"
"Self-Employed at Work","2004","Professional, Admin and Support Services","Ireland","Number","36.43"
"Self-Employed at Work","2004","Public Admin, Education and Health","Northern and Western","Number","3.44"
"Self-Employed at Work","2004","Public Admin, Education and Health","Southern","Number","6.42"
"Self-Employed at Work","2004","Public Admin, Education and Health","Eastern and Midland","Number","7.69"
"Self-Employed at Work","2004","Public Admin, Education and Health","Ireland","Number","17.55"
"Self-Employed at Work","2004","Arts, Entertainment and Other Services","Northern and Western","Number","3.93"
"Self-Employed at Work","2004","Arts, Entertainment and Other Services","Southern","Number","8.26"
"Self-Employed at Work","2004","Arts, Entertainment and Other Services","Eastern and Midland","Number","9.16"
"Self-Employed at Work","2004","Arts, Entertainment and Other Services","Ireland","Number","21.36"
"Self-Employed at Work","2004","All Sectors","Northern and Western","Number","76.99"
"Self-Employed at Work","2004","All Sectors","Southern","Number","129.61"
"Self-Employed at Work","2004","All Sectors","Eastern and Midland","Number","124.16"
"Self-Employed at Work","2004","All Sectors","Ireland","Number","330.76"
"Self-Employed at Work","2005","Agriculture, Forestry and Fishing","Northern and Western","Number","31.88"
"Self-Employed at Work","2005","Agriculture, Forestry and Fishing","Southern","Number","44.13"
"Self-Employed at Work","2005","Agriculture, Forestry and Fishing","Eastern and Midland","Number","15.06"
"Self-Employed at Work","2005","Agriculture, Forestry and Fishing","Ireland","Number","91.07"
"Self-Employed at Work","2005","Industry (excl. Construction)","Northern and Western","Number","4.87"
"Self-Employed at Work","2005","Industry (excl. Construction)","Southern","Number","8.42"
"Self-Employed at Work","2005","Industry (excl. Construction)","Eastern and Midland","Number","9.77"
"Self-Employed at Work","2005","Industry (excl. Construction)","Ireland","Number","23.06"
"Self-Employed at Work","2005","Industry - of which Manufacturing","Northern and Western","Number","4.37"
"Self-Employed at Work","2005","Industry - of which Manufacturing","Southern","Number","7.77"
"Self-Employed at Work","2005","Industry - of which Manufacturing","Eastern and Midland","Number","8.99"
"Self-Employed at Work","2005","Industry - of which Manufacturing","Ireland","Number","21.14"
"Self-Employed at Work","2005","Construction","Northern and Western","Number","12.43"
"Self-Employed at Work","2005","Construction","Southern","Number","17.8"
"Self-Employed at Work","2005","Construction","Eastern and Midland","Number","19"
"Self-Employed at Work","2005","Construction","Ireland","Number","49.23"
"Self-Employed at Work","2005","Distribution, Transport, Hotels and Restaurants","Northern and Western","Number","15.64"
"Self-Employed at Work","2005","Distribution, Transport, Hotels and Restaurants","Southern","Number","28.07"
"Self-Employed at Work","2005","Distribution, Transport, Hotels and Restaurants","Eastern and Midland","Number","35.36"
"Self-Employed at Work","2005","Distribution, Transport, Hotels and Restaurants","Ireland","Number","79.07"
"Self-Employed at Work","2005","Information and Communication","Northern and Western","Number","0.89"
"Self-Employed at Work","2005","Information and Communication","Southern","Number","2"
"Self-Employed at Work","2005","Information and Communication","Eastern and Midland","Number","6.11"
"Self-Employed at Work","2005","Information and Communication","Ireland","Number","9"
"Self-Employed at Work","2005","Financial and Insurance Activities","Northern and Western","Number","0.39"
"Self-Employed at Work","2005","Financial and Insurance Activities","Southern","Number","1.36"
"Self-Employed at Work","2005","Financial and Insurance Activities","Eastern and Midland","Number","2.53"
"Self-Employed at Work","2005","Financial and Insurance Activities","Ireland","Number","4.28"
"Self-Employed at Work","2005","Real Estate Activities","Northern and Western","Number","0.38"
"Self-Employed at Work","2005","Real Estate Activities","Southern","Number","0.77"
"Self-Employed at Work","2005","Real Estate Activities","Eastern and Midland","Number","1.48"
"Self-Employed at Work","2005","Real Estate Activities","Ireland","Number","2.63"
"Self-Employed at Work","2005","Professional, Admin and Support Services","Northern and Western","Number","5.31"
"Self-Employed at Work","2005","Professional, Admin and Support Services","Southern","Number","12.61"
"Self-Employed at Work","2005","Professional, Admin and Support Services","Eastern and Midland","Number","20.97"
"Self-Employed at Work","2005","Professional, Admin and Support Services","Ireland","Number","38.89"
"Self-Employed at Work","2005","Public Admin, Education and Health","Northern and Western","Number","2.72"
"Self-Employed at Work","2005","Public Admin, Education and Health","Southern","Number","5.99"
"Self-Employed at Work","2005","Public Admin, Education and Health","Eastern and Midland","Number","8.58"
"Self-Employed at Work","2005","Public Admin, Education and Health","Ireland","Number","17.29"
"Self-Employed at Work","2005","Arts, Entertainment and Other Services","Northern and Western","Number","3.56"
"Self-Employed at Work","2005","Arts, Entertainment and Other Services","Southern","Number","6.69"
"Self-Employed at Work","2005","Arts, Entertainment and Other Services","Eastern and Midland","Number","9.8"
"Self-Employed at Work","2005","Arts, Entertainment and Other Services","Ireland","Number","20.04"
"Self-Employed at Work","2005","All Sectors","Northern and Western","Number","78.09"
"Self-Employed at Work","2005","All Sectors","Southern","Number","127.84"
"Self-Employed at Work","2005","All Sectors","Eastern and Midland","Number","128.64"
"Self-Employed at Work","2005","All Sectors","Ireland","Number","334.57"
"Self-Employed at Work","2006","Agriculture, Forestry and Fishing","Northern and Western","Number","28.88"
"Self-Employed at Work","2006","Agriculture, Forestry and Fishing","Southern","Number","43.84"
"Self-Employed at Work","2006","Agriculture, Forestry and Fishing","Eastern and Midland","Number","15.19"
"Self-Employed at Work","2006","Agriculture, Forestry and Fishing","Ireland","Number","87.91"
"Self-Employed at Work","2006","Industry (excl. Construction)","Northern and Western","Number","4.36"
"Self-Employed at Work","2006","Industry (excl. Construction)","Southern","Number","9.56"
"Self-Employed at Work","2006","Industry (excl. Construction)","Eastern and Midland","Number","10.41"
"Self-Employed at Work","2006","Industry (excl. Construction)","Ireland","Number","24.34"
"Self-Employed at Work","2006","Industry - of which Manufacturing","Northern and Western","Number","3.79"
"Self-Employed at Work","2006","Industry - of which Manufacturing","Southern","Number","8.83"
"Self-Employed at Work","2006","Industry - of which Manufacturing","Eastern and Midland","Number","9.58"
"Self-Employed at Work","2006","Industry - of which Manufacturing","Ireland","Number","22.19"
"Self-Employed at Work","2006","Construction","Northern and Western","Number","13.41"
"Self-Employed at Work","2006","Construction","Southern","Number","20.07"
"Self-Employed at Work","2006","Construction","Eastern and Midland","Number","21.6"
"Self-Employed at Work","2006","Construction","Ireland","Number","55.08"
"Self-Employed at Work","2006","Distribution, Transport, Hotels and Restaurants","Northern and Western","Number","13.04"
"Self-Employed at Work","2006","Distribution, Transport, Hotels and Restaurants","Southern","Number","27.37"
"Self-Employed at Work","2006","Distribution, Transport, Hotels and Restaurants","Eastern and Midland","Number","33.9"
"Self-Employed at Work","2006","Distribution, Transport, Hotels and Restaurants","Ireland","Number","74.31"
"Self-Employed at Work","2006","Information and Communication","Northern and Western","Number","0.8"
"Self-Employed at Work","2006","Information and Communication","Southern","Number","1.63"
"Self-Employed at Work","2006","Information and Communication","Eastern and Midland","Number","6.33"
"Self-Employed at Work","2006","Information and Communication","Ireland","Number","8.76"
"Self-Employed at Work","2006","Financial and Insurance Activities","Northern and Western","Number","0.37"
"Self-Employed at Work","2006","Financial and Insurance Activities","Southern","Number","1.23"
"Self-Employed at Work","2006","Financial and Insurance Activities","Eastern and Midland","Number","2.71"
"Self-Employed at Work","2006","Financial and Insurance Activities","Ireland","Number","4.31"
"Self-Employed at Work","2006","Real Estate Activities","Northern and Western","Number","0.59"
"Self-Employed at Work","2006","Real Estate Activities","Southern","Number","0.8"
"Self-Employed at Work","2006","Real Estate Activities","Eastern and Midland","Number","1.38"
"Self-Employed at Work","2006","Real Estate Activities","Ireland","Number","2.77"
"Self-Employed at Work","2006","Professional, Admin and Support Services","Northern and Western","Number","5.2"
"Self-Employed at Work","2006","Professional, Admin and Support Services","Southern","Number","12.21"
"Self-Employed at Work","2006","Professional, Admin and Support Services","Eastern and Midland","Number","20.88"
"Self-Employed at Work","2006","Professional, Admin and Support Services","Ireland","Number","38.29"
"Self-Employed at Work","2006","Public Admin, Education and Health","Northern and Western","Number","2.72"
"Self-Employed at Work","2006","Public Admin, Education and Health","Southern","Number","5.9"
"Self-Employed at Work","2006","Public Admin, Education and Health","Eastern and Midland","Number","8.75"
"Self-Employed at Work","2006","Public Admin, Education and Health","Ireland","Number","17.37"
"Self-Employed at Work","2006","Arts, Entertainment and Other Services","Northern and Western","Number","3.17"
"Self-Employed at Work","2006","Arts, Entertainment and Other Services","Southern","Number","6.81"
"Self-Employed at Work","2006","Arts, Entertainment and Other Services","Eastern and Midland","Number","10.18"
"Self-Employed at Work","2006","Arts, Entertainment and Other Services","Ireland","Number","20.15"
"Self-Employed at Work","2006","All Sectors","Northern and Western","Number","72.53"
"Self-Employed at Work","2006","All Sectors","Southern","Number","129.42"
"Self-Employed at Work","2006","All Sectors","Eastern and Midland","Number","131.32"
"Self-Employed at Work","2006","All Sectors","Ireland","Number","333.27"
"Self-Employed at Work","2007","Agriculture, Forestry and Fishing","Northern and Western","Number","27.37"
"Self-Employed at Work","2007","Agriculture, Forestry and Fishing","Southern","Number","43.93"
"Self-Employed at Work","2007","Agriculture, Forestry and Fishing","Eastern and Midland","Number","17.29"
"Self-Employed at Work","2007","Agriculture, Forestry and Fishing","Ireland","Number","88.59"
"Self-Employed at Work","2007","Industry (excl. Construction)","Northern and Western","Number","4.82"
"Self-Employed at Work","2007","Industry (excl. Construction)","Southern","Number","10.16"
"Self-Employed at Work","2007","Industry (excl. Construction)","Eastern and Midland","Number","11.36"
"Self-Employed at Work","2007","Industry (excl. Construction)","Ireland","Number","26.34"
"Self-Employed at Work","2007","Industry - of which Manufacturing","Northern and Western","Number","4.5"
"Self-Employed at Work","2007","Industry - of which Manufacturing","Southern","Number","9.13"
"Self-Employed at Work","2007","Industry - of which Manufacturing","Eastern and Midland","Number","9.86"
"Self-Employed at Work","2007","Industry - of which Manufacturing","Ireland","Number","23.49"
"Self-Employed at Work","2007","Construction","Northern and Western","Number","14.22"
"Self-Employed at Work","2007","Construction","Southern","Number","22.2"
"Self-Employed at Work","2007","Construction","Eastern and Midland","Number","23.17"
"Self-Employed at Work","2007","Construction","Ireland","Number","59.59"
"Self-Employed at Work","2007","Distribution, Transport, Hotels and Restaurants","Northern and Western","Number","14.47"
"Self-Employed at Work","2007","Distribution, Transport, Hotels and Restaurants","Southern","Number","30.22"
"Self-Employed at Work","2007","Distribution, Transport, Hotels and Restaurants","Eastern and Midland","Number","37.14"
"Self-Employed at Work","2007","Distribution, Transport, Hotels and Restaurants","Ireland","Number","81.83"
"Self-Employed at Work","2007","Information and Communication","Northern and Western","Number","0.92"
"Self-Employed at Work","2007","Information and Communication","Southern","Number","1.95"
"Self-Employed at Work","2007","Information and Communication","Eastern and Midland","Number","7.49"
"Self-Employed at Work","2007","Information and Communication","Ireland","Number","10.36"
"Self-Employed at Work","2007","Financial and Insurance Activities","Northern and Western","Number","0.33"
"Self-Employed at Work","2007","Financial and Insurance Activities","Southern","Number","1.3"
"Self-Employed at Work","2007","Financial and Insurance Activities","Eastern and Midland","Number","3.14"
"Self-Employed at Work","2007","Financial and Insurance Activities","Ireland","Number","4.77"
"Self-Employed at Work","2007","Real Estate Activities","Northern and Western","Number","0.51"
"Self-Employed at Work","2007","Real Estate Activities","Southern","Number","1.09"
"Self-Employed at Work","2007","Real Estate Activities","Eastern and Midland","Number","1.85"
"Self-Employed at Work","2007","Real Estate Activities","Ireland","Number","3.45"
"Self-Employed at Work","2007","Professional, Admin and Support Services","Northern and Western","Number","6.01"
"Self-Employed at Work","2007","Professional, Admin and Support Services","Southern","Number","13.19"
"Self-Employed at Work","2007","Professional, Admin and Support Services","Eastern and Midland","Number","24.87"
"Self-Employed at Work","2007","Professional, Admin and Support Services","Ireland","Number","44.07"
"Self-Employed at Work","2007","Public Admin, Education and Health","Northern and Western","Number","3.25"
"Self-Employed at Work","2007","Public Admin, Education and Health","Southern","Number","6.73"
"Self-Employed at Work","2007","Public Admin, Education and Health","Eastern and Midland","Number","9.19"
"Self-Employed at Work","2007","Public Admin, Education and Health","Ireland","Number","19.16"
"Self-Employed at Work","2007","Arts, Entertainment and Other Services","Northern and Western","Number","4.05"
"Self-Employed at Work","2007","Arts, Entertainment and Other Services","Southern","Number","7.86"
"Self-Employed at Work","2007","Arts, Entertainment and Other Services","Eastern and Midland","Number","11.05"
"Self-Employed at Work","2007","Arts, Entertainment and Other Services","Ireland","Number","22.96"
"Self-Employed at Work","2007","All Sectors","Northern and Western","Number","75.96"
"Self-Employed at Work","2007","All Sectors","Southern","Number","138.63"
"Self-Employed at Work","2007","All Sectors","Eastern and Midland","Number","146.53"
"Self-Employed at Work","2007","All Sectors","Ireland","Number","361.12"
"Self-Employed at Work","2008","Agriculture, Forestry and Fishing","Northern and Western","Number","29.07"
"Self-Employed at Work","2008","Agriculture, Forestry and Fishing","Southern","Number","43.84"
"Self-Employed at Work","2008","Agriculture, Forestry and Fishing","Eastern and Midland","Number","18.79"
"Self-Employed at Work","2008","Agriculture, Forestry and Fishing","Ireland","Number","91.7"
"Self-Employed at Work","2008","Industry (excl. Construction)","Northern and Western","Number","4.57"
"Self-Employed at Work","2008","Industry (excl. Construction)","Southern","Number","10.92"
"Self-Employed at Work","2008","Industry (excl. Construction)","Eastern and Midland","Number","11.6"
"Self-Employed at Work","2008","Industry (excl. Construction)","Ireland","Number","27.09"
"Self-Employed at Work","2008","Industry - of which Manufacturing","Northern and Western","Number","4.07"
"Self-Employed at Work","2008","Industry - of which Manufacturing","Southern","Number","10.17"
"Self-Employed at Work","2008","Industry - of which Manufacturing","Eastern and Midland","Number","10.12"
"Self-Employed at Work","2008","Industry - of which Manufacturing","Ireland","Number","24.36"
"Self-Employed at Work","2008","Construction","Northern and Western","Number","15.07"
"Self-Employed at Work","2008","Construction","Southern","Number","22.26"
"Self-Employed at Work","2008","Construction","Eastern and Midland","Number","24.66"
"Self-Employed at Work","2008","Construction","Ireland","Number","61.99"
"Self-Employed at Work","2008","Distribution, Transport, Hotels and Restaurants","Northern and Western","Number","14.04"
"Self-Employed at Work","2008","Distribution, Transport, Hotels and Restaurants","Southern","Number","29.51"
"Self-Employed at Work","2008","Distribution, Transport, Hotels and Restaurants","Eastern and Midland","Number","36.78"
"Self-Employed at Work","2008","Distribution, Transport, Hotels and Restaurants","Ireland","Number","80.33"
"Self-Employed at Work","2008","Information and Communication","Northern and Western","Number","0.98"
"Self-Employed at Work","2008","Information and Communication","Southern","Number","2.47"
"Self-Employed at Work","2008","Information and Communication","Eastern and Midland","Number","6.89"
"Self-Employed at Work","2008","Information and Communication","Ireland","Number","10.33"
"Self-Employed at Work","2008","Financial and Insurance Activities","Northern and Western","Number","0.34"
"Self-Employed at Work","2008","Financial and Insurance Activities","Southern","Number","1.35"
"Self-Employed at Work","2008","Financial and Insurance Activities","Eastern and Midland","Number","2.65"
"Self-Employed at Work","2008","Financial and Insurance Activities","Ireland","Number","4.34"
"Self-Employed at Work","2008","Real Estate Activities","Northern and Western","Number","0.48"
"Self-Employed at Work","2008","Real Estate Activities","Southern","Number","1.06"
"Self-Employed at Work","2008","Real Estate Activities","Eastern and Midland","Number","1.87"
"Self-Employed at Work","2008","Real Estate Activities","Ireland","Number","3.41"
"Self-Employed at Work","2008","Professional, Admin and Support Services","Northern and Western","Number","6.32"
"Self-Employed at Work","2008","Professional, Admin and Support Services","Southern","Number","15.3"
"Self-Employed at Work","2008","Professional, Admin and Support Services","Eastern and Midland","Number","24.66"
"Self-Employed at Work","2008","Professional, Admin and Support Services","Ireland","Number","46.28"
"Self-Employed at Work","2008","Public Admin, Education and Health","Northern and Western","Number","3.11"
"Self-Employed at Work","2008","Public Admin, Education and Health","Southern","Number","6.83"
"Self-Employed at Work","2008","Public Admin, Education and Health","Eastern and Midland","Number","9.34"
"Self-Employed at Work","2008","Public Admin, Education and Health","Ireland","Number","19.28"
"Self-Employed at Work","2008","Arts, Entertainment and Other Services","Northern and Western","Number","4.62"
"Self-Employed at Work","2008","Arts, Entertainment and Other Services","Southern","Number","7.49"
"Self-Employed at Work","2008","Arts, Entertainment and Other Services","Eastern and Midland","Number","11.67"
"Self-Employed at Work","2008","Arts, Entertainment and Other Services","Ireland","Number","23.79"
"Self-Employed at Work","2008","All Sectors","Northern and Western","Number","78.59"
"Self-Employed at Work","2008","All Sectors","Southern","Number","141.04"
"Self-Employed at Work","2008","All Sectors","Eastern and Midland","Number","148.91"
"Self-Employed at Work","2008","All Sectors","Ireland","Number","368.55"
"Self-Employed at Work","2009","Agriculture, Forestry and Fishing","Northern and Western","Number","28.89"
"Self-Employed at Work","2009","Agriculture, Forestry and Fishing","Southern","Number","45.4"
"Self-Employed at Work","2009","Agriculture, Forestry and Fishing","Eastern and Midland","Number","16.27"
"Self-Employed at Work","2009","Agriculture, Forestry and Fishing","Ireland","Number","90.56"
"Self-Employed at Work","2009","Industry (excl. Construction)","Northern and Western","Number","4.82"
"Self-Employed at Work","2009","Industry (excl. Construction)","Southern","Number","10"
"Self-Employed at Work","2009","Industry (excl. Construction)","Eastern and Midland","Number","11.16"
"Self-Employed at Work","2009","Industry (excl. Construction)","Ireland","Number","25.97"
"Self-Employed at Work","2009","Industry - of which Manufacturing","Northern and Western","Number","4.34"
"Self-Employed at Work","2009","Industry - of which Manufacturing","Southern","Number","9.22"
"Self-Employed at Work","2009","Industry - of which Manufacturing","Eastern and Midland","Number","10.03"
"Self-Employed at Work","2009","Industry - of which Manufacturing","Ireland","Number","23.59"
"Self-Employed at Work","2009","Construction","Northern and Western","Number","11.22"
"Self-Employed at Work","2009","Construction","Southern","Number","16.98"
"Self-Employed at Work","2009","Construction","Eastern and Midland","Number","19.12"
"Self-Employed at Work","2009","Construction","Ireland","Number","47.32"
"Self-Employed at Work","2009","Distribution, Transport, Hotels and Restaurants","Northern and Western","Number","13.87"
"Self-Employed at Work","2009","Distribution, Transport, Hotels and Restaurants","Southern","Number","28.7"
"Self-Employed at Work","2009","Distribution, Transport, Hotels and Restaurants","Eastern and Midland","Number","36.42"
"Self-Employed at Work","2009","Distribution, Transport, Hotels and Restaurants","Ireland","Number","78.99"
"Self-Employed at Work","2009","Information and Communication","Northern and Western","Number","1"
"Self-Employed at Work","2009","Information and Communication","Southern","Number","2.85"
"Self-Employed at Work","2009","Information and Communication","Eastern and Midland","Number","6.49"
"Self-Employed at Work","2009","Information and Communication","Ireland","Number","10.33"
"Self-Employed at Work","2009","Financial and Insurance Activities","Northern and Western","Number","0.48"
"Self-Employed at Work","2009","Financial and Insurance Activities","Southern","Number","1.16"
"Self-Employed at Work","2009","Financial and Insurance Activities","Eastern and Midland","Number","2.75"
"Self-Employed at Work","2009","Financial and Insurance Activities","Ireland","Number","4.39"
"Self-Employed at Work","2009","Real Estate Activities","Northern and Western","Number","0.53"
"Self-Employed at Work","2009","Real Estate Activities","Southern","Number","0.98"
"Self-Employed at Work","2009","Real Estate Activities","Eastern and Midland","Number","1.93"
"Self-Employed at Work","2009","Real Estate Activities","Ireland","Number","3.44"
"Self-Employed at Work","2009","Professional, Admin and Support Services","Northern and Western","Number","6.13"
"Self-Employed at Work","2009","Professional, Admin and Support Services","Southern","Number","14.24"
"Self-Employed at Work","2009","Professional, Admin and Support Services","Eastern and Midland","Number","24.93"
"Self-Employed at Work","2009","Professional, Admin and Support Services","Ireland","Number","45.31"
"Self-Employed at Work","2009","Public Admin, Education and Health","Northern and Western","Number","3.93"
"Self-Employed at Work","2009","Public Admin, Education and Health","Southern","Number","7.52"
"Self-Employed at Work","2009","Public Admin, Education and Health","Eastern and Midland","Number","11.33"
"Self-Employed at Work","2009","Public Admin, Education and Health","Ireland","Number","22.78"
"Self-Employed at Work","2009","Arts, Entertainment and Other Services","Northern and Western","Number","4.34"
"Self-Employed at Work","2009","Arts, Entertainment and Other Services","Southern","Number","7.79"
"Self-Employed at Work","2009","Arts, Entertainment and Other Services","Eastern and Midland","Number","11.39"
"Self-Employed at Work","2009","Arts, Entertainment and Other Services","Ireland","Number","23.52"
"Self-Employed at Work","2009","All Sectors","Northern and Western","Number","75.21"
"Self-Employed at Work","2009","All Sectors","Southern","Number","135.6"
"Self-Employed at Work","2009","All Sectors","Eastern and Midland","Number","141.8"
"Self-Employed at Work","2009","All Sectors","Ireland","Number","352.61"
"Self-Employed at Work","2010","Agriculture, Forestry and Fishing","Northern and Western","Number","25.45"
"Self-Employed at Work","2010","Agriculture, Forestry and Fishing","Southern","Number","45.23"
"Self-Employed at Work","2010","Agriculture, Forestry and Fishing","Eastern and Midland","Number","15.35"
"Self-Employed at Work","2010","Agriculture, Forestry and Fishing","Ireland","Number","86.03"
"Self-Employed at Work","2010","Industry (excl. Construction)","Northern and Western","Number","4.74"
"Self-Employed at Work","2010","Industry (excl. Construction)","Southern","Number","7.65"
"Self-Employed at Work","2010","Industry (excl. Construction)","Eastern and Midland","Number","8.45"
"Self-Employed at Work","2010","Industry (excl. Construction)","Ireland","Number","20.84"
"Self-Employed at Work","2010","Industry - of which Manufacturing","Northern and Western","Number","4.16"
"Self-Employed at Work","2010","Industry - of which Manufacturing","Southern","Number","7.15"
"Self-Employed at Work","2010","Industry - of which Manufacturing","Eastern and Midland","Number","7.73"
"Self-Employed at Work","2010","Industry - of which Manufacturing","Ireland","Number","19.04"
"Self-Employed at Work","2010","Construction","Northern and Western","Number","8.76"
"Self-Employed at Work","2010","Construction","Southern","Number","14.1"
"Self-Employed at Work","2010","Construction","Eastern and Midland","Number","15.45"
"Self-Employed at Work","2010","Construction","Ireland","Number","38.31"
"Self-Employed at Work","2010","Distribution, Transport, Hotels and Restaurants","Northern and Western","Number","13.55"
"Self-Employed at Work","2010","Distribution, Transport, Hotels and Restaurants","Southern","Number","28.14"
"Self-Employed at Work","2010","Distribution, Transport, Hotels and Restaurants","Eastern and Midland","Number","35.8"
"Self-Employed at Work","2010","Distribution, Transport, Hotels and Restaurants","Ireland","Number","77.5"
"Self-Employed at Work","2010","Information and Communication","Northern and Western","Number","1.4"
"Self-Employed at Work","2010","Information and Communication","Southern","Number","2.5"
"Self-Employed at Work","2010","Information and Communication","Eastern and Midland","Number","7.83"
"Self-Employed at Work","2010","Information and Communication","Ireland","Number","11.73"
"Self-Employed at Work","2010","Financial and Insurance Activities","Northern and Western","Number","0.45"
"Self-Employed at Work","2010","Financial and Insurance Activities","Southern","Number","1.33"
"Self-Employed at Work","2010","Financial and Insurance Activities","Eastern and Midland","Number","2.7"
"Self-Employed at Work","2010","Financial and Insurance Activities","Ireland","Number","4.48"
"Self-Employed at Work","2010","Real Estate Activities","Northern and Western","Number","0.26"
"Self-Employed at Work","2010","Real Estate Activities","Southern","Number","0.86"
"Self-Employed at Work","2010","Real Estate Activities","Eastern and Midland","Number","1.92"
"Self-Employed at Work","2010","Real Estate Activities","Ireland","Number","3.04"
"Self-Employed at Work","2010","Professional, Admin and Support Services","Northern and Western","Number","6.38"
"Self-Employed at Work","2010","Professional, Admin and Support Services","Southern","Number","12.22"
"Self-Employed at Work","2010","Professional, Admin and Support Services","Eastern and Midland","Number","23.69"
"Self-Employed at Work","2010","Professional, Admin and Support Services","Ireland","Number","42.3"
"Self-Employed at Work","2010","Public Admin, Education and Health","Northern and Western","Number","4.14"
"Self-Employed at Work","2010","Public Admin, Education and Health","Southern","Number","7.36"
"Self-Employed at Work","2010","Public Admin, Education and Health","Eastern and Midland","Number","11.78"
"Self-Employed at Work","2010","Public Admin, Education and Health","Ireland","Number","23.28"
"Self-Employed at Work","2010","Arts, Entertainment and Other Services","Northern and Western","Number","4.82"
"Self-Employed at Work","2010","Arts, Entertainment and Other Services","Southern","Number","7.56"
"Self-Employed at Work","2010","Arts, Entertainment and Other Services","Eastern and Midland","Number","11.38"
"Self-Employed at Work","2010","Arts, Entertainment and Other Services","Ireland","Number","23.76"
"Self-Employed at Work","2010","All Sectors","Northern and Western","Number","69.96"
"Self-Employed at Work","2010","All Sectors","Southern","Number","126.95"
"Self-Employed at Work","2010","All Sectors","Eastern and Midland","Number","134.36"
"Self-Employed at Work","2010","All Sectors","Ireland","Number","331.27"
"Self-Employed at Work","2011","Agriculture, Forestry and Fishing","Northern and Western","Number","27.47"
"Self-Employed at Work","2011","Agriculture, Forestry and Fishing","Southern","Number","41.12"
"Self-Employed at Work","2011","Agriculture, Forestry and Fishing","Eastern and Midland","Number","12.88"
"Self-Employed at Work","2011","Agriculture, Forestry and Fishing","Ireland","Number","81.47"
"Self-Employed at Work","2011","Industry (excl. Construction)","Northern and Western","Number","3.04"
"Self-Employed at Work","2011","Industry (excl. Construction)","Southern","Number","7.72"
"Self-Employed at Work","2011","Industry (excl. Construction)","Eastern and Midland","Number","7.65"
"Self-Employed at Work","2011","Industry (excl. Construction)","Ireland","Number","18.41"
"Self-Employed at Work","2011","Industry - of which Manufacturing","Northern and Western","Number","2.66"
"Self-Employed at Work","2011","Industry - of which Manufacturing","Southern","Number","6.97"
"Self-Employed at Work","2011","Industry - of which Manufacturing","Eastern and Midland","Number","6.86"
"Self-Employed at Work","2011","Industry - of which Manufacturing","Ireland","Number","16.5"
"Self-Employed at Work","2011","Construction","Northern and Western","Number","6.53"
"Self-Employed at Work","2011","Construction","Southern","Number","11.7"
"Self-Employed at Work","2011","Construction","Eastern and Midland","Number","13.37"
"Self-Employed at Work","2011","Construction","Ireland","Number","31.6"
"Self-Employed at Work","2011","Distribution, Transport, Hotels and Restaurants","Northern and Western","Number","12.97"
"Self-Employed at Work","2011","Distribution, Transport, Hotels and Restaurants","Southern","Number","26.22"
"Self-Employed at Work","2011","Distribution, Transport, Hotels and Restaurants","Eastern and Midland","Number","36.07"
"Self-Employed at Work","2011","Distribution, Transport, Hotels and Restaurants","Ireland","Number","75.25"
"Self-Employed at Work","2011","Information and Communication","Northern and Western","Number","1.41"
"Self-Employed at Work","2011","Information and Communication","Southern","Number","3.79"
"Self-Employed at Work","2011","Information and Communication","Eastern and Midland","Number","8.91"
"Self-Employed at Work","2011","Information and Communication","Ireland","Number","14.1"
"Self-Employed at Work","2011","Financial and Insurance Activities","Northern and Western","Number","0.45"
"Self-Employed at Work","2011","Financial and Insurance Activities","Southern","Number","1.36"
"Self-Employed at Work","2011","Financial and Insurance Activities","Eastern and Midland","Number","3.01"
"Self-Employed at Work","2011","Financial and Insurance Activities","Ireland","Number","4.81"
"Self-Employed at Work","2011","Real Estate Activities","Northern and Western","Number","0.41"
"Self-Employed at Work","2011","Real Estate Activities","Southern","Number","0.94"
"Self-Employed at Work","2011","Real Estate Activities","Eastern and Midland","Number","2.49"
"Self-Employed at Work","2011","Real Estate Activities","Ireland","Number","3.84"
"Self-Employed at Work","2011","Professional, Admin and Support Services","Northern and Western","Number","5.39"
"Self-Employed at Work","2011","Professional, Admin and Support Services","Southern","Number","12.78"
"Self-Employed at Work","2011","Professional, Admin and Support Services","Eastern and Midland","Number","25.22"
"Self-Employed at Work","2011","Professional, Admin and Support Services","Ireland","Number","43.39"
"Self-Employed at Work","2011","Public Admin, Education and Health","Northern and Western","Number","3.4"
"Self-Employed at Work","2011","Public Admin, Education and Health","Southern","Number","7.54"
"Self-Employed at Work","2011","Public Admin, Education and Health","Eastern and Midland","Number","11.04"
"Self-Employed at Work","2011","Public Admin, Education and Health","Ireland","Number","21.98"
"Self-Employed at Work","2011","Arts, Entertainment and Other Services","Northern and Western","Number","3.74"
"Self-Employed at Work","2011","Arts, Entertainment and Other Services","Southern","Number","7.96"
"Self-Employed at Work","2011","Arts, Entertainment and Other Services","Eastern and Midland","Number","10.84"
"Self-Employed at Work","2011","Arts, Entertainment and Other Services","Ireland","Number","22.55"
"Self-Employed at Work","2011","All Sectors","Northern and Western","Number","64.81"
"Self-Employed at Work","2011","All Sectors","Southern","Number","121.12"
"Self-Employed at Work","2011","All Sectors","Eastern and Midland","Number","131.48"
"Self-Employed at Work","2011","All Sectors","Ireland","Number","317.41"
"Self-Employed at Work","2012","Agriculture, Forestry and Fishing","Northern and Western","Number","27.41"
"Self-Employed at Work","2012","Agriculture, Forestry and Fishing","Southern","Number","41.18"
"Self-Employed at Work","2012","Agriculture, Forestry and Fishing","Eastern and Midland","Number","15.12"
"Self-Employed at Work","2012","Agriculture, Forestry and Fishing","Ireland","Number","83.71"
"Self-Employed at Work","2012","Industry (excl. Construction)","Northern and Western","Number","2.99"
"Self-Employed at Work","2012","Industry (excl. Construction)","Southern","Number","8.98"
"Self-Employed at Work","2012","Industry (excl. Construction)","Eastern and Midland","Number","7.32"
"Self-Employed at Work","2012","Industry (excl. Construction)","Ireland","Number","19.29"
"Self-Employed at Work","2012","Industry - of which Manufacturing","Northern and Western","Number","2.36"
"Self-Employed at Work","2012","Industry - of which Manufacturing","Southern","Number","7.42"
"Self-Employed at Work","2012","Industry - of which Manufacturing","Eastern and Midland","Number","6.9"
"Self-Employed at Work","2012","Industry - of which Manufacturing","Ireland","Number","16.69"
"Self-Employed at Work","2012","Construction","Northern and Western","Number","6.59"
"Self-Employed at Work","2012","Construction","Southern","Number","11.64"
"Self-Employed at Work","2012","Construction","Eastern and Midland","Number","12.73"
"Self-Employed at Work","2012","Construction","Ireland","Number","30.97"
"Self-Employed at Work","2012","Distribution, Transport, Hotels and Restaurants","Northern and Western","Number","11.13"
"Self-Employed at Work","2012","Distribution, Transport, Hotels and Restaurants","Southern","Number","27.96"
"Self-Employed at Work","2012","Distribution, Transport, Hotels and Restaurants","Eastern and Midland","Number","31.63"
"Self-Employed at Work","2012","Distribution, Transport, Hotels and Restaurants","Ireland","Number","70.71"
"Self-Employed at Work","2012","Information and Communication","Northern and Western","Number","1.38"
"Self-Employed at Work","2012","Information and Communication","Southern","Number","3.28"
"Self-Employed at Work","2012","Information and Communication","Eastern and Midland","Number","8.48"
"Self-Employed at Work","2012","Information and Communication","Ireland","Number","13.15"
"Self-Employed at Work","2012","Financial and Insurance Activities","Northern and Western","Number","0.26"
"Self-Employed at Work","2012","Financial and Insurance Activities","Southern","Number","1.38"
"Self-Employed at Work","2012","Financial and Insurance Activities","Eastern and Midland","Number","2.69"
"Self-Employed at Work","2012","Financial and Insurance Activities","Ireland","Number","4.33"
"Self-Employed at Work","2012","Real Estate Activities","Northern and Western","Number","0.71"
"Self-Employed at Work","2012","Real Estate Activities","Southern","Number","1.07"
"Self-Employed at Work","2012","Real Estate Activities","Eastern and Midland","Number","1.92"
"Self-Employed at Work","2012","Real Estate Activities","Ireland","Number","3.69"
"Self-Employed at Work","2012","Professional, Admin and Support Services","Northern and Western","Number","5.64"
"Self-Employed at Work","2012","Professional, Admin and Support Services","Southern","Number","12.1"
"Self-Employed at Work","2012","Professional, Admin and Support Services","Eastern and Midland","Number","25.89"
"Self-Employed at Work","2012","Professional, Admin and Support Services","Ireland","Number","43.63"
"Self-Employed at Work","2012","Public Admin, Education and Health","Northern and Western","Number","3.72"
"Self-Employed at Work","2012","Public Admin, Education and Health","Southern","Number","8.26"
"Self-Employed at Work","2012","Public Admin, Education and Health","Eastern and Midland","Number","11.97"
"Self-Employed at Work","2012","Public Admin, Education and Health","Ireland","Number","23.96"
"Self-Employed at Work","2012","Arts, Entertainment and Other Services","Northern and Western","Number","4.17"
"Self-Employed at Work","2012","Arts, Entertainment and Other Services","Southern","Number","7.03"
"Self-Employed at Work","2012","Arts, Entertainment and Other Services","Eastern and Midland","Number","11.82"
"Self-Employed at Work","2012","Arts, Entertainment and Other Services","Ireland","Number","23.02"
"Self-Employed at Work","2012","All Sectors","Northern and Western","Number","64"
"Self-Employed at Work","2012","All Sectors","Southern","Number","122.88"
"Self-Employed at Work","2012","All Sectors","Eastern and Midland","Number","129.56"
"Self-Employed at Work","2012","All Sectors","Ireland","Number","316.45"
"Self-Employed at Work","2013","Agriculture, Forestry and Fishing","Northern and Western","Number","27.41"
"Self-Employed at Work","2013","Agriculture, Forestry and Fishing","Southern","Number","41.74"
"Self-Employed at Work","2013","Agriculture, Forestry and Fishing","Eastern and Midland","Number","15.13"
"Self-Employed at Work","2013","Agriculture, Forestry and Fishing","Ireland","Number","84.28"
"Self-Employed at Work","2013","Industry (excl. Construction)","Northern and Western","Number","3.29"
"Self-Employed at Work","2013","Industry (excl. Construction)","Southern","Number","10.76"
"Self-Employed at Work","2013","Industry (excl. Construction)","Eastern and Midland","Number","6.76"
"Self-Employed at Work","2013","Industry (excl. Construction)","Ireland","Number","20.8"
"Self-Employed at Work","2013","Industry - of which Manufacturing","Northern and Western","Number","2.88"
"Self-Employed at Work","2013","Industry - of which Manufacturing","Southern","Number","9.48"
"Self-Employed at Work","2013","Industry - of which Manufacturing","Eastern and Midland","Number","6.15"
"Self-Employed at Work","2013","Industry - of which Manufacturing","Ireland","Number","18.5"
"Self-Employed at Work","2013","Construction","Northern and Western","Number","7.32"
"Self-Employed at Work","2013","Construction","Southern","Number","12.37"
"Self-Employed at Work","2013","Construction","Eastern and Midland","Number","13.64"
"Self-Employed at Work","2013","Construction","Ireland","Number","33.34"
"Self-Employed at Work","2013","Distribution, Transport, Hotels and Restaurants","Northern and Western","Number","12.57"
"Self-Employed at Work","2013","Distribution, Transport, Hotels and Restaurants","Southern","Number","25.03"
"Self-Employed at Work","2013","Distribution, Transport, Hotels and Restaurants","Eastern and Midland","Number","34.14"
"Self-Employed at Work","2013","Distribution, Transport, Hotels and Restaurants","Ireland","Number","71.74"
"Self-Employed at Work","2013","Information and Communication","Northern and Western","Number","1.52"
"Self-Employed at Work","2013","Information and Communication","Southern","Number","2.53"
"Self-Employed at Work","2013","Information and Communication","Eastern and Midland","Number","10.23"
"Self-Employed at Work","2013","Information and Communication","Ireland","Number","14.28"
"Self-Employed at Work","2013","Financial and Insurance Activities","Northern and Western","Number","0.51"
"Self-Employed at Work","2013","Financial and Insurance Activities","Southern","Number","1.26"
"Self-Employed at Work","2013","Financial and Insurance Activities","Eastern and Midland","Number","3.15"
"Self-Employed at Work","2013","Financial and Insurance Activities","Ireland","Number","4.93"
"Self-Employed at Work","2013","Real Estate Activities","Northern and Western","Number","0.36"
"Self-Employed at Work","2013","Real Estate Activities","Southern","Number","0.94"
"Self-Employed at Work","2013","Real Estate Activities","Eastern and Midland","Number","1.57"
"Self-Employed at Work","2013","Real Estate Activities","Ireland","Number","2.87"
"Self-Employed at Work","2013","Professional, Admin and Support Services","Northern and Western","Number","6.04"
"Self-Employed at Work","2013","Professional, Admin and Support Services","Southern","Number","14.35"
"Self-Employed at Work","2013","Professional, Admin and Support Services","Eastern and Midland","Number","26.94"
"Self-Employed at Work","2013","Professional, Admin and Support Services","Ireland","Number","47.33"
"Self-Employed at Work","2013","Public Admin, Education and Health","Northern and Western","Number","3.64"
"Self-Employed at Work","2013","Public Admin, Education and Health","Southern","Number","8.6"
"Self-Employed at Work","2013","Public Admin, Education and Health","Eastern and Midland","Number","11.6"
"Self-Employed at Work","2013","Public Admin, Education and Health","Ireland","Number","23.84"
"Self-Employed at Work","2013","Arts, Entertainment and Other Services","Northern and Western","Number","4.85"
"Self-Employed at Work","2013","Arts, Entertainment and Other Services","Southern","Number","9.02"
"Self-Employed at Work","2013","Arts, Entertainment and Other Services","Eastern and Midland","Number","12.32"
"Self-Employed at Work","2013","Arts, Entertainment and Other Services","Ireland","Number","26.19"
"Self-Employed at Work","2013","All Sectors","Northern and Western","Number","67.51"
"Self-Employed at Work","2013","All Sectors","Southern","Number","126.62"
"Self-Employed at Work","2013","All Sectors","Eastern and Midland","Number","135.47"
"Self-Employed at Work","2013","All Sectors","Ireland","Number","329.6"
"Self-Employed at Work","2014","Agriculture, Forestry and Fishing","Northern and Western","Number","26.48"
"Self-Employed at Work","2014","Agriculture, Forestry and Fishing","Southern","Number","40.05"
"Self-Employed at Work","2014","Agriculture, Forestry and Fishing","Eastern and Midland","Number","14.4"
"Self-Employed at Work","2014","Agriculture, Forestry and Fishing","Ireland","Number","80.93"
"Self-Employed at Work","2014","Industry (excl. Construction)","Northern and Western","Number","4.35"
"Self-Employed at Work","2014","Industry (excl. Construction)","Southern","Number","9.04"
"Self-Employed at Work","2014","Industry (excl. Construction)","Eastern and Midland","Number","7.53"
"Self-Employed at Work","2014","Industry (excl. Construction)","Ireland","Number","20.92"
"Self-Employed at Work","2014","Industry - of which Manufacturing","Northern and Western","Number","3.89"
"Self-Employed at Work","2014","Industry - of which Manufacturing","Southern","Number","8.68"
"Self-Employed at Work","2014","Industry - of which Manufacturing","Eastern and Midland","Number","7.01"
"Self-Employed at Work","2014","Industry - of which Manufacturing","Ireland","Number","19.58"
"Self-Employed at Work","2014","Construction","Northern and Western","Number","6.47"
"Self-Employed at Work","2014","Construction","Southern","Number","14.39"
"Self-Employed at Work","2014","Construction","Eastern and Midland","Number","14.18"
"Self-Employed at Work","2014","Construction","Ireland","Number","35.04"
"Self-Employed at Work","2014","Distribution, Transport, Hotels and Restaurants","Northern and Western","Number","13.28"
"Self-Employed at Work","2014","Distribution, Transport, Hotels and Restaurants","Southern","Number","26.04"
"Self-Employed at Work","2014","Distribution, Transport, Hotels and Restaurants","Eastern and Midland","Number","35.21"
"Self-Employed at Work","2014","Distribution, Transport, Hotels and Restaurants","Ireland","Number","74.53"
"Self-Employed at Work","2014","Information and Communication","Northern and Western","Number","1.17"
"Self-Employed at Work","2014","Information and Communication","Southern","Number","2.65"
"Self-Employed at Work","2014","Information and Communication","Eastern and Midland","Number","9.06"
"Self-Employed at Work","2014","Information and Communication","Ireland","Number","12.88"
"Self-Employed at Work","2014","Financial and Insurance Activities","Northern and Western","Number","0.52"
"Self-Employed at Work","2014","Financial and Insurance Activities","Southern","Number","1.42"
"Self-Employed at Work","2014","Financial and Insurance Activities","Eastern and Midland","Number","3.29"
"Self-Employed at Work","2014","Financial and Insurance Activities","Ireland","Number","5.23"
"Self-Employed at Work","2014","Real Estate Activities","Northern and Western","Number","0.25"
"Self-Employed at Work","2014","Real Estate Activities","Southern","Number","0.96"
"Self-Employed at Work","2014","Real Estate Activities","Eastern and Midland","Number","1.77"
"Self-Employed at Work","2014","Real Estate Activities","Ireland","Number","2.98"
"Self-Employed at Work","2014","Professional, Admin and Support Services","Northern and Western","Number","4.91"
"Self-Employed at Work","2014","Professional, Admin and Support Services","Southern","Number","14.25"
"Self-Employed at Work","2014","Professional, Admin and Support Services","Eastern and Midland","Number","29.18"
"Self-Employed at Work","2014","Professional, Admin and Support Services","Ireland","Number","48.34"
"Self-Employed at Work","2014","Public Admin, Education and Health","Northern and Western","Number","4.48"
"Self-Employed at Work","2014","Public Admin, Education and Health","Southern","Number","8.08"
"Self-Employed at Work","2014","Public Admin, Education and Health","Eastern and Midland","Number","12.16"
"Self-Employed at Work","2014","Public Admin, Education and Health","Ireland","Number","24.72"
"Self-Employed at Work","2014","Arts, Entertainment and Other Services","Northern and Western","Number","5.29"
"Self-Employed at Work","2014","Arts, Entertainment and Other Services","Southern","Number","9.94"
"Self-Employed at Work","2014","Arts, Entertainment and Other Services","Eastern and Midland","Number","13.31"
"Self-Employed at Work","2014","Arts, Entertainment and Other Services","Ireland","Number","28.55"
"Self-Employed at Work","2014","All Sectors","Northern and Western","Number","67.2"
"Self-Employed at Work","2014","All Sectors","Southern","Number","126.83"
"Self-Employed at Work","2014","All Sectors","Eastern and Midland","Number","140.08"
"Self-Employed at Work","2014","All Sectors","Ireland","Number","334.11"
"Self-Employed at Work","2015","Agriculture, Forestry and Fishing","Northern and Western","Number","28.58"
"Self-Employed at Work","2015","Agriculture, Forestry and Fishing","Southern","Number","39.18"
"Self-Employed at Work","2015","Agriculture, Forestry and Fishing","Eastern and Midland","Number","15.31"
"Self-Employed at Work","2015","Agriculture, Forestry and Fishing","Ireland","Number","83.07"
"Self-Employed at Work","2015","Industry (excl. Construction)","Northern and Western","Number","4.14"
"Self-Employed at Work","2015","Industry (excl. Construction)","Southern","Number","8.4"
"Self-Employed at Work","2015","Industry (excl. Construction)","Eastern and Midland","Number","8.83"
"Self-Employed at Work","2015","Industry (excl. Construction)","Ireland","Number","21.36"
"Self-Employed at Work","2015","Industry - of which Manufacturing","Northern and Western","Number","3.75"
"Self-Employed at Work","2015","Industry - of which Manufacturing","Southern","Number","7.54"
"Self-Employed at Work","2015","Industry - of which Manufacturing","Eastern and Midland","Number","7.96"
"Self-Employed at Work","2015","Industry - of which Manufacturing","Ireland","Number","19.25"
"Self-Employed at Work","2015","Construction","Northern and Western","Number","7.76"
"Self-Employed at Work","2015","Construction","Southern","Number","16.8"
"Self-Employed at Work","2015","Construction","Eastern and Midland","Number","15.3"
"Self-Employed at Work","2015","Construction","Ireland","Number","39.86"
"Self-Employed at Work","2015","Distribution, Transport, Hotels and Restaurants","Northern and Western","Number","13.51"
"Self-Employed at Work","2015","Distribution, Transport, Hotels and Restaurants","Southern","Number","26.71"
"Self-Employed at Work","2015","Distribution, Transport, Hotels and Restaurants","Eastern and Midland","Number","34.1"
"Self-Employed at Work","2015","Distribution, Transport, Hotels and Restaurants","Ireland","Number","74.33"
"Self-Employed at Work","2015","Information and Communication","Northern and Western","Number","1.58"
"Self-Employed at Work","2015","Information and Communication","Southern","Number","3.04"
"Self-Employed at Work","2015","Information and Communication","Eastern and Midland","Number","7.93"
"Self-Employed at Work","2015","Information and Communication","Ireland","Number","12.55"
"Self-Employed at Work","2015","Financial and Insurance Activities","Northern and Western","Number","1.06"
"Self-Employed at Work","2015","Financial and Insurance Activities","Southern","Number","1.35"
"Self-Employed at Work","2015","Financial and Insurance Activities","Eastern and Midland","Number","3.51"
"Self-Employed at Work","2015","Financial and Insurance Activities","Ireland","Number","5.91"
"Self-Employed at Work","2015","Real Estate Activities","Northern and Western","Number","0.22"
"Self-Employed at Work","2015","Real Estate Activities","Southern","Number","1.18"
"Self-Employed at Work","2015","Real Estate Activities","Eastern and Midland","Number","2.19"
"Self-Employed at Work","2015","Real Estate Activities","Ireland","Number","3.6"
"Self-Employed at Work","2015","Professional, Admin and Support Services","Northern and Western","Number","5.82"
"Self-Employed at Work","2015","Professional, Admin and Support Services","Southern","Number","13.76"
"Self-Employed at Work","2015","Professional, Admin and Support Services","Eastern and Midland","Number","25.38"
"Self-Employed at Work","2015","Professional, Admin and Support Services","Ireland","Number","44.96"
"Self-Employed at Work","2015","Public Admin, Education and Health","Northern and Western","Number","4.43"
"Self-Employed at Work","2015","Public Admin, Education and Health","Southern","Number","8.6"
"Self-Employed at Work","2015","Public Admin, Education and Health","Eastern and Midland","Number","11.51"
"Self-Employed at Work","2015","Public Admin, Education and Health","Ireland","Number","24.54"
"Self-Employed at Work","2015","Arts, Entertainment and Other Services","Northern and Western","Number","6.09"
"Self-Employed at Work","2015","Arts, Entertainment and Other Services","Southern","Number","9.05"
"Self-Employed at Work","2015","Arts, Entertainment and Other Services","Eastern and Midland","Number","13.31"
"Self-Employed at Work","2015","Arts, Entertainment and Other Services","Ireland","Number","28.45"
"Self-Employed at Work","2015","All Sectors","Northern and Western","Number","73.19"
"Self-Employed at Work","2015","All Sectors","Southern","Number","128.07"
"Self-Employed at Work","2015","All Sectors","Eastern and Midland","Number","137.36"
"Self-Employed at Work","2015","All Sectors","Ireland","Number","338.63"
"Self-Employed at Work","2016","Agriculture, Forestry and Fishing","Northern and Western","Number","29.29"
"Self-Employed at Work","2016","Agriculture, Forestry and Fishing","Southern","Number","40.11"
"Self-Employed at Work","2016","Agriculture, Forestry and Fishing","Eastern and Midland","Number","15.59"
"Self-Employed at Work","2016","Agriculture, Forestry and Fishing","Ireland","Number","85"
"Self-Employed at Work","2016","Industry (excl. Construction)","Northern and Western","Number","3.64"
"Self-Employed at Work","2016","Industry (excl. Construction)","Southern","Number","8.95"
"Self-Employed at Work","2016","Industry (excl. Construction)","Eastern and Midland","Number","10.52"
"Self-Employed at Work","2016","Industry (excl. Construction)","Ireland","Number","23.1"
"Self-Employed at Work","2016","Industry - of which Manufacturing","Northern and Western","Number","3.57"
"Self-Employed at Work","2016","Industry - of which Manufacturing","Southern","Number","8.34"
"Self-Employed at Work","2016","Industry - of which Manufacturing","Eastern and Midland","Number","9.71"
"Self-Employed at Work","2016","Industry - of which Manufacturing","Ireland","Number","21.63"
"Self-Employed at Work","2016","Construction","Northern and Western","Number","8.75"
"Self-Employed at Work","2016","Construction","Southern","Number","16.42"
"Self-Employed at Work","2016","Construction","Eastern and Midland","Number","14.83"
"Self-Employed at Work","2016","Construction","Ireland","Number","40"
"Self-Employed at Work","2016","Distribution, Transport, Hotels and Restaurants","Northern and Western","Number","14.69"
"Self-Employed at Work","2016","Distribution, Transport, Hotels and Restaurants","Southern","Number","25.32"
"Self-Employed at Work","2016","Distribution, Transport, Hotels and Restaurants","Eastern and Midland","Number","32.23"
"Self-Employed at Work","2016","Distribution, Transport, Hotels and Restaurants","Ireland","Number","72.25"
"Self-Employed at Work","2016","Information and Communication","Northern and Western","Number","1.32"
"Self-Employed at Work","2016","Information and Communication","Southern","Number","2.51"
"Self-Employed at Work","2016","Information and Communication","Eastern and Midland","Number","10.02"
"Self-Employed at Work","2016","Information and Communication","Ireland","Number","13.85"
"Self-Employed at Work","2016","Financial and Insurance Activities","Northern and Western","Number","1.03"
"Self-Employed at Work","2016","Financial and Insurance Activities","Southern","Number","0.68"
"Self-Employed at Work","2016","Financial and Insurance Activities","Eastern and Midland","Number","2.51"
"Self-Employed at Work","2016","Financial and Insurance Activities","Ireland","Number","4.21"
"Self-Employed at Work","2016","Real Estate Activities","Northern and Western","Number","0.42"
"Self-Employed at Work","2016","Real Estate Activities","Southern","Number","1.01"
"Self-Employed at Work","2016","Real Estate Activities","Eastern and Midland","Number","2.29"
"Self-Employed at Work","2016","Real Estate Activities","Ireland","Number","3.72"
"Self-Employed at Work","2016","Professional, Admin and Support Services","Northern and Western","Number","6.85"
"Self-Employed at Work","2016","Professional, Admin and Support Services","Southern","Number","14.39"
"Self-Employed at Work","2016","Professional, Admin and Support Services","Eastern and Midland","Number","26.04"
"Self-Employed at Work","2016","Professional, Admin and Support Services","Ireland","Number","47.29"
"Self-Employed at Work","2016","Public Admin, Education and Health","Northern and Western","Number","3.75"
"Self-Employed at Work","2016","Public Admin, Education and Health","Southern","Number","9.49"
"Self-Employed at Work","2016","Public Admin, Education and Health","Eastern and Midland","Number","11.52"
"Self-Employed at Work","2016","Public Admin, Education and Health","Ireland","Number","24.76"
"Self-Employed at Work","2016","Arts, Entertainment and Other Services","Northern and Western","Number","5.34"
"Self-Employed at Work","2016","Arts, Entertainment and Other Services","Southern","Number","11.33"
"Self-Employed at Work","2016","Arts, Entertainment and Other Services","Eastern and Midland","Number","14.7"
"Self-Employed at Work","2016","Arts, Entertainment and Other Services","Ireland","Number","31.37"
"Self-Employed at Work","2016","All Sectors","Northern and Western","Number","75.08"
"Self-Employed at Work","2016","All Sectors","Southern","Number","130.22"
"Self-Employed at Work","2016","All Sectors","Eastern and Midland","Number","140.26"
"Self-Employed at Work","2016","All Sectors","Ireland","Number","345.56"
"Self-Employed at Work","2017","Agriculture, Forestry and Fishing","Northern and Western","Number","27.77"
"Self-Employed at Work","2017","Agriculture, Forestry and Fishing","Southern","Number","39.84"
"Self-Employed at Work","2017","Agriculture, Forestry and Fishing","Eastern and Midland","Number","15.97"
"Self-Employed at Work","2017","Agriculture, Forestry and Fishing","Ireland","Number","83.58"
"Self-Employed at Work","2017","Industry (excl. Construction)","Northern and Western","Number","3.41"
"Self-Employed at Work","2017","Industry (excl. Construction)","Southern","Number","8.8"
"Self-Employed at Work","2017","Industry (excl. Construction)","Eastern and Midland","Number","9.18"
"Self-Employed at Work","2017","Industry (excl. Construction)","Ireland","Number","21.38"
"Self-Employed at Work","2017","Industry - of which Manufacturing","Northern and Western","Number","3.05"
"Self-Employed at Work","2017","Industry - of which Manufacturing","Southern","Number","8.27"
"Self-Employed at Work","2017","Industry - of which Manufacturing","Eastern and Midland","Number","8.51"
"Self-Employed at Work","2017","Industry - of which Manufacturing","Ireland","Number","19.83"
"Self-Employed at Work","2017","Construction","Northern and Western","Number","9.77"
"Self-Employed at Work","2017","Construction","Southern","Number","14.85"
"Self-Employed at Work","2017","Construction","Eastern and Midland","Number","19.12"
"Self-Employed at Work","2017","Construction","Ireland","Number","43.74"
"Self-Employed at Work","2017","Distribution, Transport, Hotels and Restaurants","Northern and Western","Number","11.55"
"Self-Employed at Work","2017","Distribution, Transport, Hotels and Restaurants","Southern","Number","22.07"
"Self-Employed at Work","2017","Distribution, Transport, Hotels and Restaurants","Eastern and Midland","Number","32.41"
"Self-Employed at Work","2017","Distribution, Transport, Hotels and Restaurants","Ireland","Number","66.02"
"Self-Employed at Work","2017","Information and Communication","Northern and Western","Number","1.83"
"Self-Employed at Work","2017","Information and Communication","Southern","Number","3.37"
"Self-Employed at Work","2017","Information and Communication","Eastern and Midland","Number","10.11"
"Self-Employed at Work","2017","Information and Communication","Ireland","Number","15.31"
"Self-Employed at Work","2017","Financial and Insurance Activities","Northern and Western","Number","0.8"
"Self-Employed at Work","2017","Financial and Insurance Activities","Southern","Number","0.93"
"Self-Employed at Work","2017","Financial and Insurance Activities","Eastern and Midland","Number","2.79"
"Self-Employed at Work","2017","Financial and Insurance Activities","Ireland","Number","4.52"
"Self-Employed at Work","2017","Real Estate Activities","Northern and Western","Number","0.45"
"Self-Employed at Work","2017","Real Estate Activities","Southern","Number","1.28"
"Self-Employed at Work","2017","Real Estate Activities","Eastern and Midland","Number","1.59"
"Self-Employed at Work","2017","Real Estate Activities","Ireland","Number","3.32"
"Self-Employed at Work","2017","Professional, Admin and Support Services","Northern and Western","Number","7.11"
"Self-Employed at Work","2017","Professional, Admin and Support Services","Southern","Number","14.58"
"Self-Employed at Work","2017","Professional, Admin and Support Services","Eastern and Midland","Number","25.43"
"Self-Employed at Work","2017","Professional, Admin and Support Services","Ireland","Number","47.12"
"Self-Employed at Work","2017","Public Admin, Education and Health","Northern and Western","Number","4.79"
"Self-Employed at Work","2017","Public Admin, Education and Health","Southern","Number","8.32"
"Self-Employed at Work","2017","Public Admin, Education and Health","Eastern and Midland","Number","12.66"
"Self-Employed at Work","2017","Public Admin, Education and Health","Ireland","Number","25.78"
"Self-Employed at Work","2017","Arts, Entertainment and Other Services","Northern and Western","Number","4.98"
"Self-Employed at Work","2017","Arts, Entertainment and Other Services","Southern","Number","9.19"
"Self-Employed at Work","2017","Arts, Entertainment and Other Services","Eastern and Midland","Number","14.54"
"Self-Employed at Work","2017","Arts, Entertainment and Other Services","Ireland","Number","28.71"
"Self-Employed at Work","2017","All Sectors","Northern and Western","Number","72.45"
"Self-Employed at Work","2017","All Sectors","Southern","Number","123.23"
"Self-Employed at Work","2017","All Sectors","Eastern and Midland","Number","143.8"
"Self-Employed at Work","2017","All Sectors","Ireland","Number","339.48"
"Self-Employed at Work","2018","Agriculture, Forestry and Fishing","Northern and Western","Number","25.86"
"Self-Employed at Work","2018","Agriculture, Forestry and Fishing","Southern","Number","39.71"
"Self-Employed at Work","2018","Agriculture, Forestry and Fishing","Eastern and Midland","Number","15.93"
"Self-Employed at Work","2018","Agriculture, Forestry and Fishing","Ireland","Number","81.5"
"Self-Employed at Work","2018","Industry (excl. Construction)","Northern and Western","Number","2.9"
"Self-Employed at Work","2018","Industry (excl. Construction)","Southern","Number","8.25"
"Self-Employed at Work","2018","Industry (excl. Construction)","Eastern and Midland","Number","8.19"
"Self-Employed at Work","2018","Industry (excl. Construction)","Ireland","Number","19.34"
"Self-Employed at Work","2018","Industry - of which Manufacturing","Northern and Western","Number","2.63"
"Self-Employed at Work","2018","Industry - of which Manufacturing","Southern","Number","7.67"
"Self-Employed at Work","2018","Industry - of which Manufacturing","Eastern and Midland","Number","7.79"
"Self-Employed at Work","2018","Industry - of which Manufacturing","Ireland","Number","18.09"
"Self-Employed at Work","2018","Construction","Northern and Western","Number","10.34"
"Self-Employed at Work","2018","Construction","Southern","Number","18.38"
"Self-Employed at Work","2018","Construction","Eastern and Midland","Number","19.29"
"Self-Employed at Work","2018","Construction","Ireland","Number","48.01"
"Self-Employed at Work","2018","Distribution, Transport, Hotels and Restaurants","Northern and Western","Number","13.03"
"Self-Employed at Work","2018","Distribution, Transport, Hotels and Restaurants","Southern","Number","21.59"
"Self-Employed at Work","2018","Distribution, Transport, Hotels and Restaurants","Eastern and Midland","Number","33.57"
"Self-Employed at Work","2018","Distribution, Transport, Hotels and Restaurants","Ireland","Number","68.19"
"Self-Employed at Work","2018","Information and Communication","Northern and Western","Number","1.74"
"Self-Employed at Work","2018","Information and Communication","Southern","Number","3.1"
"Self-Employed at Work","2018","Information and Communication","Eastern and Midland","Number","9.52"
"Self-Employed at Work","2018","Information and Communication","Ireland","Number","14.35"
"Self-Employed at Work","2018","Financial and Insurance Activities","Northern and Western","Number","0.7"
"Self-Employed at Work","2018","Financial and Insurance Activities","Southern","Number","1.24"
"Self-Employed at Work","2018","Financial and Insurance Activities","Eastern and Midland","Number","3.47"
"Self-Employed at Work","2018","Financial and Insurance Activities","Ireland","Number","5.4"
"Self-Employed at Work","2018","Real Estate Activities","Northern and Western","Number","0.45"
"Self-Employed at Work","2018","Real Estate Activities","Southern","Number","1.56"
"Self-Employed at Work","2018","Real Estate Activities","Eastern and Midland","Number","1.16"
"Self-Employed at Work","2018","Real Estate Activities","Ireland","Number","3.17"
"Self-Employed at Work","2018","Professional, Admin and Support Services","Northern and Western","Number","8.52"
"Self-Employed at Work","2018","Professional, Admin and Support Services","Southern","Number","15.07"
"Self-Employed at Work","2018","Professional, Admin and Support Services","Eastern and Midland","Number","23.97"
"Self-Employed at Work","2018","Professional, Admin and Support Services","Ireland","Number","47.55"
"Self-Employed at Work","2018","Public Admin, Education and Health","Northern and Western","Number","4.51"
"Self-Employed at Work","2018","Public Admin, Education and Health","Southern","Number","8.13"
"Self-Employed at Work","2018","Public Admin, Education and Health","Eastern and Midland","Number","13.62"
"Self-Employed at Work","2018","Public Admin, Education and Health","Ireland","Number","26.26"
"Self-Employed at Work","2018","Arts, Entertainment and Other Services","Northern and Western","Number","5.22"
"Self-Employed at Work","2018","Arts, Entertainment and Other Services","Southern","Number","7.05"
"Self-Employed at Work","2018","Arts, Entertainment and Other Services","Eastern and Midland","Number","15.37"
"Self-Employed at Work","2018","Arts, Entertainment and Other Services","Ireland","Number","27.63"
"Self-Employed at Work","2018","All Sectors","Northern and Western","Number","73.27"
"Self-Employed at Work","2018","All Sectors","Southern","Number","124.07"
"Self-Employed at Work","2018","All Sectors","Eastern and Midland","Number","144.08"
"Self-Employed at Work","2018","All Sectors","Ireland","Number","341.42"
"Self-Employed at Work","2019","Agriculture, Forestry and Fishing","Northern and Western","Number","25.4"
"Self-Employed at Work","2019","Agriculture, Forestry and Fishing","Southern","Number","35.13"
"Self-Employed at Work","2019","Agriculture, Forestry and Fishing","Eastern and Midland","Number","16.76"
"Self-Employed at Work","2019","Agriculture, Forestry and Fishing","Ireland","Number","77.29"
"Self-Employed at Work","2019","Industry (excl. Construction)","Northern and Western","Number","3.9"
"Self-Employed at Work","2019","Industry (excl. Construction)","Southern","Number","7.34"
"Self-Employed at Work","2019","Industry (excl. Construction)","Eastern and Midland","Number","7.75"
"Self-Employed at Work","2019","Industry (excl. Construction)","Ireland","Number","18.99"
"Self-Employed at Work","2019","Industry - of which Manufacturing","Northern and Western","Number","3.44"
"Self-Employed at Work","2019","Industry - of which Manufacturing","Southern","Number","6.88"
"Self-Employed at Work","2019","Industry - of which Manufacturing","Eastern and Midland","Number","7"
"Self-Employed at Work","2019","Industry - of which Manufacturing","Ireland","Number","17.32"
"Self-Employed at Work","2019","Construction","Northern and Western","Number","9.89"
"Self-Employed at Work","2019","Construction","Southern","Number","16.95"
"Self-Employed at Work","2019","Construction","Eastern and Midland","Number","19.74"
"Self-Employed at Work","2019","Construction","Ireland","Number","46.58"
"Self-Employed at Work","2019","Distribution, Transport, Hotels and Restaurants","Northern and Western","Number","14.9"
"Self-Employed at Work","2019","Distribution, Transport, Hotels and Restaurants","Southern","Number","23.18"
"Self-Employed at Work","2019","Distribution, Transport, Hotels and Restaurants","Eastern and Midland","Number","31.08"
"Self-Employed at Work","2019","Distribution, Transport, Hotels and Restaurants","Ireland","Number","69.17"
"Self-Employed at Work","2019","Information and Communication","Northern and Western","Number","1.23"
"Self-Employed at Work","2019","Information and Communication","Southern","Number","2.63"
"Self-Employed at Work","2019","Information and Communication","Eastern and Midland","Number","9.81"
"Self-Employed at Work","2019","Information and Communication","Ireland","Number","13.66"
"Self-Employed at Work","2019","Financial and Insurance Activities","Northern and Western","Number","0.63"
"Self-Employed at Work","2019","Financial and Insurance Activities","Southern","Number","1.02"
"Self-Employed at Work","2019","Financial and Insurance Activities","Eastern and Midland","Number","3.65"
"Self-Employed at Work","2019","Financial and Insurance Activities","Ireland","Number","5.31"
"Self-Employed at Work","2019","Real Estate Activities","Northern and Western","Number","0.31"
"Self-Employed at Work","2019","Real Estate Activities","Southern","Number","0.82"
"Self-Employed at Work","2019","Real Estate Activities","Eastern and Midland","Number","1.75"
"Self-Employed at Work","2019","Real Estate Activities","Ireland","Number","2.89"
"Self-Employed at Work","2019","Professional, Admin and Support Services","Northern and Western","Number","7.54"
"Self-Employed at Work","2019","Professional, Admin and Support Services","Southern","Number","13.44"
"Self-Employed at Work","2019","Professional, Admin and Support Services","Eastern and Midland","Number","27.2"
"Self-Employed at Work","2019","Professional, Admin and Support Services","Ireland","Number","48.18"
"Self-Employed at Work","2019","Public Admin, Education and Health","Northern and Western","Number","4.81"
"Self-Employed at Work","2019","Public Admin, Education and Health","Southern","Number","7.82"
"Self-Employed at Work","2019","Public Admin, Education and Health","Eastern and Midland","Number","11.56"
"Self-Employed at Work","2019","Public Admin, Education and Health","Ireland","Number","24.2"
"Self-Employed at Work","2019","Arts, Entertainment and Other Services","Northern and Western","Number","6.19"
"Self-Employed at Work","2019","Arts, Entertainment and Other Services","Southern","Number","10.1"
"Self-Employed at Work","2019","Arts, Entertainment and Other Services","Eastern and Midland","Number","14.5"
"Self-Employed at Work","2019","Arts, Entertainment and Other Services","Ireland","Number","30.79"
"Self-Employed at Work","2019","All Sectors","Northern and Western","Number","74.81"
"Self-Employed at Work","2019","All Sectors","Southern","Number","118.43"
"Self-Employed at Work","2019","All Sectors","Eastern and Midland","Number","143.81"
"Self-Employed at Work","2019","All Sectors","Ireland","Number","337.05"
"Self-Employed at Work","2020","Agriculture, Forestry and Fishing","Northern and Western","Number","26.16"
"Self-Employed at Work","2020","Agriculture, Forestry and Fishing","Southern","Number","37.05"
"Self-Employed at Work","2020","Agriculture, Forestry and Fishing","Eastern and Midland","Number","15"
"Self-Employed at Work","2020","Agriculture, Forestry and Fishing","Ireland","Number","78.21"
"Self-Employed at Work","2020","Industry (excl. Construction)","Northern and Western","Number","3.33"
"Self-Employed at Work","2020","Industry (excl. Construction)","Southern","Number","7.48"
"Self-Employed at Work","2020","Industry (excl. Construction)","Eastern and Midland","Number","8.14"
"Self-Employed at Work","2020","Industry (excl. Construction)","Ireland","Number","18.95"
"Self-Employed at Work","2020","Industry - of which Manufacturing","Northern and Western","Number","3.02"
"Self-Employed at Work","2020","Industry - of which Manufacturing","Southern","Number","6.75"
"Self-Employed at Work","2020","Industry - of which Manufacturing","Eastern and Midland","Number","7.36"
"Self-Employed at Work","2020","Industry - of which Manufacturing","Ireland","Number","17.12"
"Self-Employed at Work","2020","Construction","Northern and Western","Number","8.18"
"Self-Employed at Work","2020","Construction","Southern","Number","16.09"
"Self-Employed at Work","2020","Construction","Eastern and Midland","Number","17.36"
"Self-Employed at Work","2020","Construction","Ireland","Number","41.64"
"Self-Employed at Work","2020","Distribution, Transport, Hotels and Restaurants","Northern and Western","Number","13.41"
"Self-Employed at Work","2020","Distribution, Transport, Hotels and Restaurants","Southern","Number","21.31"
"Self-Employed at Work","2020","Distribution, Transport, Hotels and Restaurants","Eastern and Midland","Number","31.9"
"Self-Employed at Work","2020","Distribution, Transport, Hotels and Restaurants","Ireland","Number","66.61"
"Self-Employed at Work","2020","Information and Communication","Northern and Western","Number","1.36"
"Self-Employed at Work","2020","Information and Communication","Southern","Number","3.38"
"Self-Employed at Work","2020","Information and Communication","Eastern and Midland","Number","10.39"
"Self-Employed at Work","2020","Information and Communication","Ireland","Number","15.13"
"Self-Employed at Work","2020","Financial and Insurance Activities","Northern and Western","Number","0.9"
"Self-Employed at Work","2020","Financial and Insurance Activities","Southern","Number","1.28"
"Self-Employed at Work","2020","Financial and Insurance Activities","Eastern and Midland","Number","4.44"
"Self-Employed at Work","2020","Financial and Insurance Activities","Ireland","Number","6.62"
"Self-Employed at Work","2020","Real Estate Activities","Northern and Western","Number","0.79"
"Self-Employed at Work","2020","Real Estate Activities","Southern","Number","1.52"
"Self-Employed at Work","2020","Real Estate Activities","Eastern and Midland","Number","2.69"
"Self-Employed at Work","2020","Real Estate Activities","Ireland","Number","5"
"Self-Employed at Work","2020","Professional, Admin and Support Services","Northern and Western","Number","6.42"
"Self-Employed at Work","2020","Professional, Admin and Support Services","Southern","Number","17.25"
"Self-Employed at Work","2020","Professional, Admin and Support Services","Eastern and Midland","Number","25.75"
"Self-Employed at Work","2020","Professional, Admin and Support Services","Ireland","Number","49.42"
"Self-Employed at Work","2020","Public Admin, Education and Health","Northern and Western","Number","4.09"
"Self-Employed at Work","2020","Public Admin, Education and Health","Southern","Number","9.19"
"Self-Employed at Work","2020","Public Admin, Education and Health","Eastern and Midland","Number","15.99"
"Self-Employed at Work","2020","Public Admin, Education and Health","Ireland","Number","29.26"
"Self-Employed at Work","2020","Arts, Entertainment and Other Services","Northern and Western","Number","3.81"
"Self-Employed at Work","2020","Arts, Entertainment and Other Services","Southern","Number","9.76"
"Self-Employed at Work","2020","Arts, Entertainment and Other Services","Eastern and Midland","Number","13.05"
"Self-Employed at Work","2020","Arts, Entertainment and Other Services","Ireland","Number","26.61"
"Self-Employed at Work","2020","All Sectors","Northern and Western","Number","68.44"
"Self-Employed at Work","2020","All Sectors","Southern","Number","124.31"
"Self-Employed at Work","2020","All Sectors","Eastern and Midland","Number","144.71"
"Self-Employed at Work","2020","All Sectors","Ireland","Number","337.46"
"Self-Employed at Work","2021","Agriculture, Forestry and Fishing","Northern and Western","Number","30.43"
"Self-Employed at Work","2021","Agriculture, Forestry and Fishing","Southern","Number","37.14"
"Self-Employed at Work","2021","Agriculture, Forestry and Fishing","Eastern and Midland","Number","16.68"
"Self-Employed at Work","2021","Agriculture, Forestry and Fishing","Ireland","Number","84.25"
"Self-Employed at Work","2021","Industry (excl. Construction)","Northern and Western","Number","3.92"
"Self-Employed at Work","2021","Industry (excl. Construction)","Southern","Number","8.4"
"Self-Employed at Work","2021","Industry (excl. Construction)","Eastern and Midland","Number","7.84"
"Self-Employed at Work","2021","Industry (excl. Construction)","Ireland","Number","20.16"
"Self-Employed at Work","2021","Industry - of which Manufacturing","Northern and Western","Number","3.82"
"Self-Employed at Work","2021","Industry - of which Manufacturing","Southern","Number","7.78"
"Self-Employed at Work","2021","Industry - of which Manufacturing","Eastern and Midland","Number","7.35"
"Self-Employed at Work","2021","Industry - of which Manufacturing","Ireland","Number","18.95"
"Self-Employed at Work","2021","Construction","Northern and Western","Number","8.75"
"Self-Employed at Work","2021","Construction","Southern","Number","15.34"
"Self-Employed at Work","2021","Construction","Eastern and Midland","Number","16.41"
"Self-Employed at Work","2021","Construction","Ireland","Number","40.51"
"Self-Employed at Work","2021","Distribution, Transport, Hotels and Restaurants","Northern and Western","Number","14.26"
"Self-Employed at Work","2021","Distribution, Transport, Hotels and Restaurants","Southern","Number","21.45"
"Self-Employed at Work","2021","Distribution, Transport, Hotels and Restaurants","Eastern and Midland","Number","28.69"
"Self-Employed at Work","2021","Distribution, Transport, Hotels and Restaurants","Ireland","Number","64.39"
"Self-Employed at Work","2021","Information and Communication","Northern and Western","Number","1.56"
"Self-Employed at Work","2021","Information and Communication","Southern","Number","3.83"
"Self-Employed at Work","2021","Information and Communication","Eastern and Midland","Number","9.79"
"Self-Employed at Work","2021","Information and Communication","Ireland","Number","15.18"
"Self-Employed at Work","2021","Financial and Insurance Activities","Northern and Western","Number","0.85"
"Self-Employed at Work","2021","Financial and Insurance Activities","Southern","Number","1.2"
"Self-Employed at Work","2021","Financial and Insurance Activities","Eastern and Midland","Number","2.98"
"Self-Employed at Work","2021","Financial and Insurance Activities","Ireland","Number","5.03"
"Self-Employed at Work","2021","Real Estate Activities","Northern and Western","Number","1.01"
"Self-Employed at Work","2021","Real Estate Activities","Southern","Number","1.95"
"Self-Employed at Work","2021","Real Estate Activities","Eastern and Midland","Number","1.6"
"Self-Employed at Work","2021","Real Estate Activities","Ireland","Number","4.56"
"Self-Employed at Work","2021","Professional, Admin and Support Services","Northern and Western","Number","6.48"
"Self-Employed at Work","2021","Professional, Admin and Support Services","Southern","Number","17.28"
"Self-Employed at Work","2021","Professional, Admin and Support Services","Eastern and Midland","Number","26.6"
"Self-Employed at Work","2021","Professional, Admin and Support Services","Ireland","Number","50.37"
"Self-Employed at Work","2021","Public Admin, Education and Health","Northern and Western","Number","5.51"
"Self-Employed at Work","2021","Public Admin, Education and Health","Southern","Number","9.42"
"Self-Employed at Work","2021","Public Admin, Education and Health","Eastern and Midland","Number","15.07"
"Self-Employed at Work","2021","Public Admin, Education and Health","Ireland","Number","30"
"Self-Employed at Work","2021","Arts, Entertainment and Other Services","Northern and Western","Number","3.81"
"Self-Employed at Work","2021","Arts, Entertainment and Other Services","Southern","Number","9.89"
"Self-Employed at Work","2021","Arts, Entertainment and Other Services","Eastern and Midland","Number","13.99"
"Self-Employed at Work","2021","Arts, Entertainment and Other Services","Ireland","Number","27.69"
"Self-Employed at Work","2021","All Sectors","Northern and Western","Number","76.57"
"Self-Employed at Work","2021","All Sectors","Southern","Number","125.89"
"Self-Employed at Work","2021","All Sectors","Eastern and Midland","Number","139.65"
"Self-Employed at Work","2021","All Sectors","Ireland","Number","342.11"
"Self-Employed at Work","2022","Agriculture, Forestry and Fishing","Northern and Western","Number","26.79"
"Self-Employed at Work","2022","Agriculture, Forestry and Fishing","Southern","Number","37.63"
"Self-Employed at Work","2022","Agriculture, Forestry and Fishing","Eastern and Midland","Number","15.28"
"Self-Employed at Work","2022","Agriculture, Forestry and Fishing","Ireland","Number","79.7"
"Self-Employed at Work","2022","Industry (excl. Construction)","Northern and Western","Number","4.01"
"Self-Employed at Work","2022","Industry (excl. Construction)","Southern","Number","8.23"
"Self-Employed at Work","2022","Industry (excl. Construction)","Eastern and Midland","Number","8.31"
"Self-Employed at Work","2022","Industry (excl. Construction)","Ireland","Number","20.54"
"Self-Employed at Work","2022","Industry - of which Manufacturing","Northern and Western","Number","3.45"
"Self-Employed at Work","2022","Industry - of which Manufacturing","Southern","Number","7.23"
"Self-Employed at Work","2022","Industry - of which Manufacturing","Eastern and Midland","Number","7.82"
"Self-Employed at Work","2022","Industry - of which Manufacturing","Ireland","Number","18.5"
"Self-Employed at Work","2022","Construction","Northern and Western","Number","10.95"
"Self-Employed at Work","2022","Construction","Southern","Number","16.76"
"Self-Employed at Work","2022","Construction","Eastern and Midland","Number","21.9"
"Self-Employed at Work","2022","Construction","Ireland","Number","49.6"
"Self-Employed at Work","2022","Distribution, Transport, Hotels and Restaurants","Northern and Western","Number","13.51"
"Self-Employed at Work","2022","Distribution, Transport, Hotels and Restaurants","Southern","Number","22.83"
"Self-Employed at Work","2022","Distribution, Transport, Hotels and Restaurants","Eastern and Midland","Number","33.48"
"Self-Employed at Work","2022","Distribution, Transport, Hotels and Restaurants","Ireland","Number","69.82"
"Self-Employed at Work","2022","Information and Communication","Northern and Western","Number","0.74"
"Self-Employed at Work","2022","Information and Communication","Southern","Number","4.08"
"Self-Employed at Work","2022","Information and Communication","Eastern and Midland","Number","10.7"
"Self-Employed at Work","2022","Information and Communication","Ireland","Number","15.51"
"Self-Employed at Work","2022","Financial and Insurance Activities","Northern and Western","Number","0.26"
"Self-Employed at Work","2022","Financial and Insurance Activities","Southern","Number","1.82"
"Self-Employed at Work","2022","Financial and Insurance Activities","Eastern and Midland","Number","3.38"
"Self-Employed at Work","2022","Financial and Insurance Activities","Ireland","Number","5.46"
"Self-Employed at Work","2022","Real Estate Activities","Northern and Western","Number","0.73"
"Self-Employed at Work","2022","Real Estate Activities","Southern","Number","0.92"
"Self-Employed at Work","2022","Real Estate Activities","Eastern and Midland","Number","1.99"
"Self-Employed at Work","2022","Real Estate Activities","Ireland","Number","3.63"
"Self-Employed at Work","2022","Professional, Admin and Support Services","Northern and Western","Number","7.61"
"Self-Employed at Work","2022","Professional, Admin and Support Services","Southern","Number","17.82"
"Self-Employed at Work","2022","Professional, Admin and Support Services","Eastern and Midland","Number","28.73"
"Self-Employed at Work","2022","Professional, Admin and Support Services","Ireland","Number","54.16"
"Self-Employed at Work","2022","Public Admin, Education and Health","Northern and Western","Number","4.97"
"Self-Employed at Work","2022","Public Admin, Education and Health","Southern","Number","9.59"
"Self-Employed at Work","2022","Public Admin, Education and Health","Eastern and Midland","Number","16.88"
"Self-Employed at Work","2022","Public Admin, Education and Health","Ireland","Number","31.44"
"Self-Employed at Work","2022","Arts, Entertainment and Other Services","Northern and Western","Number","6.15"
"Self-Employed at Work","2022","Arts, Entertainment and Other Services","Southern","Number","11.11"
"Self-Employed at Work","2022","Arts, Entertainment and Other Services","Eastern and Midland","Number","17.27"
"Self-Employed at Work","2022","Arts, Entertainment and Other Services","Ireland","Number","34.53"
"Self-Employed at Work","2022","All Sectors","Northern and Western","Number","75.71"
"Self-Employed at Work","2022","All Sectors","Southern","Number","130.77"
"Self-Employed at Work","2022","All Sectors","Eastern and Midland","Number","157.91"
"Self-Employed at Work","2022","All Sectors","Ireland","Number","364.4"
"Self-Employed at Work","2023","Agriculture, Forestry and Fishing","Northern and Western","Number","26.11"
"Self-Employed at Work","2023","Agriculture, Forestry and Fishing","Southern","Number","40.34"
"Self-Employed at Work","2023","Agriculture, Forestry and Fishing","Eastern and Midland","Number","14.44"
"Self-Employed at Work","2023","Agriculture, Forestry and Fishing","Ireland","Number","80.89"
"Self-Employed at Work","2023","Industry (excl. Construction)","Northern and Western","Number","4.1"
"Self-Employed at Work","2023","Industry (excl. Construction)","Southern","Number","9.03"
"Self-Employed at Work","2023","Industry (excl. Construction)","Eastern and Midland","Number","8.14"
"Self-Employed at Work","2023","Industry (excl. Construction)","Ireland","Number","21.27"
"Self-Employed at Work","2023","Industry - of which Manufacturing","Northern and Western","Number","3.76"
"Self-Employed at Work","2023","Industry - of which Manufacturing","Southern","Number","8.36"
"Self-Employed at Work","2023","Industry - of which Manufacturing","Eastern and Midland","Number","7.82"
"Self-Employed at Work","2023","Industry - of which Manufacturing","Ireland","Number","19.94"
"Self-Employed at Work","2023","Construction","Northern and Western","Number","10.99"
"Self-Employed at Work","2023","Construction","Southern","Number","17.53"
"Self-Employed at Work","2023","Construction","Eastern and Midland","Number","18.05"
"Self-Employed at Work","2023","Construction","Ireland","Number","46.57"
"Self-Employed at Work","2023","Distribution, Transport, Hotels and Restaurants","Northern and Western","Number","15.36"
"Self-Employed at Work","2023","Distribution, Transport, Hotels and Restaurants","Southern","Number","21.21"
"Self-Employed at Work","2023","Distribution, Transport, Hotels and Restaurants","Eastern and Midland","Number","32.35"
"Self-Employed at Work","2023","Distribution, Transport, Hotels and Restaurants","Ireland","Number","68.92"
"Self-Employed at Work","2023","Information and Communication","Northern and Western","Number","2.2"
"Self-Employed at Work","2023","Information and Communication","Southern","Number","4.42"
"Self-Employed at Work","2023","Information and Communication","Eastern and Midland","Number","10.31"
"Self-Employed at Work","2023","Information and Communication","Ireland","Number","16.93"
"Self-Employed at Work","2023","Financial and Insurance Activities","Northern and Western","Number","0.45"
"Self-Employed at Work","2023","Financial and Insurance Activities","Southern","Number","1.32"
"Self-Employed at Work","2023","Financial and Insurance Activities","Eastern and Midland","Number","3.86"
"Self-Employed at Work","2023","Financial and Insurance Activities","Ireland","Number","5.63"
"Self-Employed at Work","2023","Real Estate Activities","Northern and Western","Number","0.58"
"Self-Employed at Work","2023","Real Estate Activities","Southern","Number","1.34"
"Self-Employed at Work","2023","Real Estate Activities","Eastern and Midland","Number","1.79"
"Self-Employed at Work","2023","Real Estate Activities","Ireland","Number","3.71"
"Self-Employed at Work","2023","Professional, Admin and Support Services","Northern and Western","Number","8.3"
"Self-Employed at Work","2023","Professional, Admin and Support Services","Southern","Number","18.49"
"Self-Employed at Work","2023","Professional, Admin and Support Services","Eastern and Midland","Number","25.73"
"Self-Employed at Work","2023","Professional, Admin and Support Services","Ireland","Number","52.52"
"Self-Employed at Work","2023","Public Admin, Education and Health","Northern and Western","Number","5.72"
"Self-Employed at Work","2023","Public Admin, Education and Health","Southern","Number","10"
"Self-Employed at Work","2023","Public Admin, Education and Health","Eastern and Midland","Number","19.38"
"Self-Employed at Work","2023","Public Admin, Education and Health","Ireland","Number","35.09"
"Self-Employed at Work","2023","Arts, Entertainment and Other Services","Northern and Western","Number","5.81"
"Self-Employed at Work","2023","Arts, Entertainment and Other Services","Southern","Number","14.11"
"Self-Employed at Work","2023","Arts, Entertainment and Other Services","Eastern and Midland","Number","17.62"
"Self-Employed at Work","2023","Arts, Entertainment and Other Services","Ireland","Number","37.54"
"Self-Employed at Work","2023","All Sectors","Northern and Western","Number","79.63"
"Self-Employed at Work","2023","All Sectors","Southern","Number","137.8"
"Self-Employed at Work","2023","All Sectors","Eastern and Midland","Number","151.66"
"Self-Employed at Work","2023","All Sectors","Ireland","Number","369.09"
"Self-Employed at Work","2024","Agriculture, Forestry and Fishing","Northern and Western","Number","25.11"
"Self-Employed at Work","2024","Agriculture, Forestry and Fishing","Southern","Number","39.38"
"Self-Employed at Work","2024","Agriculture, Forestry and Fishing","Eastern and Midland","Number","15.27"
"Self-Employed at Work","2024","Agriculture, Forestry and Fishing","Ireland","Number","79.76"
"Self-Employed at Work","2024","Industry (excl. Construction)","Northern and Western","Number","3.88"
"Self-Employed at Work","2024","Industry (excl. Construction)","Southern","Number","8.66"
"Self-Employed at Work","2024","Industry (excl. Construction)","Eastern and Midland","Number","6.16"
"Self-Employed at Work","2024","Industry (excl. Construction)","Ireland","Number","18.7"
"Self-Employed at Work","2024","Industry - of which Manufacturing","Northern and Western","Number","3.65"
"Self-Employed at Work","2024","Industry - of which Manufacturing","Southern","Number","8.01"
"Self-Employed at Work","2024","Industry - of which Manufacturing","Eastern and Midland","Number","5.96"
"Self-Employed at Work","2024","Industry - of which Manufacturing","Ireland","Number","17.62"
"Self-Employed at Work","2024","Construction","Northern and Western","Number","11.35"
"Self-Employed at Work","2024","Construction","Southern","Number","18.39"
"Self-Employed at Work","2024","Construction","Eastern and Midland","Number","18.5"
"Self-Employed at Work","2024","Construction","Ireland","Number","48.24"
"Self-Employed at Work","2024","Distribution, Transport, Hotels and Restaurants","Northern and Western","Number","10.97"
"Self-Employed at Work","2024","Distribution, Transport, Hotels and Restaurants","Southern","Number","21.72"
"Self-Employed at Work","2024","Distribution, Transport, Hotels and Restaurants","Eastern and Midland","Number","31.35"
"Self-Employed at Work","2024","Distribution, Transport, Hotels and Restaurants","Ireland","Number","64.04"
"Self-Employed at Work","2024","Information and Communication","Northern and Western","Number","1.62"
"Self-Employed at Work","2024","Information and Communication","Southern","Number","5.03"
"Self-Employed at Work","2024","Information and Communication","Eastern and Midland","Number","12.77"
"Self-Employed at Work","2024","Information and Communication","Ireland","Number","19.43"
"Self-Employed at Work","2024","Financial and Insurance Activities","Northern and Western","Number","0.99"
"Self-Employed at Work","2024","Financial and Insurance Activities","Southern","Number","1.83"
"Self-Employed at Work","2024","Financial and Insurance Activities","Eastern and Midland","Number","4.61"
"Self-Employed at Work","2024","Financial and Insurance Activities","Ireland","Number","7.43"
"Self-Employed at Work","2024","Real Estate Activities","Northern and Western","Number","0.32"
"Self-Employed at Work","2024","Real Estate Activities","Southern","Number","1.18"
"Self-Employed at Work","2024","Real Estate Activities","Eastern and Midland","Number","1.35"
"Self-Employed at Work","2024","Real Estate Activities","Ireland","Number","2.86"
"Self-Employed at Work","2024","Professional, Admin and Support Services","Northern and Western","Number","10.26"
"Self-Employed at Work","2024","Professional, Admin and Support Services","Southern","Number","18.65"
"Self-Employed at Work","2024","Professional, Admin and Support Services","Eastern and Midland","Number","29.72"
"Self-Employed at Work","2024","Professional, Admin and Support Services","Ireland","Number","58.63"
"Self-Employed at Work","2024","Public Admin, Education and Health","Northern and Western","Number","5.44"
"Self-Employed at Work","2024","Public Admin, Education and Health","Southern","Number","11.92"
"Self-Employed at Work","2024","Public Admin, Education and Health","Eastern and Midland","Number","17.22"
"Self-Employed at Work","2024","Public Admin, Education and Health","Ireland","Number","34.59"
"Self-Employed at Work","2024","Arts, Entertainment and Other Services","Northern and Western","Number","5.82"
"Self-Employed at Work","2024","Arts, Entertainment and Other Services","Southern","Number","13.7"
"Self-Employed at Work","2024","Arts, Entertainment and Other Services","Eastern and Midland","Number","17.34"
"Self-Employed at Work","2024","Arts, Entertainment and Other Services","Ireland","Number","36.87"
"Self-Employed at Work","2024","All Sectors","Northern and Western","Number","75.78"
"Self-Employed at Work","2024","All Sectors","Southern","Number","140.46"
"Self-Employed at Work","2024","All Sectors","Eastern and Midland","Number","154.31"
"Self-Employed at Work","2024","All Sectors","Ireland","Number","370.56"
"Hours Worked","2000","Agriculture, Forestry and Fishing","Northern and Western","Thousand","117345.2037"
"Hours Worked","2000","Agriculture, Forestry and Fishing","Southern","Thousand","177335.8805"
"Hours Worked","2000","Agriculture, Forestry and Fishing","Eastern and Midland","Thousand","72183.12524"
"Hours Worked","2000","Agriculture, Forestry and Fishing","Ireland","Thousand","366864.2094"
"Hours Worked","2000","Industry (excl. Construction)","Northern and Western","Thousand","112181.3724"
"Hours Worked","2000","Industry (excl. Construction)","Southern","Thousand","252671.4418"
"Hours Worked","2000","Industry (excl. Construction)","Eastern and Midland","Thousand","289500.3794"
"Hours Worked","2000","Industry (excl. Construction)","Ireland","Thousand","654353.1935"
"Hours Worked","2000","Industry - of which Manufacturing","Northern and Western","Thousand","104892.5879"
"Hours Worked","2000","Industry - of which Manufacturing","Southern","Thousand","238438.2383"
"Hours Worked","2000","Industry - of which Manufacturing","Eastern and Midland","Thousand","265671.9103"
"Hours Worked","2000","Industry - of which Manufacturing","Ireland","Thousand","609002.7365"
"Hours Worked","2000","Construction","Northern and Western","Thousand","60520.49862"
"Hours Worked","2000","Construction","Southern","Thousand","107245.538"
"Hours Worked","2000","Construction","Eastern and Midland","Thousand","134119.5623"
"Hours Worked","2000","Construction","Ireland","Thousand","301885.599"
"Hours Worked","2000","Distribution, Transport, Hotels and Restaurants","Northern and Western","Thousand","118694.2669"
"Hours Worked","2000","Distribution, Transport, Hotels and Restaurants","Southern","Thousand","274007.7114"
"Hours Worked","2000","Distribution, Transport, Hotels and Restaurants","Eastern and Midland","Thousand","425262.7167"
"Hours Worked","2000","Distribution, Transport, Hotels and Restaurants","Ireland","Thousand","817964.695"
"Hours Worked","2000","Information and Communication","Northern and Western","Thousand","11160.9273"
"Hours Worked","2000","Information and Communication","Southern","Thousand","27760.90615"
"Hours Worked","2000","Information and Communication","Eastern and Midland","Thousand","108976.3367"
"Hours Worked","2000","Information and Communication","Ireland","Thousand","147898.1701"
"Hours Worked","2000","Financial and Insurance Activities","Northern and Western","Thousand","10180.65071"
"Hours Worked","2000","Financial and Insurance Activities","Southern","Thousand","26306.3261"
"Hours Worked","2000","Financial and Insurance Activities","Eastern and Midland","Thousand","96197.33601"
"Hours Worked","2000","Financial and Insurance Activities","Ireland","Thousand","132684.3128"
"Hours Worked","2000","Real Estate Activities","Northern and Western","Thousand","1320.686296"
"Hours Worked","2000","Real Estate Activities","Southern","Thousand","3906.272604"
"Hours Worked","2000","Real Estate Activities","Eastern and Midland","Thousand","7730.121773"
"Hours Worked","2000","Real Estate Activities","Ireland","Thousand","12957.08067"
"Hours Worked","2000","Professional, Admin and Support Services","Northern and Western","Thousand","30669.63989"
"Hours Worked","2000","Professional, Admin and Support Services","Southern","Thousand","78892.98986"
"Hours Worked","2000","Professional, Admin and Support Services","Eastern and Midland","Thousand","171827.2993"
"Hours Worked","2000","Professional, Admin and Support Services","Ireland","Thousand","281389.929"
"Hours Worked","2000","Public Admin, Education and Health","Northern and Western","Thousand","81888.07244"
"Hours Worked","2000","Public Admin, Education and Health","Southern","Thousand","153594.6477"
"Hours Worked","2000","Public Admin, Education and Health","Eastern and Midland","Thousand","264787.7647"
"Hours Worked","2000","Public Admin, Education and Health","Ireland","Thousand","500270.4848"
"Hours Worked","2000","Arts, Entertainment and Other Services","Northern and Western","Thousand","19866.45643"
"Hours Worked","2000","Arts, Entertainment and Other Services","Southern","Thousand","46526.94189"
"Hours Worked","2000","Arts, Entertainment and Other Services","Eastern and Midland","Thousand","72223.47099"
"Hours Worked","2000","Arts, Entertainment and Other Services","Ireland","Thousand","138616.8693"
"Hours Worked","2000","All Sectors","Northern and Western","Thousand","563827.7747"
"Hours Worked","2000","All Sectors","Southern","Thousand","1148248.656"
"Hours Worked","2000","All Sectors","Eastern and Midland","Thousand","1642808.113"
"Hours Worked","2000","All Sectors","Ireland","Thousand","3354884.544"
"Hours Worked","2001","Agriculture, Forestry and Fishing","Northern and Western","Thousand","113197.9515"
"Hours Worked","2001","Agriculture, Forestry and Fishing","Southern","Thousand","167968.0033"
"Hours Worked","2001","Agriculture, Forestry and Fishing","Eastern and Midland","Thousand","67165.85405"
"Hours Worked","2001","Agriculture, Forestry and Fishing","Ireland","Thousand","348331.8088"
"Hours Worked","2001","Industry (excl. Construction)","Northern and Western","Thousand","116211.0666"
"Hours Worked","2001","Industry (excl. Construction)","Southern","Thousand","257043.8158"
"Hours Worked","2001","Industry (excl. Construction)","Eastern and Midland","Thousand","281429.7775"
"Hours Worked","2001","Industry (excl. Construction)","Ireland","Thousand","654684.6599"
"Hours Worked","2001","Industry - of which Manufacturing","Northern and Western","Thousand","107242.7413"
"Hours Worked","2001","Industry - of which Manufacturing","Southern","Thousand","240808.1252"
"Hours Worked","2001","Industry - of which Manufacturing","Eastern and Midland","Thousand","256075.8879"
"Hours Worked","2001","Industry - of which Manufacturing","Ireland","Thousand","604126.7544"
"Hours Worked","2001","Construction","Northern and Western","Thousand","60195.38569"
"Hours Worked","2001","Construction","Southern","Thousand","112322.374"
"Hours Worked","2001","Construction","Eastern and Midland","Thousand","144046.0195"
"Hours Worked","2001","Construction","Ireland","Thousand","316563.7792"
"Hours Worked","2001","Distribution, Transport, Hotels and Restaurants","Northern and Western","Thousand","127000.7996"
"Hours Worked","2001","Distribution, Transport, Hotels and Restaurants","Southern","Thousand","267463.1898"
"Hours Worked","2001","Distribution, Transport, Hotels and Restaurants","Eastern and Midland","Thousand","434939.4119"
"Hours Worked","2001","Distribution, Transport, Hotels and Restaurants","Ireland","Thousand","829403.4013"
"Hours Worked","2001","Information and Communication","Northern and Western","Thousand","10904.85388"
"Hours Worked","2001","Information and Communication","Southern","Thousand","29217.14027"
"Hours Worked","2001","Information and Communication","Eastern and Midland","Thousand","110697.1428"
"Hours Worked","2001","Information and Communication","Ireland","Thousand","150819.1369"
"Hours Worked","2001","Financial and Insurance Activities","Northern and Western","Thousand","10140.04784"
"Hours Worked","2001","Financial and Insurance Activities","Southern","Thousand","26508.18023"
"Hours Worked","2001","Financial and Insurance Activities","Eastern and Midland","Thousand","99299.37912"
"Hours Worked","2001","Financial and Insurance Activities","Ireland","Thousand","135947.6072"
"Hours Worked","2001","Real Estate Activities","Northern and Western","Thousand","2085.445429"
"Hours Worked","2001","Real Estate Activities","Southern","Thousand","3848.848329"
"Hours Worked","2001","Real Estate Activities","Eastern and Midland","Thousand","8461.597096"
"Hours Worked","2001","Real Estate Activities","Ireland","Thousand","14395.89085"
"Hours Worked","2001","Professional, Admin and Support Services","Northern and Western","Thousand","30222.78623"
"Hours Worked","2001","Professional, Admin and Support Services","Southern","Thousand","81078.14423"
"Hours Worked","2001","Professional, Admin and Support Services","Eastern and Midland","Thousand","180523.441"
"Hours Worked","2001","Professional, Admin and Support Services","Ireland","Thousand","291824.3715"
"Hours Worked","2001","Public Admin, Education and Health","Northern and Western","Thousand","88192.59232"
"Hours Worked","2001","Public Admin, Education and Health","Southern","Thousand","167698.5364"
"Hours Worked","2001","Public Admin, Education and Health","Eastern and Midland","Thousand","270942.2986"
"Hours Worked","2001","Public Admin, Education and Health","Ireland","Thousand","526833.4274"
"Hours Worked","2001","Arts, Entertainment and Other Services","Northern and Western","Thousand","20384.72227"
"Hours Worked","2001","Arts, Entertainment and Other Services","Southern","Thousand","45133.65129"
"Hours Worked","2001","Arts, Entertainment and Other Services","Eastern and Midland","Thousand","74628.03021"
"Hours Worked","2001","Arts, Entertainment and Other Services","Ireland","Thousand","140146.4038"
"Hours Worked","2001","All Sectors","Northern and Western","Thousand","578535.6514"
"Hours Worked","2001","All Sectors","Southern","Thousand","1158281.884"
"Hours Worked","2001","All Sectors","Eastern and Midland","Thousand","1672132.952"
"Hours Worked","2001","All Sectors","Ireland","Thousand","3408950.487"
"Hours Worked","2002","Agriculture, Forestry and Fishing","Northern and Western","Thousand","106755.0975"
"Hours Worked","2002","Agriculture, Forestry and Fishing","Southern","Thousand","161509.4311"
"Hours Worked","2002","Agriculture, Forestry and Fishing","Eastern and Midland","Thousand","65303.10022"
"Hours Worked","2002","Agriculture, Forestry and Fishing","Ireland","Thousand","333567.6288"
"Hours Worked","2002","Industry (excl. Construction)","Northern and Western","Thousand","111065.6509"
"Hours Worked","2002","Industry (excl. Construction)","Southern","Thousand","249482.9589"
"Hours Worked","2002","Industry (excl. Construction)","Eastern and Midland","Thousand","265615.0384"
"Hours Worked","2002","Industry (excl. Construction)","Ireland","Thousand","626163.6482"
"Hours Worked","2002","Industry - of which Manufacturing","Northern and Western","Thousand","102150.6577"
"Hours Worked","2002","Industry - of which Manufacturing","Southern","Thousand","232821.3343"
"Hours Worked","2002","Industry - of which Manufacturing","Eastern and Midland","Thousand","239786.3218"
"Hours Worked","2002","Industry - of which Manufacturing","Ireland","Thousand","574758.3139"
"Hours Worked","2002","Construction","Northern and Western","Thousand","64261.32619"
"Hours Worked","2002","Construction","Southern","Thousand","110308.5145"
"Hours Worked","2002","Construction","Eastern and Midland","Thousand","143819.752"
"Hours Worked","2002","Construction","Ireland","Thousand","318389.5927"
"Hours Worked","2002","Distribution, Transport, Hotels and Restaurants","Northern and Western","Thousand","128661.7512"
"Hours Worked","2002","Distribution, Transport, Hotels and Restaurants","Southern","Thousand","273855.319"
"Hours Worked","2002","Distribution, Transport, Hotels and Restaurants","Eastern and Midland","Thousand","437302.9695"
"Hours Worked","2002","Distribution, Transport, Hotels and Restaurants","Ireland","Thousand","839820.0397"
"Hours Worked","2002","Information and Communication","Northern and Western","Thousand","12172.47331"
"Hours Worked","2002","Information and Communication","Southern","Thousand","30825.36796"
"Hours Worked","2002","Information and Communication","Eastern and Midland","Thousand","110815.5083"
"Hours Worked","2002","Information and Communication","Ireland","Thousand","153813.3496"
"Hours Worked","2002","Financial and Insurance Activities","Northern and Western","Thousand","11750.93104"
"Hours Worked","2002","Financial and Insurance Activities","Southern","Thousand","25609.49065"
"Hours Worked","2002","Financial and Insurance Activities","Eastern and Midland","Thousand","98393.29723"
"Hours Worked","2002","Financial and Insurance Activities","Ireland","Thousand","135753.7189"
"Hours Worked","2002","Real Estate Activities","Northern and Western","Thousand","2012.464585"
"Hours Worked","2002","Real Estate Activities","Southern","Thousand","3778.270151"
"Hours Worked","2002","Real Estate Activities","Eastern and Midland","Thousand","9173.165192"
"Hours Worked","2002","Real Estate Activities","Ireland","Thousand","14963.89993"
"Hours Worked","2002","Professional, Admin and Support Services","Northern and Western","Thousand","31956.74875"
"Hours Worked","2002","Professional, Admin and Support Services","Southern","Thousand","84818.85575"
"Hours Worked","2002","Professional, Admin and Support Services","Eastern and Midland","Thousand","177914.0134"
"Hours Worked","2002","Professional, Admin and Support Services","Ireland","Thousand","294689.6179"
"Hours Worked","2002","Public Admin, Education and Health","Northern and Western","Thousand","95508.05842"
"Hours Worked","2002","Public Admin, Education and Health","Southern","Thousand","181977.0226"
"Hours Worked","2002","Public Admin, Education and Health","Eastern and Midland","Thousand","289903.2558"
"Hours Worked","2002","Public Admin, Education and Health","Ireland","Thousand","567388.3369"
"Hours Worked","2002","Arts, Entertainment and Other Services","Northern and Western","Thousand","21029.34883"
"Hours Worked","2002","Arts, Entertainment and Other Services","Southern","Thousand","48428.35462"
"Hours Worked","2002","Arts, Entertainment and Other Services","Eastern and Midland","Thousand","76942.29723"
"Hours Worked","2002","Arts, Entertainment and Other Services","Ireland","Thousand","146400.0007"
"Hours Worked","2002","All Sectors","Northern and Western","Thousand","585173.8507"
"Hours Worked","2002","All Sectors","Southern","Thousand","1170593.585"
"Hours Worked","2002","All Sectors","Eastern and Midland","Thousand","1675182.397"
"Hours Worked","2002","All Sectors","Ireland","Thousand","3430949.833"
"Hours Worked","2003","Agriculture, Forestry and Fishing","Northern and Western","Thousand","96701.33502"
"Hours Worked","2003","Agriculture, Forestry and Fishing","Southern","Thousand","155705.6393"
"Hours Worked","2003","Agriculture, Forestry and Fishing","Eastern and Midland","Thousand","66432.76757"
"Hours Worked","2003","Agriculture, Forestry and Fishing","Ireland","Thousand","318839.7419"
"Hours Worked","2003","Industry (excl. Construction)","Northern and Western","Thousand","106013.2011"
"Hours Worked","2003","Industry (excl. Construction)","Southern","Thousand","242199.4811"
"Hours Worked","2003","Industry (excl. Construction)","Eastern and Midland","Thousand","261101.1873"
"Hours Worked","2003","Industry (excl. Construction)","Ireland","Thousand","609313.8696"
"Hours Worked","2003","Industry - of which Manufacturing","Northern and Western","Thousand","96671.87186"
"Hours Worked","2003","Industry - of which Manufacturing","Southern","Thousand","225930.6691"
"Hours Worked","2003","Industry - of which Manufacturing","Eastern and Midland","Thousand","235269.0613"
"Hours Worked","2003","Industry - of which Manufacturing","Ireland","Thousand","557871.6022"
"Hours Worked","2003","Construction","Northern and Western","Thousand","66290.98253"
"Hours Worked","2003","Construction","Southern","Thousand","112803.9576"
"Hours Worked","2003","Construction","Eastern and Midland","Thousand","145448.4918"
"Hours Worked","2003","Construction","Ireland","Thousand","324543.4319"
"Hours Worked","2003","Distribution, Transport, Hotels and Restaurants","Northern and Western","Thousand","137146.5907"
"Hours Worked","2003","Distribution, Transport, Hotels and Restaurants","Southern","Thousand","279039.4693"
"Hours Worked","2003","Distribution, Transport, Hotels and Restaurants","Eastern and Midland","Thousand","424146.4188"
"Hours Worked","2003","Distribution, Transport, Hotels and Restaurants","Ireland","Thousand","840332.4789"
"Hours Worked","2003","Information and Communication","Northern and Western","Thousand","13399.56466"
"Hours Worked","2003","Information and Communication","Southern","Thousand","28770.11957"
"Hours Worked","2003","Information and Communication","Eastern and Midland","Thousand","103408.2565"
"Hours Worked","2003","Information and Communication","Ireland","Thousand","145577.9408"
"Hours Worked","2003","Financial and Insurance Activities","Northern and Western","Thousand","13369.13308"
"Hours Worked","2003","Financial and Insurance Activities","Southern","Thousand","27804.02282"
"Hours Worked","2003","Financial and Insurance Activities","Eastern and Midland","Thousand","102578.2749"
"Hours Worked","2003","Financial and Insurance Activities","Ireland","Thousand","143751.4308"
"Hours Worked","2003","Real Estate Activities","Northern and Western","Thousand","1627.42036"
"Hours Worked","2003","Real Estate Activities","Southern","Thousand","3913.434736"
"Hours Worked","2003","Real Estate Activities","Eastern and Midland","Thousand","8296.287967"
"Hours Worked","2003","Real Estate Activities","Ireland","Thousand","13837.14306"
"Hours Worked","2003","Professional, Admin and Support Services","Northern and Western","Thousand","35053.83462"
"Hours Worked","2003","Professional, Admin and Support Services","Southern","Thousand","83474.96085"
"Hours Worked","2003","Professional, Admin and Support Services","Eastern and Midland","Thousand","184247.323"
"Hours Worked","2003","Professional, Admin and Support Services","Ireland","Thousand","302776.1184"
"Hours Worked","2003","Public Admin, Education and Health","Northern and Western","Thousand","102693.201"
"Hours Worked","2003","Public Admin, Education and Health","Southern","Thousand","185825.951"
"Hours Worked","2003","Public Admin, Education and Health","Eastern and Midland","Thousand","299234.1425"
"Hours Worked","2003","Public Admin, Education and Health","Ireland","Thousand","587753.2945"
"Hours Worked","2003","Arts, Entertainment and Other Services","Northern and Western","Thousand","22667.16717"
"Hours Worked","2003","Arts, Entertainment and Other Services","Southern","Thousand","48227.39012"
"Hours Worked","2003","Arts, Entertainment and Other Services","Eastern and Midland","Thousand","78807.73626"
"Hours Worked","2003","Arts, Entertainment and Other Services","Ireland","Thousand","149702.2935"
"Hours Worked","2003","All Sectors","Northern and Western","Thousand","594962.4302"
"Hours Worked","2003","All Sectors","Southern","Thousand","1167764.426"
"Hours Worked","2003","All Sectors","Eastern and Midland","Thousand","1673700.887"
"Hours Worked","2003","All Sectors","Ireland","Thousand","3436427.743"
"Hours Worked","2004","Agriculture, Forestry and Fishing","Northern and Western","Thousand","97527.18878"
"Hours Worked","2004","Agriculture, Forestry and Fishing","Southern","Thousand","162592.6362"
"Hours Worked","2004","Agriculture, Forestry and Fishing","Eastern and Midland","Thousand","59485.51311"
"Hours Worked","2004","Agriculture, Forestry and Fishing","Ireland","Thousand","319605.3381"
"Hours Worked","2004","Industry (excl. Construction)","Northern and Western","Thousand","106110.1368"
"Hours Worked","2004","Industry (excl. Construction)","Southern","Thousand","236107.4799"
"Hours Worked","2004","Industry (excl. Construction)","Eastern and Midland","Thousand","251480.0326"
"Hours Worked","2004","Industry (excl. Construction)","Ireland","Thousand","593697.6493"
"Hours Worked","2004","Industry - of which Manufacturing","Northern and Western","Thousand","95678.26951"
"Hours Worked","2004","Industry - of which Manufacturing","Southern","Thousand","217145.8461"
"Hours Worked","2004","Industry - of which Manufacturing","Eastern and Midland","Thousand","224481.1005"
"Hours Worked","2004","Industry - of which Manufacturing","Ireland","Thousand","537305.2161"
"Hours Worked","2004","Construction","Northern and Western","Thousand","74721.13808"
"Hours Worked","2004","Construction","Southern","Thousand","131352.1138"
"Hours Worked","2004","Construction","Eastern and Midland","Thousand","152507.1392"
"Hours Worked","2004","Construction","Ireland","Thousand","358580.391"
"Hours Worked","2004","Distribution, Transport, Hotels and Restaurants","Northern and Western","Thousand","139331.4389"
"Hours Worked","2004","Distribution, Transport, Hotels and Restaurants","Southern","Thousand","273825.2555"
"Hours Worked","2004","Distribution, Transport, Hotels and Restaurants","Eastern and Midland","Thousand","435635.5451"
"Hours Worked","2004","Distribution, Transport, Hotels and Restaurants","Ireland","Thousand","848792.2394"
"Hours Worked","2004","Information and Communication","Northern and Western","Thousand","14654.8347"
"Hours Worked","2004","Information and Communication","Southern","Thousand","28593.20936"
"Hours Worked","2004","Information and Communication","Eastern and Midland","Thousand","99048.16661"
"Hours Worked","2004","Information and Communication","Ireland","Thousand","142296.2107"
"Hours Worked","2004","Financial and Insurance Activities","Northern and Western","Thousand","14824.14666"
"Hours Worked","2004","Financial and Insurance Activities","Southern","Thousand","31222.10404"
"Hours Worked","2004","Financial and Insurance Activities","Eastern and Midland","Thousand","110303.6189"
"Hours Worked","2004","Financial and Insurance Activities","Ireland","Thousand","156349.8696"
"Hours Worked","2004","Real Estate Activities","Northern and Western","Thousand","1959.968179"
"Hours Worked","2004","Real Estate Activities","Southern","Thousand","3792.25021"
"Hours Worked","2004","Real Estate Activities","Eastern and Midland","Thousand","5973.840086"
"Hours Worked","2004","Real Estate Activities","Ireland","Thousand","11726.05848"
"Hours Worked","2004","Professional, Admin and Support Services","Northern and Western","Thousand","37795.84618"
"Hours Worked","2004","Professional, Admin and Support Services","Southern","Thousand","98356.70539"
"Hours Worked","2004","Professional, Admin and Support Services","Eastern and Midland","Thousand","193983.4064"
"Hours Worked","2004","Professional, Admin and Support Services","Ireland","Thousand","330135.958"
"Hours Worked","2004","Public Admin, Education and Health","Northern and Western","Thousand","106780.6008"
"Hours Worked","2004","Public Admin, Education and Health","Southern","Thousand","189048.2657"
"Hours Worked","2004","Public Admin, Education and Health","Eastern and Midland","Thousand","300781.8614"
"Hours Worked","2004","Public Admin, Education and Health","Ireland","Thousand","596610.7279"
"Hours Worked","2004","Arts, Entertainment and Other Services","Northern and Western","Thousand","25894.72816"
"Hours Worked","2004","Arts, Entertainment and Other Services","Southern","Thousand","51921.06647"
"Hours Worked","2004","Arts, Entertainment and Other Services","Eastern and Midland","Thousand","85379.4832"
"Hours Worked","2004","Arts, Entertainment and Other Services","Ireland","Thousand","163195.2778"
"Hours Worked","2004","All Sectors","Northern and Western","Thousand","619600.0272"
"Hours Worked","2004","All Sectors","Southern","Thousand","1206811.087"
"Hours Worked","2004","All Sectors","Eastern and Midland","Thousand","1694578.606"
"Hours Worked","2004","All Sectors","Ireland","Thousand","3520989.72"
"Hours Worked","2005","Agriculture, Forestry and Fishing","Northern and Western","Thousand","101247.3735"
"Hours Worked","2005","Agriculture, Forestry and Fishing","Southern","Thousand","153813.4949"
"Hours Worked","2005","Agriculture, Forestry and Fishing","Eastern and Midland","Thousand","60062.39044"
"Hours Worked","2005","Agriculture, Forestry and Fishing","Ireland","Thousand","315123.2589"
"Hours Worked","2005","Industry (excl. Construction)","Northern and Western","Thousand","110148.8265"
"Hours Worked","2005","Industry (excl. Construction)","Southern","Thousand","232808.8652"
"Hours Worked","2005","Industry (excl. Construction)","Eastern and Midland","Thousand","249997.1289"
"Hours Worked","2005","Industry (excl. Construction)","Ireland","Thousand","592954.8205"
"Hours Worked","2005","Industry - of which Manufacturing","Northern and Western","Thousand","98294.46406"
"Hours Worked","2005","Industry - of which Manufacturing","Southern","Thousand","210964.5948"
"Hours Worked","2005","Industry - of which Manufacturing","Eastern and Midland","Thousand","220887.7545"
"Hours Worked","2005","Industry - of which Manufacturing","Ireland","Thousand","530146.8134"
"Hours Worked","2005","Construction","Northern and Western","Thousand","84800.55259"
"Hours Worked","2005","Construction","Southern","Thousand","147240.1837"
"Hours Worked","2005","Construction","Eastern and Midland","Thousand","179155.9505"
"Hours Worked","2005","Construction","Ireland","Thousand","411196.6867"
"Hours Worked","2005","Distribution, Transport, Hotels and Restaurants","Northern and Western","Thousand","144157.4633"
"Hours Worked","2005","Distribution, Transport, Hotels and Restaurants","Southern","Thousand","288295.8627"
"Hours Worked","2005","Distribution, Transport, Hotels and Restaurants","Eastern and Midland","Thousand","447766.6497"
"Hours Worked","2005","Distribution, Transport, Hotels and Restaurants","Ireland","Thousand","880219.9756"
"Hours Worked","2005","Information and Communication","Northern and Western","Thousand","13102.8348"
"Hours Worked","2005","Information and Communication","Southern","Thousand","34538.10689"
"Hours Worked","2005","Information and Communication","Eastern and Midland","Thousand","108251.3701"
"Hours Worked","2005","Information and Communication","Ireland","Thousand","155892.3118"
"Hours Worked","2005","Financial and Insurance Activities","Northern and Western","Thousand","14616.68426"
"Hours Worked","2005","Financial and Insurance Activities","Southern","Thousand","31598.04027"
"Hours Worked","2005","Financial and Insurance Activities","Eastern and Midland","Thousand","115433.4464"
"Hours Worked","2005","Financial and Insurance Activities","Ireland","Thousand","161648.1709"
"Hours Worked","2005","Real Estate Activities","Northern and Western","Thousand","1724.016037"
"Hours Worked","2005","Real Estate Activities","Southern","Thousand","3858.56569"
"Hours Worked","2005","Real Estate Activities","Eastern and Midland","Thousand","9504.967521"
"Hours Worked","2005","Real Estate Activities","Ireland","Thousand","15087.54925"
"Hours Worked","2005","Professional, Admin and Support Services","Northern and Western","Thousand","41197.19361"
"Hours Worked","2005","Professional, Admin and Support Services","Southern","Thousand","111856.5721"
"Hours Worked","2005","Professional, Admin and Support Services","Eastern and Midland","Thousand","204236.6316"
"Hours Worked","2005","Professional, Admin and Support Services","Ireland","Thousand","357290.3973"
"Hours Worked","2005","Public Admin, Education and Health","Northern and Western","Thousand","108510.3498"
"Hours Worked","2005","Public Admin, Education and Health","Southern","Thousand","204459.7563"
"Hours Worked","2005","Public Admin, Education and Health","Eastern and Midland","Thousand","321750.3127"
"Hours Worked","2005","Public Admin, Education and Health","Ireland","Thousand","634720.4187"
"Hours Worked","2005","Arts, Entertainment and Other Services","Northern and Western","Thousand","23237.44426"
"Hours Worked","2005","Arts, Entertainment and Other Services","Southern","Thousand","50664.25182"
"Hours Worked","2005","Arts, Entertainment and Other Services","Eastern and Midland","Thousand","90126.48831"
"Hours Worked","2005","Arts, Entertainment and Other Services","Ireland","Thousand","164028.1844"
"Hours Worked","2005","All Sectors","Northern and Western","Thousand","642742.7386"
"Hours Worked","2005","All Sectors","Southern","Thousand","1259133.699"
"Hours Worked","2005","All Sectors","Eastern and Midland","Thousand","1786285.336"
"Hours Worked","2005","All Sectors","Ireland","Thousand","3688161.774"
"Hours Worked","2006","Agriculture, Forestry and Fishing","Northern and Western","Thousand","91474.56401"
"Hours Worked","2006","Agriculture, Forestry and Fishing","Southern","Thousand","154305.6676"
"Hours Worked","2006","Agriculture, Forestry and Fishing","Eastern and Midland","Thousand","66146.62626"
"Hours Worked","2006","Agriculture, Forestry and Fishing","Ireland","Thousand","311926.8579"
"Hours Worked","2006","Industry (excl. Construction)","Northern and Western","Thousand","103858.0983"
"Hours Worked","2006","Industry (excl. Construction)","Southern","Thousand","236879.9922"
"Hours Worked","2006","Industry (excl. Construction)","Eastern and Midland","Thousand","255821.0109"
"Hours Worked","2006","Industry (excl. Construction)","Ireland","Thousand","596559.1014"
"Hours Worked","2006","Industry - of which Manufacturing","Northern and Western","Thousand","91400.09661"
"Hours Worked","2006","Industry - of which Manufacturing","Southern","Thousand","212137.1964"
"Hours Worked","2006","Industry - of which Manufacturing","Eastern and Midland","Thousand","221878.7641"
"Hours Worked","2006","Industry - of which Manufacturing","Ireland","Thousand","525416.0571"
"Hours Worked","2006","Construction","Northern and Western","Thousand","90683.58898"
"Hours Worked","2006","Construction","Southern","Thousand","165956.3554"
"Hours Worked","2006","Construction","Eastern and Midland","Thousand","199548.0693"
"Hours Worked","2006","Construction","Ireland","Thousand","456188.0137"
"Hours Worked","2006","Distribution, Transport, Hotels and Restaurants","Northern and Western","Thousand","144963.8113"
"Hours Worked","2006","Distribution, Transport, Hotels and Restaurants","Southern","Thousand","299188.281"
"Hours Worked","2006","Distribution, Transport, Hotels and Restaurants","Eastern and Midland","Thousand","461558.7892"
"Hours Worked","2006","Distribution, Transport, Hotels and Restaurants","Ireland","Thousand","905710.8815"
"Hours Worked","2006","Information and Communication","Northern and Western","Thousand","10235.8102"
"Hours Worked","2006","Information and Communication","Southern","Thousand","32558.27634"
"Hours Worked","2006","Information and Communication","Eastern and Midland","Thousand","114460.3827"
"Hours Worked","2006","Information and Communication","Ireland","Thousand","157254.4693"
"Hours Worked","2006","Financial and Insurance Activities","Northern and Western","Thousand","13311.44581"
"Hours Worked","2006","Financial and Insurance Activities","Southern","Thousand","31932.5691"
"Hours Worked","2006","Financial and Insurance Activities","Eastern and Midland","Thousand","120071.9675"
"Hours Worked","2006","Financial and Insurance Activities","Ireland","Thousand","165315.9824"
"Hours Worked","2006","Real Estate Activities","Northern and Western","Thousand","2246.362168"
"Hours Worked","2006","Real Estate Activities","Southern","Thousand","5306.825144"
"Hours Worked","2006","Real Estate Activities","Eastern and Midland","Thousand","11177.24691"
"Hours Worked","2006","Real Estate Activities","Ireland","Thousand","18730.43422"
"Hours Worked","2006","Professional, Admin and Support Services","Northern and Western","Thousand","40598.32153"
"Hours Worked","2006","Professional, Admin and Support Services","Southern","Thousand","113246.9319"
"Hours Worked","2006","Professional, Admin and Support Services","Eastern and Midland","Thousand","215865.6969"
"Hours Worked","2006","Professional, Admin and Support Services","Ireland","Thousand","369710.9503"
"Hours Worked","2006","Public Admin, Education and Health","Northern and Western","Thousand","116967.6647"
"Hours Worked","2006","Public Admin, Education and Health","Southern","Thousand","210039.248"
"Hours Worked","2006","Public Admin, Education and Health","Eastern and Midland","Thousand","333883.2697"
"Hours Worked","2006","Public Admin, Education and Health","Ireland","Thousand","660890.1824"
"Hours Worked","2006","Arts, Entertainment and Other Services","Northern and Western","Thousand","23031.06443"
"Hours Worked","2006","Arts, Entertainment and Other Services","Southern","Thousand","50864.90587"
"Hours Worked","2006","Arts, Entertainment and Other Services","Eastern and Midland","Thousand","93652.99313"
"Hours Worked","2006","Arts, Entertainment and Other Services","Ireland","Thousand","167548.9634"
"Hours Worked","2006","All Sectors","Northern and Western","Thousand","637370.7314"
"Hours Worked","2006","All Sectors","Southern","Thousand","1300279.052"
"Hours Worked","2006","All Sectors","Eastern and Midland","Thousand","1872186.053"
"Hours Worked","2006","All Sectors","Ireland","Thousand","3809835.836"
"Hours Worked","2007","Agriculture, Forestry and Fishing","Northern and Western","Thousand","86930.50035"
"Hours Worked","2007","Agriculture, Forestry and Fishing","Southern","Thousand","150281.9536"
"Hours Worked","2007","Agriculture, Forestry and Fishing","Eastern and Midland","Thousand","68671.3679"
"Hours Worked","2007","Agriculture, Forestry and Fishing","Ireland","Thousand","305883.8219"
"Hours Worked","2007","Industry (excl. Construction)","Northern and Western","Thousand","101659.3468"
"Hours Worked","2007","Industry (excl. Construction)","Southern","Thousand","232389.4634"
"Hours Worked","2007","Industry (excl. Construction)","Eastern and Midland","Thousand","258730.8501"
"Hours Worked","2007","Industry (excl. Construction)","Ireland","Thousand","592779.6603"
"Hours Worked","2007","Industry - of which Manufacturing","Northern and Western","Thousand","90230.90316"
"Hours Worked","2007","Industry - of which Manufacturing","Southern","Thousand","207770.6018"
"Hours Worked","2007","Industry - of which Manufacturing","Eastern and Midland","Thousand","221257.4438"
"Hours Worked","2007","Industry - of which Manufacturing","Ireland","Thousand","519258.9487"
"Hours Worked","2007","Construction","Northern and Western","Thousand","90101.46242"
"Hours Worked","2007","Construction","Southern","Thousand","172084.4338"
"Hours Worked","2007","Construction","Eastern and Midland","Thousand","204069.7946"
"Hours Worked","2007","Construction","Ireland","Thousand","466255.6909"
"Hours Worked","2007","Distribution, Transport, Hotels and Restaurants","Northern and Western","Thousand","151006.0823"
"Hours Worked","2007","Distribution, Transport, Hotels and Restaurants","Southern","Thousand","311756.1194"
"Hours Worked","2007","Distribution, Transport, Hotels and Restaurants","Eastern and Midland","Thousand","489976.4631"
"Hours Worked","2007","Distribution, Transport, Hotels and Restaurants","Ireland","Thousand","952738.6648"
"Hours Worked","2007","Information and Communication","Northern and Western","Thousand","11966.38858"
"Hours Worked","2007","Information and Communication","Southern","Thousand","32173.76086"
"Hours Worked","2007","Information and Communication","Eastern and Midland","Thousand","109370.4652"
"Hours Worked","2007","Information and Communication","Ireland","Thousand","153510.6146"
"Hours Worked","2007","Financial and Insurance Activities","Northern and Western","Thousand","13436.22549"
"Hours Worked","2007","Financial and Insurance Activities","Southern","Thousand","31760.59161"
"Hours Worked","2007","Financial and Insurance Activities","Eastern and Midland","Thousand","126347.6315"
"Hours Worked","2007","Financial and Insurance Activities","Ireland","Thousand","171544.4486"
"Hours Worked","2007","Real Estate Activities","Northern and Western","Thousand","2600.963651"
"Hours Worked","2007","Real Estate Activities","Southern","Thousand","5586.686631"
"Hours Worked","2007","Real Estate Activities","Eastern and Midland","Thousand","12968.54537"
"Hours Worked","2007","Real Estate Activities","Ireland","Thousand","21156.19565"
"Hours Worked","2007","Professional, Admin and Support Services","Northern and Western","Thousand","42044.65351"
"Hours Worked","2007","Professional, Admin and Support Services","Southern","Thousand","118181.1993"
"Hours Worked","2007","Professional, Admin and Support Services","Eastern and Midland","Thousand","240211.9687"
"Hours Worked","2007","Professional, Admin and Support Services","Ireland","Thousand","400437.8215"
"Hours Worked","2007","Public Admin, Education and Health","Northern and Western","Thousand","120309.5074"
"Hours Worked","2007","Public Admin, Education and Health","Southern","Thousand","216562.5438"
"Hours Worked","2007","Public Admin, Education and Health","Eastern and Midland","Thousand","346610.2197"
"Hours Worked","2007","Public Admin, Education and Health","Ireland","Thousand","683482.2709"
"Hours Worked","2007","Arts, Entertainment and Other Services","Northern and Western","Thousand","23811.48341"
"Hours Worked","2007","Arts, Entertainment and Other Services","Southern","Thousand","50999.09677"
"Hours Worked","2007","Arts, Entertainment and Other Services","Eastern and Midland","Thousand","92937.30949"
"Hours Worked","2007","Arts, Entertainment and Other Services","Ireland","Thousand","167747.8897"
"Hours Worked","2007","All Sectors","Northern and Western","Thousand","643866.6139"
"Hours Worked","2007","All Sectors","Southern","Thousand","1321775.849"
"Hours Worked","2007","All Sectors","Eastern and Midland","Thousand","1949894.616"
"Hours Worked","2007","All Sectors","Ireland","Thousand","3915537.079"
"Hours Worked","2008","Agriculture, Forestry and Fishing","Northern and Western","Thousand","90134.13437"
"Hours Worked","2008","Agriculture, Forestry and Fishing","Southern","Thousand","142862.9292"
"Hours Worked","2008","Agriculture, Forestry and Fishing","Eastern and Midland","Thousand","73271.50516"
"Hours Worked","2008","Agriculture, Forestry and Fishing","Ireland","Thousand","306268.5688"
"Hours Worked","2008","Industry (excl. Construction)","Northern and Western","Thousand","90724.00048"
"Hours Worked","2008","Industry (excl. Construction)","Southern","Thousand","226478.8614"
"Hours Worked","2008","Industry (excl. Construction)","Eastern and Midland","Thousand","246627.3707"
"Hours Worked","2008","Industry (excl. Construction)","Ireland","Thousand","563830.2326"
"Hours Worked","2008","Industry - of which Manufacturing","Northern and Western","Thousand","79607.16271"
"Hours Worked","2008","Industry - of which Manufacturing","Southern","Thousand","199993.8918"
"Hours Worked","2008","Industry - of which Manufacturing","Eastern and Midland","Thousand","211545.0296"
"Hours Worked","2008","Industry - of which Manufacturing","Ireland","Thousand","491146.0841"
"Hours Worked","2008","Construction","Northern and Western","Thousand","76286.566"
"Hours Worked","2008","Construction","Southern","Thousand","142260.4568"
"Hours Worked","2008","Construction","Eastern and Midland","Thousand","172852.9683"
"Hours Worked","2008","Construction","Ireland","Thousand","391399.9911"
"Hours Worked","2008","Distribution, Transport, Hotels and Restaurants","Northern and Western","Thousand","144253.1917"
"Hours Worked","2008","Distribution, Transport, Hotels and Restaurants","Southern","Thousand","308207.0218"
"Hours Worked","2008","Distribution, Transport, Hotels and Restaurants","Eastern and Midland","Thousand","478664.9221"
"Hours Worked","2008","Distribution, Transport, Hotels and Restaurants","Ireland","Thousand","931125.1357"
"Hours Worked","2008","Information and Communication","Northern and Western","Thousand","14564.13732"
"Hours Worked","2008","Information and Communication","Southern","Thousand","35114.36827"
"Hours Worked","2008","Information and Communication","Eastern and Midland","Thousand","108996.6266"
"Hours Worked","2008","Information and Communication","Ireland","Thousand","158675.1322"
"Hours Worked","2008","Financial and Insurance Activities","Northern and Western","Thousand","16471.78278"
"Hours Worked","2008","Financial and Insurance Activities","Southern","Thousand","31368.9627"
"Hours Worked","2008","Financial and Insurance Activities","Eastern and Midland","Thousand","127321.3943"
"Hours Worked","2008","Financial and Insurance Activities","Ireland","Thousand","175162.1398"
"Hours Worked","2008","Real Estate Activities","Northern and Western","Thousand","2514.235255"
"Hours Worked","2008","Real Estate Activities","Southern","Thousand","5666.360111"
"Hours Worked","2008","Real Estate Activities","Eastern and Midland","Thousand","11762.78423"
"Hours Worked","2008","Real Estate Activities","Ireland","Thousand","19943.37959"
"Hours Worked","2008","Professional, Admin and Support Services","Northern and Western","Thousand","42021.90152"
"Hours Worked","2008","Professional, Admin and Support Services","Southern","Thousand","112591.4037"
"Hours Worked","2008","Professional, Admin and Support Services","Eastern and Midland","Thousand","233058.0763"
"Hours Worked","2008","Professional, Admin and Support Services","Ireland","Thousand","387671.3815"
"Hours Worked","2008","Public Admin, Education and Health","Northern and Western","Thousand","117826.3349"
"Hours Worked","2008","Public Admin, Education and Health","Southern","Thousand","224136.9519"
"Hours Worked","2008","Public Admin, Education and Health","Eastern and Midland","Thousand","355077.0242"
"Hours Worked","2008","Public Admin, Education and Health","Ireland","Thousand","697040.311"
"Hours Worked","2008","Arts, Entertainment and Other Services","Northern and Western","Thousand","24174.55644"
"Hours Worked","2008","Arts, Entertainment and Other Services","Southern","Thousand","50663.83696"
"Hours Worked","2008","Arts, Entertainment and Other Services","Eastern and Midland","Thousand","95434.17477"
"Hours Worked","2008","Arts, Entertainment and Other Services","Ireland","Thousand","170272.5682"
"Hours Worked","2008","All Sectors","Northern and Western","Thousand","618970.8408"
"Hours Worked","2008","All Sectors","Southern","Thousand","1279351.153"
"Hours Worked","2008","All Sectors","Eastern and Midland","Thousand","1903066.847"
"Hours Worked","2008","All Sectors","Ireland","Thousand","3801388.84"
"Hours Worked","2009","Agriculture, Forestry and Fishing","Northern and Western","Thousand","83546.88922"
"Hours Worked","2009","Agriculture, Forestry and Fishing","Southern","Thousand","143115.4884"
"Hours Worked","2009","Agriculture, Forestry and Fishing","Eastern and Midland","Thousand","60773.7978"
"Hours Worked","2009","Agriculture, Forestry and Fishing","Ireland","Thousand","287436.1754"
"Hours Worked","2009","Industry (excl. Construction)","Northern and Western","Thousand","86771.96481"
"Hours Worked","2009","Industry (excl. Construction)","Southern","Thousand","185703.516"
"Hours Worked","2009","Industry (excl. Construction)","Eastern and Midland","Thousand","205407.6032"
"Hours Worked","2009","Industry (excl. Construction)","Ireland","Thousand","477883.0841"
"Hours Worked","2009","Industry - of which Manufacturing","Northern and Western","Thousand","76697.52307"
"Hours Worked","2009","Industry - of which Manufacturing","Southern","Thousand","166432.0648"
"Hours Worked","2009","Industry - of which Manufacturing","Eastern and Midland","Thousand","175204.0601"
"Hours Worked","2009","Industry - of which Manufacturing","Ireland","Thousand","418333.6479"
"Hours Worked","2009","Construction","Northern and Western","Thousand","47204.50954"
"Hours Worked","2009","Construction","Southern","Thousand","85407.86448"
"Hours Worked","2009","Construction","Eastern and Midland","Thousand","99958.57238"
"Hours Worked","2009","Construction","Ireland","Thousand","232570.9464"
"Hours Worked","2009","Distribution, Transport, Hotels and Restaurants","Northern and Western","Thousand","134025.4432"
"Hours Worked","2009","Distribution, Transport, Hotels and Restaurants","Southern","Thousand","281205.9732"
"Hours Worked","2009","Distribution, Transport, Hotels and Restaurants","Eastern and Midland","Thousand","422470.2551"
"Hours Worked","2009","Distribution, Transport, Hotels and Restaurants","Ireland","Thousand","837701.6715"
"Hours Worked","2009","Information and Communication","Northern and Western","Thousand","18009.43985"
"Hours Worked","2009","Information and Communication","Southern","Thousand","36264.56065"
"Hours Worked","2009","Information and Communication","Eastern and Midland","Thousand","105954.2435"
"Hours Worked","2009","Information and Communication","Ireland","Thousand","160228.244"
"Hours Worked","2009","Financial and Insurance Activities","Northern and Western","Thousand","13503.72051"
"Hours Worked","2009","Financial and Insurance Activities","Southern","Thousand","32118.33461"
"Hours Worked","2009","Financial and Insurance Activities","Eastern and Midland","Thousand","129679.4609"
"Hours Worked","2009","Financial and Insurance Activities","Ireland","Thousand","175301.5161"
"Hours Worked","2009","Real Estate Activities","Northern and Western","Thousand","2165.070957"
"Hours Worked","2009","Real Estate Activities","Southern","Thousand","4358.754293"
"Hours Worked","2009","Real Estate Activities","Eastern and Midland","Thousand","9702.696814"
"Hours Worked","2009","Real Estate Activities","Ireland","Thousand","16226.52206"
"Hours Worked","2009","Professional, Admin and Support Services","Northern and Western","Thousand","37476.158"
"Hours Worked","2009","Professional, Admin and Support Services","Southern","Thousand","99448.90717"
"Hours Worked","2009","Professional, Admin and Support Services","Eastern and Midland","Thousand","194836.5729"
"Hours Worked","2009","Professional, Admin and Support Services","Ireland","Thousand","331761.6381"
"Hours Worked","2009","Public Admin, Education and Health","Northern and Western","Thousand","120486.3599"
"Hours Worked","2009","Public Admin, Education and Health","Southern","Thousand","225538.9733"
"Hours Worked","2009","Public Admin, Education and Health","Eastern and Midland","Thousand","353515.0236"
"Hours Worked","2009","Public Admin, Education and Health","Ireland","Thousand","699540.3568"
"Hours Worked","2009","Arts, Entertainment and Other Services","Northern and Western","Thousand","24153.20174"
"Hours Worked","2009","Arts, Entertainment and Other Services","Southern","Thousand","46470.89066"
"Hours Worked","2009","Arts, Entertainment and Other Services","Eastern and Midland","Thousand","89165.64252"
"Hours Worked","2009","Arts, Entertainment and Other Services","Ireland","Thousand","159789.7349"
"Hours Worked","2009","All Sectors","Northern and Western","Thousand","567342.7577"
"Hours Worked","2009","All Sectors","Southern","Thousand","1139633.263"
"Hours Worked","2009","All Sectors","Eastern and Midland","Thousand","1671463.869"
"Hours Worked","2009","All Sectors","Ireland","Thousand","3378439.889"
"Hours Worked","2010","Agriculture, Forestry and Fishing","Northern and Western","Thousand","83384.16766"
"Hours Worked","2010","Agriculture, Forestry and Fishing","Southern","Thousand","146009.5783"
"Hours Worked","2010","Agriculture, Forestry and Fishing","Eastern and Midland","Thousand","54204.29417"
"Hours Worked","2010","Agriculture, Forestry and Fishing","Ireland","Thousand","283598.0401"
"Hours Worked","2010","Industry (excl. Construction)","Northern and Western","Thousand","90884.22934"
"Hours Worked","2010","Industry (excl. Construction)","Southern","Thousand","171938.1521"
"Hours Worked","2010","Industry (excl. Construction)","Eastern and Midland","Thousand","189654.8423"
"Hours Worked","2010","Industry (excl. Construction)","Ireland","Thousand","452477.2237"
"Hours Worked","2010","Industry - of which Manufacturing","Northern and Western","Thousand","81825.18559"
"Hours Worked","2010","Industry - of which Manufacturing","Southern","Thousand","154812.7277"
"Hours Worked","2010","Industry - of which Manufacturing","Eastern and Midland","Thousand","158325.8513"
"Hours Worked","2010","Industry - of which Manufacturing","Ireland","Thousand","394963.7646"
"Hours Worked","2010","Construction","Northern and Western","Thousand","32855.94521"
"Hours Worked","2010","Construction","Southern","Thousand","63579.34588"
"Hours Worked","2010","Construction","Eastern and Midland","Thousand","74052.72703"
"Hours Worked","2010","Construction","Ireland","Thousand","170488.0181"
"Hours Worked","2010","Distribution, Transport, Hotels and Restaurants","Northern and Western","Thousand","129634.7632"
"Hours Worked","2010","Distribution, Transport, Hotels and Restaurants","Southern","Thousand","274717.415"
"Hours Worked","2010","Distribution, Transport, Hotels and Restaurants","Eastern and Midland","Thousand","408353.0247"
"Hours Worked","2010","Distribution, Transport, Hotels and Restaurants","Ireland","Thousand","812705.2028"
"Hours Worked","2010","Information and Communication","Northern and Western","Thousand","17877.99587"
"Hours Worked","2010","Information and Communication","Southern","Thousand","37871.85667"
"Hours Worked","2010","Information and Communication","Eastern and Midland","Thousand","108011.8567"
"Hours Worked","2010","Information and Communication","Ireland","Thousand","163761.7092"
"Hours Worked","2010","Financial and Insurance Activities","Northern and Western","Thousand","11804.90884"
"Hours Worked","2010","Financial and Insurance Activities","Southern","Thousand","31083.64001"
"Hours Worked","2010","Financial and Insurance Activities","Eastern and Midland","Thousand","124966.9577"
"Hours Worked","2010","Financial and Insurance Activities","Ireland","Thousand","167855.5065"
"Hours Worked","2010","Real Estate Activities","Northern and Western","Thousand","1579.594998"
"Hours Worked","2010","Real Estate Activities","Southern","Thousand","4116.304288"
"Hours Worked","2010","Real Estate Activities","Eastern and Midland","Thousand","10250.9453"
"Hours Worked","2010","Real Estate Activities","Ireland","Thousand","15946.84458"
"Hours Worked","2010","Professional, Admin and Support Services","Northern and Western","Thousand","36833.42946"
"Hours Worked","2010","Professional, Admin and Support Services","Southern","Thousand","92938.19405"
"Hours Worked","2010","Professional, Admin and Support Services","Eastern and Midland","Thousand","183468.3751"
"Hours Worked","2010","Professional, Admin and Support Services","Ireland","Thousand","313239.9986"
"Hours Worked","2010","Public Admin, Education and Health","Northern and Western","Thousand","117425.6657"
"Hours Worked","2010","Public Admin, Education and Health","Southern","Thousand","220563.9548"
"Hours Worked","2010","Public Admin, Education and Health","Eastern and Midland","Thousand","367661.7454"
"Hours Worked","2010","Public Admin, Education and Health","Ireland","Thousand","705651.3659"
"Hours Worked","2010","Arts, Entertainment and Other Services","Northern and Western","Thousand","22224.40929"
"Hours Worked","2010","Arts, Entertainment and Other Services","Southern","Thousand","43088.48395"
"Hours Worked","2010","Arts, Entertainment and Other Services","Eastern and Midland","Thousand","81041.5712"
"Hours Worked","2010","Arts, Entertainment and Other Services","Ireland","Thousand","146354.4644"
"Hours Worked","2010","All Sectors","Northern and Western","Thousand","544505.1095"
"Hours Worked","2010","All Sectors","Southern","Thousand","1085906.925"
"Hours Worked","2010","All Sectors","Eastern and Midland","Thousand","1601666.34"
"Hours Worked","2010","All Sectors","Ireland","Thousand","3232078.374"
"Hours Worked","2011","Agriculture, Forestry and Fishing","Northern and Western","Thousand","85222.68469"
"Hours Worked","2011","Agriculture, Forestry and Fishing","Southern","Thousand","137484.1565"
"Hours Worked","2011","Agriculture, Forestry and Fishing","Eastern and Midland","Thousand","53089.71487"
"Hours Worked","2011","Agriculture, Forestry and Fishing","Ireland","Thousand","275796.556"
"Hours Worked","2011","Industry (excl. Construction)","Northern and Western","Thousand","86807.87579"
"Hours Worked","2011","Industry (excl. Construction)","Southern","Thousand","179293.4121"
"Hours Worked","2011","Industry (excl. Construction)","Eastern and Midland","Thousand","177887.8557"
"Hours Worked","2011","Industry (excl. Construction)","Ireland","Thousand","443989.1437"
"Hours Worked","2011","Industry - of which Manufacturing","Northern and Western","Thousand","78901.66527"
"Hours Worked","2011","Industry - of which Manufacturing","Southern","Thousand","160687.3028"
"Hours Worked","2011","Industry - of which Manufacturing","Eastern and Midland","Thousand","153723.3228"
"Hours Worked","2011","Industry - of which Manufacturing","Ireland","Thousand","393312.2909"
"Hours Worked","2011","Construction","Northern and Western","Thousand","29350.23424"
"Hours Worked","2011","Construction","Southern","Thousand","56961.25042"
"Hours Worked","2011","Construction","Eastern and Midland","Thousand","66932.6038"
"Hours Worked","2011","Construction","Ireland","Thousand","153244.0885"
"Hours Worked","2011","Distribution, Transport, Hotels and Restaurants","Northern and Western","Thousand","120241.1668"
"Hours Worked","2011","Distribution, Transport, Hotels and Restaurants","Southern","Thousand","266348.9782"
"Hours Worked","2011","Distribution, Transport, Hotels and Restaurants","Eastern and Midland","Thousand","403827.7644"
"Hours Worked","2011","Distribution, Transport, Hotels and Restaurants","Ireland","Thousand","790417.9095"
"Hours Worked","2011","Information and Communication","Northern and Western","Thousand","16831.82254"
"Hours Worked","2011","Information and Communication","Southern","Thousand","38666.8834"
"Hours Worked","2011","Information and Communication","Eastern and Midland","Thousand","110760.1251"
"Hours Worked","2011","Information and Communication","Ireland","Thousand","166258.831"
"Hours Worked","2011","Financial and Insurance Activities","Northern and Western","Thousand","13243.7193"
"Hours Worked","2011","Financial and Insurance Activities","Southern","Thousand","29282.87652"
"Hours Worked","2011","Financial and Insurance Activities","Eastern and Midland","Thousand","123621.2882"
"Hours Worked","2011","Financial and Insurance Activities","Ireland","Thousand","166147.884"
"Hours Worked","2011","Real Estate Activities","Northern and Western","Thousand","1455.912464"
"Hours Worked","2011","Real Estate Activities","Southern","Thousand","4375.633347"
"Hours Worked","2011","Real Estate Activities","Eastern and Midland","Thousand","10846.83309"
"Hours Worked","2011","Real Estate Activities","Ireland","Thousand","16678.3789"
"Hours Worked","2011","Professional, Admin and Support Services","Northern and Western","Thousand","37315.64382"
"Hours Worked","2011","Professional, Admin and Support Services","Southern","Thousand","91392.57864"
"Hours Worked","2011","Professional, Admin and Support Services","Eastern and Midland","Thousand","189768.9563"
"Hours Worked","2011","Professional, Admin and Support Services","Ireland","Thousand","318477.1788"
"Hours Worked","2011","Public Admin, Education and Health","Northern and Western","Thousand","113067.6636"
"Hours Worked","2011","Public Admin, Education and Health","Southern","Thousand","221568.0674"
"Hours Worked","2011","Public Admin, Education and Health","Eastern and Midland","Thousand","360831.2681"
"Hours Worked","2011","Public Admin, Education and Health","Ireland","Thousand","695466.9991"
"Hours Worked","2011","Arts, Entertainment and Other Services","Northern and Western","Thousand","20359.25989"
"Hours Worked","2011","Arts, Entertainment and Other Services","Southern","Thousand","44653.03567"
"Hours Worked","2011","Arts, Entertainment and Other Services","Eastern and Midland","Thousand","83096.8605"
"Hours Worked","2011","Arts, Entertainment and Other Services","Ireland","Thousand","148109.1561"
"Hours Worked","2011","All Sectors","Northern and Western","Thousand","523895.9832"
"Hours Worked","2011","All Sectors","Southern","Thousand","1070026.872"
"Hours Worked","2011","All Sectors","Eastern and Midland","Thousand","1580663.27"
"Hours Worked","2011","All Sectors","Ireland","Thousand","3174586.125"
"Hours Worked","2012","Agriculture, Forestry and Fishing","Northern and Western","Thousand","87790.233"
"Hours Worked","2012","Agriculture, Forestry and Fishing","Southern","Thousand","134732.2906"
"Hours Worked","2012","Agriculture, Forestry and Fishing","Eastern and Midland","Thousand","52136.21551"
"Hours Worked","2012","Agriculture, Forestry and Fishing","Ireland","Thousand","274658.7391"
"Hours Worked","2012","Industry (excl. Construction)","Northern and Western","Thousand","86117.79844"
"Hours Worked","2012","Industry (excl. Construction)","Southern","Thousand","179207.8776"
"Hours Worked","2012","Industry (excl. Construction)","Eastern and Midland","Thousand","168086.9593"
"Hours Worked","2012","Industry (excl. Construction)","Ireland","Thousand","433412.6353"
"Hours Worked","2012","Industry - of which Manufacturing","Northern and Western","Thousand","78809.09429"
"Hours Worked","2012","Industry - of which Manufacturing","Southern","Thousand","161695.0637"
"Hours Worked","2012","Industry - of which Manufacturing","Eastern and Midland","Thousand","146321.8703"
"Hours Worked","2012","Industry - of which Manufacturing","Ireland","Thousand","386826.0283"
"Hours Worked","2012","Construction","Northern and Western","Thousand","25556.98181"
"Hours Worked","2012","Construction","Southern","Thousand","54413.69858"
"Hours Worked","2012","Construction","Eastern and Midland","Thousand","61298.41849"
"Hours Worked","2012","Construction","Ireland","Thousand","141269.0989"
"Hours Worked","2012","Distribution, Transport, Hotels and Restaurants","Northern and Western","Thousand","118621.4628"
"Hours Worked","2012","Distribution, Transport, Hotels and Restaurants","Southern","Thousand","268822.2417"
"Hours Worked","2012","Distribution, Transport, Hotels and Restaurants","Eastern and Midland","Thousand","394303.1836"
"Hours Worked","2012","Distribution, Transport, Hotels and Restaurants","Ireland","Thousand","781746.8881"
"Hours Worked","2012","Information and Communication","Northern and Western","Thousand","16549.76969"
"Hours Worked","2012","Information and Communication","Southern","Thousand","37071.47697"
"Hours Worked","2012","Information and Communication","Eastern and Midland","Thousand","120625.7657"
"Hours Worked","2012","Information and Communication","Ireland","Thousand","174247.0124"
"Hours Worked","2012","Financial and Insurance Activities","Northern and Western","Thousand","12389.03449"
"Hours Worked","2012","Financial and Insurance Activities","Southern","Thousand","29536.16519"
"Hours Worked","2012","Financial and Insurance Activities","Eastern and Midland","Thousand","119726.295"
"Hours Worked","2012","Financial and Insurance Activities","Ireland","Thousand","161651.4946"
"Hours Worked","2012","Real Estate Activities","Northern and Western","Thousand","2730.102852"
"Hours Worked","2012","Real Estate Activities","Southern","Thousand","3910.226826"
"Hours Worked","2012","Real Estate Activities","Eastern and Midland","Thousand","11436.71005"
"Hours Worked","2012","Real Estate Activities","Ireland","Thousand","18077.03973"
"Hours Worked","2012","Professional, Admin and Support Services","Northern and Western","Thousand","34976.35129"
"Hours Worked","2012","Professional, Admin and Support Services","Southern","Thousand","86837.33672"
"Hours Worked","2012","Professional, Admin and Support Services","Eastern and Midland","Thousand","191806.9266"
"Hours Worked","2012","Professional, Admin and Support Services","Ireland","Thousand","313620.6146"
"Hours Worked","2012","Public Admin, Education and Health","Northern and Western","Thousand","118785.9371"
"Hours Worked","2012","Public Admin, Education and Health","Southern","Thousand","218048.1327"
"Hours Worked","2012","Public Admin, Education and Health","Eastern and Midland","Thousand","364644.7489"
"Hours Worked","2012","Public Admin, Education and Health","Ireland","Thousand","701478.8188"
"Hours Worked","2012","Arts, Entertainment and Other Services","Northern and Western","Thousand","22190.25534"
"Hours Worked","2012","Arts, Entertainment and Other Services","Southern","Thousand","41406.06833"
"Hours Worked","2012","Arts, Entertainment and Other Services","Eastern and Midland","Thousand","87961.86635"
"Hours Worked","2012","Arts, Entertainment and Other Services","Ireland","Thousand","151558.19"
"Hours Worked","2012","All Sectors","Northern and Western","Thousand","525707.9268"
"Hours Worked","2012","All Sectors","Southern","Thousand","1053985.515"
"Hours Worked","2012","All Sectors","Eastern and Midland","Thousand","1572027.089"
"Hours Worked","2012","All Sectors","Ireland","Thousand","3151720.532"
"Hours Worked","2013","Agriculture, Forestry and Fishing","Northern and Western","Thousand","89198.86228"
"Hours Worked","2013","Agriculture, Forestry and Fishing","Southern","Thousand","144513.7433"
"Hours Worked","2013","Agriculture, Forestry and Fishing","Eastern and Midland","Thousand","54303.53024"
"Hours Worked","2013","Agriculture, Forestry and Fishing","Ireland","Thousand","288016.1358"
"Hours Worked","2013","Industry (excl. Construction)","Northern and Western","Thousand","91832.12857"
"Hours Worked","2013","Industry (excl. Construction)","Southern","Thousand","189477.7924"
"Hours Worked","2013","Industry (excl. Construction)","Eastern and Midland","Thousand","171225.9634"
"Hours Worked","2013","Industry (excl. Construction)","Ireland","Thousand","452535.8843"
"Hours Worked","2013","Industry - of which Manufacturing","Northern and Western","Thousand","82557.13812"
"Hours Worked","2013","Industry - of which Manufacturing","Southern","Thousand","170622.604"
"Hours Worked","2013","Industry - of which Manufacturing","Eastern and Midland","Thousand","146707.3002"
"Hours Worked","2013","Industry - of which Manufacturing","Ireland","Thousand","399887.0423"
"Hours Worked","2013","Construction","Northern and Western","Thousand","28593.41202"
"Hours Worked","2013","Construction","Southern","Thousand","55595.84364"
"Hours Worked","2013","Construction","Eastern and Midland","Thousand","64024.54304"
"Hours Worked","2013","Construction","Ireland","Thousand","148213.7987"
"Hours Worked","2013","Distribution, Transport, Hotels and Restaurants","Northern and Western","Thousand","130600.5234"
"Hours Worked","2013","Distribution, Transport, Hotels and Restaurants","Southern","Thousand","266847.823"
"Hours Worked","2013","Distribution, Transport, Hotels and Restaurants","Eastern and Midland","Thousand","420679.6441"
"Hours Worked","2013","Distribution, Transport, Hotels and Restaurants","Ireland","Thousand","818127.9906"
"Hours Worked","2013","Information and Communication","Northern and Western","Thousand","19874.40196"
"Hours Worked","2013","Information and Communication","Southern","Thousand","35040.10944"
"Hours Worked","2013","Information and Communication","Eastern and Midland","Thousand","124428.758"
"Hours Worked","2013","Information and Communication","Ireland","Thousand","179343.2694"
"Hours Worked","2013","Financial and Insurance Activities","Northern and Western","Thousand","14075.35669"
"Hours Worked","2013","Financial and Insurance Activities","Southern","Thousand","30247.28719"
"Hours Worked","2013","Financial and Insurance Activities","Eastern and Midland","Thousand","122052.7195"
"Hours Worked","2013","Financial and Insurance Activities","Ireland","Thousand","166375.3634"
"Hours Worked","2013","Real Estate Activities","Northern and Western","Thousand","1642.184733"
"Hours Worked","2013","Real Estate Activities","Southern","Thousand","3514.839126"
"Hours Worked","2013","Real Estate Activities","Eastern and Midland","Thousand","9955.913751"
"Hours Worked","2013","Real Estate Activities","Ireland","Thousand","15112.93761"
"Hours Worked","2013","Professional, Admin and Support Services","Northern and Western","Thousand","38693.53949"
"Hours Worked","2013","Professional, Admin and Support Services","Southern","Thousand","91594.22783"
"Hours Worked","2013","Professional, Admin and Support Services","Eastern and Midland","Thousand","204612.0883"
"Hours Worked","2013","Professional, Admin and Support Services","Ireland","Thousand","334899.8557"
"Hours Worked","2013","Public Admin, Education and Health","Northern and Western","Thousand","121184.2076"
"Hours Worked","2013","Public Admin, Education and Health","Southern","Thousand","226060.4687"
"Hours Worked","2013","Public Admin, Education and Health","Eastern and Midland","Thousand","375070.7357"
"Hours Worked","2013","Public Admin, Education and Health","Ireland","Thousand","722315.412"
"Hours Worked","2013","Arts, Entertainment and Other Services","Northern and Western","Thousand","22586.47725"
"Hours Worked","2013","Arts, Entertainment and Other Services","Southern","Thousand","47947.83212"
"Hours Worked","2013","Arts, Entertainment and Other Services","Eastern and Midland","Thousand","84383.94228"
"Hours Worked","2013","Arts, Entertainment and Other Services","Ireland","Thousand","154918.2516"
"Hours Worked","2013","All Sectors","Northern and Western","Thousand","558281.094"
"Hours Worked","2013","All Sectors","Southern","Thousand","1090839.967"
"Hours Worked","2013","All Sectors","Eastern and Midland","Thousand","1630737.838"
"Hours Worked","2013","All Sectors","Ireland","Thousand","3279858.899"
"Hours Worked","2014","Agriculture, Forestry and Fishing","Northern and Western","Thousand","84626.08751"
"Hours Worked","2014","Agriculture, Forestry and Fishing","Southern","Thousand","144960.943"
"Hours Worked","2014","Agriculture, Forestry and Fishing","Eastern and Midland","Thousand","50246.88821"
"Hours Worked","2014","Agriculture, Forestry and Fishing","Ireland","Thousand","279833.9188"
"Hours Worked","2014","Industry (excl. Construction)","Northern and Western","Thousand","93695.96426"
"Hours Worked","2014","Industry (excl. Construction)","Southern","Thousand","182818.1045"
"Hours Worked","2014","Industry (excl. Construction)","Eastern and Midland","Thousand","187452.3297"
"Hours Worked","2014","Industry (excl. Construction)","Ireland","Thousand","463966.3984"
"Hours Worked","2014","Industry - of which Manufacturing","Northern and Western","Thousand","84857.17237"
"Hours Worked","2014","Industry - of which Manufacturing","Southern","Thousand","163120.1291"
"Hours Worked","2014","Industry - of which Manufacturing","Eastern and Midland","Thousand","161940.3458"
"Hours Worked","2014","Industry - of which Manufacturing","Ireland","Thousand","409917.6472"
"Hours Worked","2014","Construction","Northern and Western","Thousand","28709.45125"
"Hours Worked","2014","Construction","Southern","Thousand","63655.80245"
"Hours Worked","2014","Construction","Eastern and Midland","Thousand","74401.46842"
"Hours Worked","2014","Construction","Ireland","Thousand","166766.7221"
"Hours Worked","2014","Distribution, Transport, Hotels and Restaurants","Northern and Western","Thousand","134845.4416"
"Hours Worked","2014","Distribution, Transport, Hotels and Restaurants","Southern","Thousand","279012.7385"
"Hours Worked","2014","Distribution, Transport, Hotels and Restaurants","Eastern and Midland","Thousand","431908.7433"
"Hours Worked","2014","Distribution, Transport, Hotels and Restaurants","Ireland","Thousand","845766.9234"
"Hours Worked","2014","Information and Communication","Northern and Western","Thousand","17230.26096"
"Hours Worked","2014","Information and Communication","Southern","Thousand","38106.15222"
"Hours Worked","2014","Information and Communication","Eastern and Midland","Thousand","129367.8247"
"Hours Worked","2014","Information and Communication","Ireland","Thousand","184704.2378"
"Hours Worked","2014","Financial and Insurance Activities","Northern and Western","Thousand","12998.33402"
"Hours Worked","2014","Financial and Insurance Activities","Southern","Thousand","29418.49086"
"Hours Worked","2014","Financial and Insurance Activities","Eastern and Midland","Thousand","124032.1147"
"Hours Worked","2014","Financial and Insurance Activities","Ireland","Thousand","166448.9396"
"Hours Worked","2014","Real Estate Activities","Northern and Western","Thousand","1356.084236"
"Hours Worked","2014","Real Estate Activities","Southern","Thousand","3693.195189"
"Hours Worked","2014","Real Estate Activities","Eastern and Midland","Thousand","12523.16815"
"Hours Worked","2014","Real Estate Activities","Ireland","Thousand","17572.44758"
"Hours Worked","2014","Professional, Admin and Support Services","Northern and Western","Thousand","41054.26588"
"Hours Worked","2014","Professional, Admin and Support Services","Southern","Thousand","99361.42795"
"Hours Worked","2014","Professional, Admin and Support Services","Eastern and Midland","Thousand","222238.455"
"Hours Worked","2014","Professional, Admin and Support Services","Ireland","Thousand","362654.1489"
"Hours Worked","2014","Public Admin, Education and Health","Northern and Western","Thousand","127432.0439"
"Hours Worked","2014","Public Admin, Education and Health","Southern","Thousand","227723.4627"
"Hours Worked","2014","Public Admin, Education and Health","Eastern and Midland","Thousand","391088.2956"
"Hours Worked","2014","Public Admin, Education and Health","Ireland","Thousand","746243.8022"
"Hours Worked","2014","Arts, Entertainment and Other Services","Northern and Western","Thousand","22663.42989"
"Hours Worked","2014","Arts, Entertainment and Other Services","Southern","Thousand","45706.28048"
"Hours Worked","2014","Arts, Entertainment and Other Services","Eastern and Midland","Thousand","85351.94519"
"Hours Worked","2014","Arts, Entertainment and Other Services","Ireland","Thousand","153721.6556"
"Hours Worked","2014","All Sectors","Northern and Western","Thousand","564611.3635"
"Hours Worked","2014","All Sectors","Southern","Thousand","1114456.598"
"Hours Worked","2014","All Sectors","Eastern and Midland","Thousand","1708611.233"
"Hours Worked","2014","All Sectors","Ireland","Thousand","3387679.194"
"Hours Worked","2015","Agriculture, Forestry and Fishing","Northern and Western","Thousand","91954.54333"
"Hours Worked","2015","Agriculture, Forestry and Fishing","Southern","Thousand","135209.0574"
"Hours Worked","2015","Agriculture, Forestry and Fishing","Eastern and Midland","Thousand","58967.39897"
"Hours Worked","2015","Agriculture, Forestry and Fishing","Ireland","Thousand","286130.9997"
"Hours Worked","2015","Industry (excl. Construction)","Northern and Western","Thousand","97308.74341"
"Hours Worked","2015","Industry (excl. Construction)","Southern","Thousand","191218.8881"
"Hours Worked","2015","Industry (excl. Construction)","Eastern and Midland","Thousand","193756.9172"
"Hours Worked","2015","Industry (excl. Construction)","Ireland","Thousand","482284.5488"
"Hours Worked","2015","Industry - of which Manufacturing","Northern and Western","Thousand","87557.35367"
"Hours Worked","2015","Industry - of which Manufacturing","Southern","Thousand","174789.5166"
"Hours Worked","2015","Industry - of which Manufacturing","Eastern and Midland","Thousand","166427.4439"
"Hours Worked","2015","Industry - of which Manufacturing","Ireland","Thousand","428774.3142"
"Hours Worked","2015","Construction","Northern and Western","Thousand","39663.47809"
"Hours Worked","2015","Construction","Southern","Thousand","71583.30436"
"Hours Worked","2015","Construction","Eastern and Midland","Thousand","87118.32489"
"Hours Worked","2015","Construction","Ireland","Thousand","198365.1073"
"Hours Worked","2015","Distribution, Transport, Hotels and Restaurants","Northern and Western","Thousand","131057.2187"
"Hours Worked","2015","Distribution, Transport, Hotels and Restaurants","Southern","Thousand","278985.9522"
"Hours Worked","2015","Distribution, Transport, Hotels and Restaurants","Eastern and Midland","Thousand","452877.7891"
"Hours Worked","2015","Distribution, Transport, Hotels and Restaurants","Ireland","Thousand","862920.9601"
"Hours Worked","2015","Information and Communication","Northern and Western","Thousand","18544.88072"
"Hours Worked","2015","Information and Communication","Southern","Thousand","39593.85633"
"Hours Worked","2015","Information and Communication","Eastern and Midland","Thousand","133602.8839"
"Hours Worked","2015","Information and Communication","Ireland","Thousand","191741.621"
"Hours Worked","2015","Financial and Insurance Activities","Northern and Western","Thousand","12337.04642"
"Hours Worked","2015","Financial and Insurance Activities","Southern","Thousand","30469.19719"
"Hours Worked","2015","Financial and Insurance Activities","Eastern and Midland","Thousand","125953.7959"
"Hours Worked","2015","Financial and Insurance Activities","Ireland","Thousand","168760.0396"
"Hours Worked","2015","Real Estate Activities","Northern and Western","Thousand","1929.224568"
"Hours Worked","2015","Real Estate Activities","Southern","Thousand","4454.461817"
"Hours Worked","2015","Real Estate Activities","Eastern and Midland","Thousand","13502.22576"
"Hours Worked","2015","Real Estate Activities","Ireland","Thousand","19885.91214"
"Hours Worked","2015","Professional, Admin and Support Services","Northern and Western","Thousand","39478.31545"
"Hours Worked","2015","Professional, Admin and Support Services","Southern","Thousand","104606.4135"
"Hours Worked","2015","Professional, Admin and Support Services","Eastern and Midland","Thousand","221935.855"
"Hours Worked","2015","Professional, Admin and Support Services","Ireland","Thousand","366020.5839"
"Hours Worked","2015","Public Admin, Education and Health","Northern and Western","Thousand","126579.9445"
"Hours Worked","2015","Public Admin, Education and Health","Southern","Thousand","235641.9543"
"Hours Worked","2015","Public Admin, Education and Health","Eastern and Midland","Thousand","388303.8511"
"Hours Worked","2015","Public Admin, Education and Health","Ireland","Thousand","750525.75"
"Hours Worked","2015","Arts, Entertainment and Other Services","Northern and Western","Thousand","22480.65476"
"Hours Worked","2015","Arts, Entertainment and Other Services","Southern","Thousand","45419.59105"
"Hours Worked","2015","Arts, Entertainment and Other Services","Eastern and Midland","Thousand","94976.35206"
"Hours Worked","2015","Arts, Entertainment and Other Services","Ireland","Thousand","162876.5979"
"Hours Worked","2015","All Sectors","Northern and Western","Thousand","581334.05"
"Hours Worked","2015","All Sectors","Southern","Thousand","1137182.676"
"Hours Worked","2015","All Sectors","Eastern and Midland","Thousand","1770995.394"
"Hours Worked","2015","All Sectors","Ireland","Thousand","3489512.12"
"Hours Worked","2016","Agriculture, Forestry and Fishing","Northern and Western","Thousand","100309.2985"
"Hours Worked","2016","Agriculture, Forestry and Fishing","Southern","Thousand","135192.4407"
"Hours Worked","2016","Agriculture, Forestry and Fishing","Eastern and Midland","Thousand","58961.02103"
"Hours Worked","2016","Agriculture, Forestry and Fishing","Ireland","Thousand","294462.7602"
"Hours Worked","2016","Industry (excl. Construction)","Northern and Western","Thousand","100190.5971"
"Hours Worked","2016","Industry (excl. Construction)","Southern","Thousand","199883.1029"
"Hours Worked","2016","Industry (excl. Construction)","Eastern and Midland","Thousand","219251.9771"
"Hours Worked","2016","Industry (excl. Construction)","Ireland","Thousand","519325.6772"
"Hours Worked","2016","Industry - of which Manufacturing","Northern and Western","Thousand","91433.62798"
"Hours Worked","2016","Industry - of which Manufacturing","Southern","Thousand","185977.5917"
"Hours Worked","2016","Industry - of which Manufacturing","Eastern and Midland","Thousand","189836.68"
"Hours Worked","2016","Industry - of which Manufacturing","Ireland","Thousand","467247.8997"
"Hours Worked","2016","Construction","Northern and Western","Thousand","42043.6719"
"Hours Worked","2016","Construction","Southern","Thousand","82821.87141"
"Hours Worked","2016","Construction","Eastern and Midland","Thousand","100142.9353"
"Hours Worked","2016","Construction","Ireland","Thousand","225008.4786"
"Hours Worked","2016","Distribution, Transport, Hotels and Restaurants","Northern and Western","Thousand","152230.2418"
"Hours Worked","2016","Distribution, Transport, Hotels and Restaurants","Southern","Thousand","288179.2499"
"Hours Worked","2016","Distribution, Transport, Hotels and Restaurants","Eastern and Midland","Thousand","458410.0675"
"Hours Worked","2016","Distribution, Transport, Hotels and Restaurants","Ireland","Thousand","898819.5592"
"Hours Worked","2016","Information and Communication","Northern and Western","Thousand","16905.36433"
"Hours Worked","2016","Information and Communication","Southern","Thousand","40915.85518"
"Hours Worked","2016","Information and Communication","Eastern and Midland","Thousand","143158.8106"
"Hours Worked","2016","Information and Communication","Ireland","Thousand","200980.0301"
"Hours Worked","2016","Financial and Insurance Activities","Northern and Western","Thousand","13738.25953"
"Hours Worked","2016","Financial and Insurance Activities","Southern","Thousand","30788.57583"
"Hours Worked","2016","Financial and Insurance Activities","Eastern and Midland","Thousand","132489.8647"
"Hours Worked","2016","Financial and Insurance Activities","Ireland","Thousand","177016.7"
"Hours Worked","2016","Real Estate Activities","Northern and Western","Thousand","2443.172443"
"Hours Worked","2016","Real Estate Activities","Southern","Thousand","3568.722713"
"Hours Worked","2016","Real Estate Activities","Eastern and Midland","Thousand","14143.91897"
"Hours Worked","2016","Real Estate Activities","Ireland","Thousand","20155.81412"
"Hours Worked","2016","Professional, Admin and Support Services","Northern and Western","Thousand","41352.65059"
"Hours Worked","2016","Professional, Admin and Support Services","Southern","Thousand","113944.6696"
"Hours Worked","2016","Professional, Admin and Support Services","Eastern and Midland","Thousand","232178.7679"
"Hours Worked","2016","Professional, Admin and Support Services","Ireland","Thousand","387476.0881"
"Hours Worked","2016","Public Admin, Education and Health","Northern and Western","Thousand","124961.108"
"Hours Worked","2016","Public Admin, Education and Health","Southern","Thousand","244872.1277"
"Hours Worked","2016","Public Admin, Education and Health","Eastern and Midland","Thousand","401877.3443"
"Hours Worked","2016","Public Admin, Education and Health","Ireland","Thousand","771710.58"
"Hours Worked","2016","Arts, Entertainment and Other Services","Northern and Western","Thousand","24824.43663"
"Hours Worked","2016","Arts, Entertainment and Other Services","Southern","Thousand","52296.17445"
"Hours Worked","2016","Arts, Entertainment and Other Services","Eastern and Midland","Thousand","99702.44271"
"Hours Worked","2016","Arts, Entertainment and Other Services","Ireland","Thousand","176823.0538"
"Hours Worked","2016","All Sectors","Northern and Western","Thousand","618998.8009"
"Hours Worked","2016","All Sectors","Southern","Thousand","1192462.79"
"Hours Worked","2016","All Sectors","Eastern and Midland","Thousand","1860317.15"
"Hours Worked","2016","All Sectors","Ireland","Thousand","3671778.741"
"Hours Worked","2017","Agriculture, Forestry and Fishing","Northern and Western","Thousand","93353.98614"
"Hours Worked","2017","Agriculture, Forestry and Fishing","Southern","Thousand","138527.8164"
"Hours Worked","2017","Agriculture, Forestry and Fishing","Eastern and Midland","Thousand","59662.15613"
"Hours Worked","2017","Agriculture, Forestry and Fishing","Ireland","Thousand","291543.9587"
"Hours Worked","2017","Industry (excl. Construction)","Northern and Western","Thousand","112085.7049"
"Hours Worked","2017","Industry (excl. Construction)","Southern","Thousand","215391.8702"
"Hours Worked","2017","Industry (excl. Construction)","Eastern and Midland","Thousand","215230.624"
"Hours Worked","2017","Industry (excl. Construction)","Ireland","Thousand","542708.1991"
"Hours Worked","2017","Industry - of which Manufacturing","Northern and Western","Thousand","101764.1507"
"Hours Worked","2017","Industry - of which Manufacturing","Southern","Thousand","197388.2143"
"Hours Worked","2017","Industry - of which Manufacturing","Eastern and Midland","Thousand","181127.5628"
"Hours Worked","2017","Industry - of which Manufacturing","Ireland","Thousand","480279.9279"
"Hours Worked","2017","Construction","Northern and Western","Thousand","45734.31134"
"Hours Worked","2017","Construction","Southern","Thousand","85940.37422"
"Hours Worked","2017","Construction","Eastern and Midland","Thousand","120457.4622"
"Hours Worked","2017","Construction","Ireland","Thousand","252132.1478"
"Hours Worked","2017","Distribution, Transport, Hotels and Restaurants","Northern and Western","Thousand","150239.4516"
"Hours Worked","2017","Distribution, Transport, Hotels and Restaurants","Southern","Thousand","301359.8542"
"Hours Worked","2017","Distribution, Transport, Hotels and Restaurants","Eastern and Midland","Thousand","478540.7237"
"Hours Worked","2017","Distribution, Transport, Hotels and Restaurants","Ireland","Thousand","930140.0295"
"Hours Worked","2017","Information and Communication","Northern and Western","Thousand","19823.4833"
"Hours Worked","2017","Information and Communication","Southern","Thousand","41089.73808"
"Hours Worked","2017","Information and Communication","Eastern and Midland","Thousand","158769.8855"
"Hours Worked","2017","Information and Communication","Ireland","Thousand","219683.1069"
"Hours Worked","2017","Financial and Insurance Activities","Northern and Western","Thousand","13944.71007"
"Hours Worked","2017","Financial and Insurance Activities","Southern","Thousand","29048.86509"
"Hours Worked","2017","Financial and Insurance Activities","Eastern and Midland","Thousand","135330.253"
"Hours Worked","2017","Financial and Insurance Activities","Ireland","Thousand","178323.8281"
"Hours Worked","2017","Real Estate Activities","Northern and Western","Thousand","2118.547181"
"Hours Worked","2017","Real Estate Activities","Southern","Thousand","5406.305188"
"Hours Worked","2017","Real Estate Activities","Eastern and Midland","Thousand","11616.90323"
"Hours Worked","2017","Real Estate Activities","Ireland","Thousand","19141.7556"
"Hours Worked","2017","Professional, Admin and Support Services","Northern and Western","Thousand","45726.23527"
"Hours Worked","2017","Professional, Admin and Support Services","Southern","Thousand","114860.5515"
"Hours Worked","2017","Professional, Admin and Support Services","Eastern and Midland","Thousand","244153.8322"
"Hours Worked","2017","Professional, Admin and Support Services","Ireland","Thousand","404740.6189"
"Hours Worked","2017","Public Admin, Education and Health","Northern and Western","Thousand","140844.3629"
"Hours Worked","2017","Public Admin, Education and Health","Southern","Thousand","252107.2924"
"Hours Worked","2017","Public Admin, Education and Health","Eastern and Midland","Thousand","427226.5487"
"Hours Worked","2017","Public Admin, Education and Health","Ireland","Thousand","820178.204"
"Hours Worked","2017","Arts, Entertainment and Other Services","Northern and Western","Thousand","26452.90664"
"Hours Worked","2017","Arts, Entertainment and Other Services","Southern","Thousand","55026.5161"
"Hours Worked","2017","Arts, Entertainment and Other Services","Eastern and Midland","Thousand","96031.4776"
"Hours Worked","2017","Arts, Entertainment and Other Services","Ireland","Thousand","177510.9003"
"Hours Worked","2017","All Sectors","Northern and Western","Thousand","650323.6994"
"Hours Worked","2017","All Sectors","Southern","Thousand","1238759.183"
"Hours Worked","2017","All Sectors","Eastern and Midland","Thousand","1947019.866"
"Hours Worked","2017","All Sectors","Ireland","Thousand","3836102.749"
"Hours Worked","2018","Agriculture, Forestry and Fishing","Northern and Western","Thousand","86149.87239"
"Hours Worked","2018","Agriculture, Forestry and Fishing","Southern","Thousand","137332.2634"
"Hours Worked","2018","Agriculture, Forestry and Fishing","Eastern and Midland","Thousand","61803.52353"
"Hours Worked","2018","Agriculture, Forestry and Fishing","Ireland","Thousand","285285.6593"
"Hours Worked","2018","Industry (excl. Construction)","Northern and Western","Thousand","114842.9737"
"Hours Worked","2018","Industry (excl. Construction)","Southern","Thousand","212718.4688"
"Hours Worked","2018","Industry (excl. Construction)","Eastern and Midland","Thousand","214228.5856"
"Hours Worked","2018","Industry (excl. Construction)","Ireland","Thousand","541790.0282"
"Hours Worked","2018","Industry - of which Manufacturing","Northern and Western","Thousand","105170.8562"
"Hours Worked","2018","Industry - of which Manufacturing","Southern","Thousand","191609.2079"
"Hours Worked","2018","Industry - of which Manufacturing","Eastern and Midland","Thousand","184769.7497"
"Hours Worked","2018","Industry - of which Manufacturing","Ireland","Thousand","481549.8138"
"Hours Worked","2018","Construction","Northern and Western","Thousand","50989.25193"
"Hours Worked","2018","Construction","Southern","Thousand","102222.6134"
"Hours Worked","2018","Construction","Eastern and Midland","Thousand","131582.3704"
"Hours Worked","2018","Construction","Ireland","Thousand","284794.2357"
"Hours Worked","2018","Distribution, Transport, Hotels and Restaurants","Northern and Western","Thousand","154858.1959"
"Hours Worked","2018","Distribution, Transport, Hotels and Restaurants","Southern","Thousand","298148.8786"
"Hours Worked","2018","Distribution, Transport, Hotels and Restaurants","Eastern and Midland","Thousand","514567.153"
"Hours Worked","2018","Distribution, Transport, Hotels and Restaurants","Ireland","Thousand","967574.2276"
"Hours Worked","2018","Information and Communication","Northern and Western","Thousand","20669.16965"
"Hours Worked","2018","Information and Communication","Southern","Thousand","42322.13827"
"Hours Worked","2018","Information and Communication","Eastern and Midland","Thousand","166238.7503"
"Hours Worked","2018","Information and Communication","Ireland","Thousand","229230.0582"
"Hours Worked","2018","Financial and Insurance Activities","Northern and Western","Thousand","13229.32223"
"Hours Worked","2018","Financial and Insurance Activities","Southern","Thousand","30863.57537"
"Hours Worked","2018","Financial and Insurance Activities","Eastern and Midland","Thousand","130479.1187"
"Hours Worked","2018","Financial and Insurance Activities","Ireland","Thousand","174572.0163"
"Hours Worked","2018","Real Estate Activities","Northern and Western","Thousand","2055.710654"
"Hours Worked","2018","Real Estate Activities","Southern","Thousand","4902.335114"
"Hours Worked","2018","Real Estate Activities","Eastern and Midland","Thousand","11602.35141"
"Hours Worked","2018","Real Estate Activities","Ireland","Thousand","18560.39718"
"Hours Worked","2018","Professional, Admin and Support Services","Northern and Western","Thousand","45811.69039"
"Hours Worked","2018","Professional, Admin and Support Services","Southern","Thousand","128486.8335"
"Hours Worked","2018","Professional, Admin and Support Services","Eastern and Midland","Thousand","252591.0919"
"Hours Worked","2018","Professional, Admin and Support Services","Ireland","Thousand","426889.6159"
"Hours Worked","2018","Public Admin, Education and Health","Northern and Western","Thousand","137396.4508"
"Hours Worked","2018","Public Admin, Education and Health","Southern","Thousand","264253.8636"
"Hours Worked","2018","Public Admin, Education and Health","Eastern and Midland","Thousand","469186.9793"
"Hours Worked","2018","Public Admin, Education and Health","Ireland","Thousand","870837.2937"
"Hours Worked","2018","Arts, Entertainment and Other Services","Northern and Western","Thousand","27172.44268"
"Hours Worked","2018","Arts, Entertainment and Other Services","Southern","Thousand","50927.77663"
"Hours Worked","2018","Arts, Entertainment and Other Services","Eastern and Midland","Thousand","103759.3277"
"Hours Worked","2018","Arts, Entertainment and Other Services","Ireland","Thousand","181859.547"
"Hours Worked","2018","All Sectors","Northern and Western","Thousand","653175.0803"
"Hours Worked","2018","All Sectors","Southern","Thousand","1272178.747"
"Hours Worked","2018","All Sectors","Eastern and Midland","Thousand","2056039.252"
"Hours Worked","2018","All Sectors","Ireland","Thousand","3981393.079"
"Hours Worked","2019","Agriculture, Forestry and Fishing","Northern and Western","Thousand","81488.9714"
"Hours Worked","2019","Agriculture, Forestry and Fishing","Southern","Thousand","134064.0813"
"Hours Worked","2019","Agriculture, Forestry and Fishing","Eastern and Midland","Thousand","62115.34199"
"Hours Worked","2019","Agriculture, Forestry and Fishing","Ireland","Thousand","277668.3947"
"Hours Worked","2019","Industry (excl. Construction)","Northern and Western","Thousand","116779.8669"
"Hours Worked","2019","Industry (excl. Construction)","Southern","Thousand","225761.32"
"Hours Worked","2019","Industry (excl. Construction)","Eastern and Midland","Thousand","217369.7014"
"Hours Worked","2019","Industry (excl. Construction)","Ireland","Thousand","559910.8883"
"Hours Worked","2019","Industry - of which Manufacturing","Northern and Western","Thousand","105051.1271"
"Hours Worked","2019","Industry - of which Manufacturing","Southern","Thousand","206688.5944"
"Hours Worked","2019","Industry - of which Manufacturing","Eastern and Midland","Thousand","181746.5876"
"Hours Worked","2019","Industry - of which Manufacturing","Ireland","Thousand","493486.3091"
"Hours Worked","2019","Construction","Northern and Western","Thousand","54451.71389"
"Hours Worked","2019","Construction","Southern","Thousand","96775.07705"
"Hours Worked","2019","Construction","Eastern and Midland","Thousand","141388.402"
"Hours Worked","2019","Construction","Ireland","Thousand","292615.193"
"Hours Worked","2019","Distribution, Transport, Hotels and Restaurants","Northern and Western","Thousand","152835.2755"
"Hours Worked","2019","Distribution, Transport, Hotels and Restaurants","Southern","Thousand","299638.3314"
"Hours Worked","2019","Distribution, Transport, Hotels and Restaurants","Eastern and Midland","Thousand","526669.5383"
"Hours Worked","2019","Distribution, Transport, Hotels and Restaurants","Ireland","Thousand","979143.1453"
"Hours Worked","2019","Information and Communication","Northern and Western","Thousand","19418.35326"
"Hours Worked","2019","Information and Communication","Southern","Thousand","44920.01279"
"Hours Worked","2019","Information and Communication","Eastern and Midland","Thousand","176368.4292"
"Hours Worked","2019","Information and Communication","Ireland","Thousand","240706.7952"
"Hours Worked","2019","Financial and Insurance Activities","Northern and Western","Thousand","13128.62454"
"Hours Worked","2019","Financial and Insurance Activities","Southern","Thousand","33514.18483"
"Hours Worked","2019","Financial and Insurance Activities","Eastern and Midland","Thousand","144956.7674"
"Hours Worked","2019","Financial and Insurance Activities","Ireland","Thousand","191599.5768"
"Hours Worked","2019","Real Estate Activities","Northern and Western","Thousand","1666.263734"
"Hours Worked","2019","Real Estate Activities","Southern","Thousand","3224.411769"
"Hours Worked","2019","Real Estate Activities","Eastern and Midland","Thousand","12812.45742"
"Hours Worked","2019","Real Estate Activities","Ireland","Thousand","17703.13292"
"Hours Worked","2019","Professional, Admin and Support Services","Northern and Western","Thousand","51690.30111"
"Hours Worked","2019","Professional, Admin and Support Services","Southern","Thousand","125739.0258"
"Hours Worked","2019","Professional, Admin and Support Services","Eastern and Midland","Thousand","271689.9105"
"Hours Worked","2019","Professional, Admin and Support Services","Ireland","Thousand","449119.2374"
"Hours Worked","2019","Public Admin, Education and Health","Northern and Western","Thousand","149450.3971"
"Hours Worked","2019","Public Admin, Education and Health","Southern","Thousand","275301.0998"
"Hours Worked","2019","Public Admin, Education and Health","Eastern and Midland","Thousand","496937.6048"
"Hours Worked","2019","Public Admin, Education and Health","Ireland","Thousand","921689.1017"
"Hours Worked","2019","Arts, Entertainment and Other Services","Northern and Western","Thousand","30452.38772"
"Hours Worked","2019","Arts, Entertainment and Other Services","Southern","Thousand","52580.79992"
"Hours Worked","2019","Arts, Entertainment and Other Services","Eastern and Midland","Thousand","97006.46705"
"Hours Worked","2019","Arts, Entertainment and Other Services","Ireland","Thousand","180039.6547"
"Hours Worked","2019","All Sectors","Northern and Western","Thousand","671362.1552"
"Hours Worked","2019","All Sectors","Southern","Thousand","1291518.345"
"Hours Worked","2019","All Sectors","Eastern and Midland","Thousand","2147314.62"
"Hours Worked","2019","All Sectors","Ireland","Thousand","4110195.12"
"Hours Worked","2020","Agriculture, Forestry and Fishing","Northern and Western","Thousand","83008.83804"
"Hours Worked","2020","Agriculture, Forestry and Fishing","Southern","Thousand","127526.0153"
"Hours Worked","2020","Agriculture, Forestry and Fishing","Eastern and Midland","Thousand","53148.59088"
"Hours Worked","2020","Agriculture, Forestry and Fishing","Ireland","Thousand","263683.4442"
"Hours Worked","2020","Industry (excl. Construction)","Northern and Western","Thousand","106193.7876"
"Hours Worked","2020","Industry (excl. Construction)","Southern","Thousand","225272.5676"
"Hours Worked","2020","Industry (excl. Construction)","Eastern and Midland","Thousand","213207.8722"
"Hours Worked","2020","Industry (excl. Construction)","Ireland","Thousand","544674.2274"
"Hours Worked","2020","Industry - of which Manufacturing","Northern and Western","Thousand","97098.02677"
"Hours Worked","2020","Industry - of which Manufacturing","Southern","Thousand","203093.7839"
"Hours Worked","2020","Industry - of which Manufacturing","Eastern and Midland","Thousand","185608.9718"
"Hours Worked","2020","Industry - of which Manufacturing","Ireland","Thousand","485800.7824"
"Hours Worked","2020","Construction","Northern and Western","Thousand","43714.83331"
"Hours Worked","2020","Construction","Southern","Thousand","77412.12965"
"Hours Worked","2020","Construction","Eastern and Midland","Thousand","113346.7373"
"Hours Worked","2020","Construction","Ireland","Thousand","234473.7003"
"Hours Worked","2020","Distribution, Transport, Hotels and Restaurants","Northern and Western","Thousand","128096.0363"
"Hours Worked","2020","Distribution, Transport, Hotels and Restaurants","Southern","Thousand","249541.5879"
"Hours Worked","2020","Distribution, Transport, Hotels and Restaurants","Eastern and Midland","Thousand","409359.8097"
"Hours Worked","2020","Distribution, Transport, Hotels and Restaurants","Ireland","Thousand","786997.4339"
"Hours Worked","2020","Information and Communication","Northern and Western","Thousand","23708.3676"
"Hours Worked","2020","Information and Communication","Southern","Thousand","45309.96259"
"Hours Worked","2020","Information and Communication","Eastern and Midland","Thousand","182607.7701"
"Hours Worked","2020","Information and Communication","Ireland","Thousand","251626.1003"
"Hours Worked","2020","Financial and Insurance Activities","Northern and Western","Thousand","16270.94612"
"Hours Worked","2020","Financial and Insurance Activities","Southern","Thousand","41021.57454"
"Hours Worked","2020","Financial and Insurance Activities","Eastern and Midland","Thousand","148706.0076"
"Hours Worked","2020","Financial and Insurance Activities","Ireland","Thousand","205998.5282"
"Hours Worked","2020","Real Estate Activities","Northern and Western","Thousand","3677.851411"
"Hours Worked","2020","Real Estate Activities","Southern","Thousand","3479.643539"
"Hours Worked","2020","Real Estate Activities","Eastern and Midland","Thousand","13014.86092"
"Hours Worked","2020","Real Estate Activities","Ireland","Thousand","20172.35587"
"Hours Worked","2020","Professional, Admin and Support Services","Northern and Western","Thousand","46430.5022"
"Hours Worked","2020","Professional, Admin and Support Services","Southern","Thousand","112711.5447"
"Hours Worked","2020","Professional, Admin and Support Services","Eastern and Midland","Thousand","238921.8636"
"Hours Worked","2020","Professional, Admin and Support Services","Ireland","Thousand","398063.9104"
"Hours Worked","2020","Public Admin, Education and Health","Northern and Western","Thousand","140807.5731"
"Hours Worked","2020","Public Admin, Education and Health","Southern","Thousand","265105.2296"
"Hours Worked","2020","Public Admin, Education and Health","Eastern and Midland","Thousand","488430.1802"
"Hours Worked","2020","Public Admin, Education and Health","Ireland","Thousand","894342.9829"
"Hours Worked","2020","Arts, Entertainment and Other Services","Northern and Western","Thousand","17314.22195"
"Hours Worked","2020","Arts, Entertainment and Other Services","Southern","Thousand","40768.28129"
"Hours Worked","2020","Arts, Entertainment and Other Services","Eastern and Midland","Thousand","66393.1411"
"Hours Worked","2020","Arts, Entertainment and Other Services","Ireland","Thousand","124475.6444"
"Hours Worked","2020","All Sectors","Northern and Western","Thousand","609222.9575"
"Hours Worked","2020","All Sectors","Southern","Thousand","1188148.537"
"Hours Worked","2020","All Sectors","Eastern and Midland","Thousand","1927136.834"
"Hours Worked","2020","All Sectors","Ireland","Thousand","3724508.328"
"Hours Worked","2021","Agriculture, Forestry and Fishing","Northern and Western","Thousand","88273.26943"
"Hours Worked","2021","Agriculture, Forestry and Fishing","Southern","Thousand","120146.1729"
"Hours Worked","2021","Agriculture, Forestry and Fishing","Eastern and Midland","Thousand","63220.71801"
"Hours Worked","2021","Agriculture, Forestry and Fishing","Ireland","Thousand","271640.1604"
"Hours Worked","2021","Industry (excl. Construction)","Northern and Western","Thousand","114546.8401"
"Hours Worked","2021","Industry (excl. Construction)","Southern","Thousand","229072.1381"
"Hours Worked","2021","Industry (excl. Construction)","Eastern and Midland","Thousand","238691.0704"
"Hours Worked","2021","Industry (excl. Construction)","Ireland","Thousand","582310.0486"
"Hours Worked","2021","Industry - of which Manufacturing","Northern and Western","Thousand","105286.8008"
"Hours Worked","2021","Industry - of which Manufacturing","Southern","Thousand","209412.8533"
"Hours Worked","2021","Industry - of which Manufacturing","Eastern and Midland","Thousand","209947.1985"
"Hours Worked","2021","Industry - of which Manufacturing","Ireland","Thousand","524646.8525"
"Hours Worked","2021","Construction","Northern and Western","Thousand","44101.82301"
"Hours Worked","2021","Construction","Southern","Thousand","85234.98345"
"Hours Worked","2021","Construction","Eastern and Midland","Thousand","122728.3527"
"Hours Worked","2021","Construction","Ireland","Thousand","252065.1591"
"Hours Worked","2021","Distribution, Transport, Hotels and Restaurants","Northern and Western","Thousand","137763.1673"
"Hours Worked","2021","Distribution, Transport, Hotels and Restaurants","Southern","Thousand","248390.8803"
"Hours Worked","2021","Distribution, Transport, Hotels and Restaurants","Eastern and Midland","Thousand","437581.0754"
"Hours Worked","2021","Distribution, Transport, Hotels and Restaurants","Ireland","Thousand","823735.1229"
"Hours Worked","2021","Information and Communication","Northern and Western","Thousand","24685.83927"
"Hours Worked","2021","Information and Communication","Southern","Thousand","57106.16064"
"Hours Worked","2021","Information and Communication","Eastern and Midland","Thousand","202531.5871"
"Hours Worked","2021","Information and Communication","Ireland","Thousand","284323.587"
"Hours Worked","2021","Financial and Insurance Activities","Northern and Western","Thousand","18643.53145"
"Hours Worked","2021","Financial and Insurance Activities","Southern","Thousand","35954.8473"
"Hours Worked","2021","Financial and Insurance Activities","Eastern and Midland","Thousand","156701.9924"
"Hours Worked","2021","Financial and Insurance Activities","Ireland","Thousand","211300.3711"
"Hours Worked","2021","Real Estate Activities","Northern and Western","Thousand","4295.930073"
"Hours Worked","2021","Real Estate Activities","Southern","Thousand","6133.886692"
"Hours Worked","2021","Real Estate Activities","Eastern and Midland","Thousand","11677.04002"
"Hours Worked","2021","Real Estate Activities","Ireland","Thousand","22106.85679"
"Hours Worked","2021","Professional, Admin and Support Services","Northern and Western","Thousand","48497.84312"
"Hours Worked","2021","Professional, Admin and Support Services","Southern","Thousand","122413.6222"
"Hours Worked","2021","Professional, Admin and Support Services","Eastern and Midland","Thousand","267084.9825"
"Hours Worked","2021","Professional, Admin and Support Services","Ireland","Thousand","437996.4478"
"Hours Worked","2021","Public Admin, Education and Health","Northern and Western","Thousand","161441.4424"
"Hours Worked","2021","Public Admin, Education and Health","Southern","Thousand","296828.0274"
"Hours Worked","2021","Public Admin, Education and Health","Eastern and Midland","Thousand","521449.6466"
"Hours Worked","2021","Public Admin, Education and Health","Ireland","Thousand","979719.1164"
"Hours Worked","2021","Arts, Entertainment and Other Services","Northern and Western","Thousand","20263.67879"
"Hours Worked","2021","Arts, Entertainment and Other Services","Southern","Thousand","42810.76136"
"Hours Worked","2021","Arts, Entertainment and Other Services","Eastern and Midland","Thousand","76483.03454"
"Hours Worked","2021","Arts, Entertainment and Other Services","Ireland","Thousand","139557.4747"
"Hours Worked","2021","All Sectors","Northern and Western","Thousand","662513.3649"
"Hours Worked","2021","All Sectors","Southern","Thousand","1244091.48"
"Hours Worked","2021","All Sectors","Eastern and Midland","Thousand","2098149.5"
"Hours Worked","2021","All Sectors","Ireland","Thousand","4004754.345"
"Hours Worked","2022","Agriculture, Forestry and Fishing","Northern and Western","Thousand","79691.1401"
"Hours Worked","2022","Agriculture, Forestry and Fishing","Southern","Thousand","126362.864"
"Hours Worked","2022","Agriculture, Forestry and Fishing","Eastern and Midland","Thousand","55945.62094"
"Hours Worked","2022","Agriculture, Forestry and Fishing","Ireland","Thousand","261999.625"
"Hours Worked","2022","Industry (excl. Construction)","Northern and Western","Thousand","112344.5667"
"Hours Worked","2022","Industry (excl. Construction)","Southern","Thousand","236787.7981"
"Hours Worked","2022","Industry (excl. Construction)","Eastern and Midland","Thousand","256276.5966"
"Hours Worked","2022","Industry (excl. Construction)","Ireland","Thousand","605408.9614"
"Hours Worked","2022","Industry - of which Manufacturing","Northern and Western","Thousand","105245.7336"
"Hours Worked","2022","Industry - of which Manufacturing","Southern","Thousand","217446.8316"
"Hours Worked","2022","Industry - of which Manufacturing","Eastern and Midland","Thousand","211985.3554"
"Hours Worked","2022","Industry - of which Manufacturing","Ireland","Thousand","534677.9207"
"Hours Worked","2022","Construction","Northern and Western","Thousand","57764.06969"
"Hours Worked","2022","Construction","Southern","Thousand","105227.3841"
"Hours Worked","2022","Construction","Eastern and Midland","Thousand","163065.3306"
"Hours Worked","2022","Construction","Ireland","Thousand","326056.7843"
"Hours Worked","2022","Distribution, Transport, Hotels and Restaurants","Northern and Western","Thousand","154002.3356"
"Hours Worked","2022","Distribution, Transport, Hotels and Restaurants","Southern","Thousand","297448.4002"
"Hours Worked","2022","Distribution, Transport, Hotels and Restaurants","Eastern and Midland","Thousand","502435.8782"
"Hours Worked","2022","Distribution, Transport, Hotels and Restaurants","Ireland","Thousand","953886.614"
"Hours Worked","2022","Information and Communication","Northern and Western","Thousand","22008.22105"
"Hours Worked","2022","Information and Communication","Southern","Thousand","67433.68263"
"Hours Worked","2022","Information and Communication","Eastern and Midland","Thousand","221468.9556"
"Hours Worked","2022","Information and Communication","Ireland","Thousand","310910.8593"
"Hours Worked","2022","Financial and Insurance Activities","Northern and Western","Thousand","15171.87514"
"Hours Worked","2022","Financial and Insurance Activities","Southern","Thousand","36565.22305"
"Hours Worked","2022","Financial and Insurance Activities","Eastern and Midland","Thousand","164589.2325"
"Hours Worked","2022","Financial and Insurance Activities","Ireland","Thousand","216326.3307"
"Hours Worked","2022","Real Estate Activities","Northern and Western","Thousand","3367.591579"
"Hours Worked","2022","Real Estate Activities","Southern","Thousand","4598.702963"
"Hours Worked","2022","Real Estate Activities","Eastern and Midland","Thousand","14612.54215"
"Hours Worked","2022","Real Estate Activities","Ireland","Thousand","22578.83669"
"Hours Worked","2022","Professional, Admin and Support Services","Northern and Western","Thousand","56421.49977"
"Hours Worked","2022","Professional, Admin and Support Services","Southern","Thousand","128789.4455"
"Hours Worked","2022","Professional, Admin and Support Services","Eastern and Midland","Thousand","285134.0672"
"Hours Worked","2022","Professional, Admin and Support Services","Ireland","Thousand","470345.0124"
"Hours Worked","2022","Public Admin, Education and Health","Northern and Western","Thousand","177611.2882"
"Hours Worked","2022","Public Admin, Education and Health","Southern","Thousand","324096.8833"
"Hours Worked","2022","Public Admin, Education and Health","Eastern and Midland","Thousand","529062.0503"
"Hours Worked","2022","Public Admin, Education and Health","Ireland","Thousand","1030770.222"
"Hours Worked","2022","Arts, Entertainment and Other Services","Northern and Western","Thousand","27241.16505"
"Hours Worked","2022","Arts, Entertainment and Other Services","Southern","Thousand","51242.86846"
"Hours Worked","2022","Arts, Entertainment and Other Services","Eastern and Midland","Thousand","88651.75319"
"Hours Worked","2022","Arts, Entertainment and Other Services","Ireland","Thousand","167135.7867"
"Hours Worked","2022","All Sectors","Northern and Western","Thousand","705623.7528"
"Hours Worked","2022","All Sectors","Southern","Thousand","1378553.252"
"Hours Worked","2022","All Sectors","Eastern and Midland","Thousand","2281242.027"
"Hours Worked","2022","All Sectors","Ireland","Thousand","4365419.032"
"Hours Worked","2023","Agriculture, Forestry and Fishing","Northern and Western","Thousand","73539.9219"
"Hours Worked","2023","Agriculture, Forestry and Fishing","Southern","Thousand","137325.0906"
"Hours Worked","2023","Agriculture, Forestry and Fishing","Eastern and Midland","Thousand","51516.5733"
"Hours Worked","2023","Agriculture, Forestry and Fishing","Ireland","Thousand","262381.5858"
"Hours Worked","2023","Industry (excl. Construction)","Northern and Western","Thousand","112116.9716"
"Hours Worked","2023","Industry (excl. Construction)","Southern","Thousand","232266.5782"
"Hours Worked","2023","Industry (excl. Construction)","Eastern and Midland","Thousand","242324.2696"
"Hours Worked","2023","Industry (excl. Construction)","Ireland","Thousand","586707.8194"
"Hours Worked","2023","Industry - of which Manufacturing","Northern and Western","Thousand","110682.0073"
"Hours Worked","2023","Industry - of which Manufacturing","Southern","Thousand","212299.5649"
"Hours Worked","2023","Industry - of which Manufacturing","Eastern and Midland","Thousand","197448.7551"
"Hours Worked","2023","Industry - of which Manufacturing","Ireland","Thousand","520430.3272"
"Hours Worked","2023","Construction","Northern and Western","Thousand","57439.99601"
"Hours Worked","2023","Construction","Southern","Thousand","109389.8381"
"Hours Worked","2023","Construction","Eastern and Midland","Thousand","148499.2464"
"Hours Worked","2023","Construction","Ireland","Thousand","315329.0805"
"Hours Worked","2023","Distribution, Transport, Hotels and Restaurants","Northern and Western","Thousand","152909.8303"
"Hours Worked","2023","Distribution, Transport, Hotels and Restaurants","Southern","Thousand","311563.8797"
"Hours Worked","2023","Distribution, Transport, Hotels and Restaurants","Eastern and Midland","Thousand","509390.3679"
"Hours Worked","2023","Distribution, Transport, Hotels and Restaurants","Ireland","Thousand","973864.078"
"Hours Worked","2023","Information and Communication","Northern and Western","Thousand","30888.14242"
"Hours Worked","2023","Information and Communication","Southern","Thousand","63834.59173"
"Hours Worked","2023","Information and Communication","Eastern and Midland","Thousand","222783.9467"
"Hours Worked","2023","Information and Communication","Ireland","Thousand","317506.6808"
"Hours Worked","2023","Financial and Insurance Activities","Northern and Western","Thousand","19768.39851"
"Hours Worked","2023","Financial and Insurance Activities","Southern","Thousand","34308.07677"
"Hours Worked","2023","Financial and Insurance Activities","Eastern and Midland","Thousand","167041.8881"
"Hours Worked","2023","Financial and Insurance Activities","Ireland","Thousand","221118.3634"
"Hours Worked","2023","Real Estate Activities","Northern and Western","Thousand","2777.266865"
"Hours Worked","2023","Real Estate Activities","Southern","Thousand","4808.120946"
"Hours Worked","2023","Real Estate Activities","Eastern and Midland","Thousand","11443.0445"
"Hours Worked","2023","Real Estate Activities","Ireland","Thousand","19028.43231"
"Hours Worked","2023","Professional, Admin and Support Services","Northern and Western","Thousand","56185.2333"
"Hours Worked","2023","Professional, Admin and Support Services","Southern","Thousand","140912.8688"
"Hours Worked","2023","Professional, Admin and Support Services","Eastern and Midland","Thousand","295737.6631"
"Hours Worked","2023","Professional, Admin and Support Services","Ireland","Thousand","492835.7652"
"Hours Worked","2023","Public Admin, Education and Health","Northern and Western","Thousand","176888.4794"
"Hours Worked","2023","Public Admin, Education and Health","Southern","Thousand","323126.6424"
"Hours Worked","2023","Public Admin, Education and Health","Eastern and Midland","Thousand","571981.7358"
"Hours Worked","2023","Public Admin, Education and Health","Ireland","Thousand","1071996.858"
"Hours Worked","2023","Arts, Entertainment and Other Services","Northern and Western","Thousand","25992.56342"
"Hours Worked","2023","Arts, Entertainment and Other Services","Southern","Thousand","56378.94439"
"Hours Worked","2023","Arts, Entertainment and Other Services","Eastern and Midland","Thousand","96662.11055"
"Hours Worked","2023","Arts, Entertainment and Other Services","Ireland","Thousand","179033.6184"
"Hours Worked","2023","All Sectors","Northern and Western","Thousand","708506.8037"
"Hours Worked","2023","All Sectors","Southern","Thousand","1413914.632"
"Hours Worked","2023","All Sectors","Eastern and Midland","Thousand","2317380.846"
"Hours Worked","2023","All Sectors","Ireland","Thousand","4439802.281"
"Hours Worked","2024","Agriculture, Forestry and Fishing","Northern and Western","Thousand",""
"Hours Worked","2024","Agriculture, Forestry and Fishing","Southern","Thousand",""
"Hours Worked","2024","Agriculture, Forestry and Fishing","Eastern and Midland","Thousand",""
"Hours Worked","2024","Agriculture, Forestry and Fishing","Ireland","Thousand",""
"Hours Worked","2024","Industry (excl. Construction)","Northern and Western","Thousand",""
"Hours Worked","2024","Industry (excl. Construction)","Southern","Thousand",""
"Hours Worked","2024","Industry (excl. Construction)","Eastern and Midland","Thousand",""
"Hours Worked","2024","Industry (excl. Construction)","Ireland","Thousand",""
"Hours Worked","2024","Industry - of which Manufacturing","Northern and Western","Thousand",""
"Hours Worked","2024","Industry - of which Manufacturing","Southern","Thousand",""
"Hours Worked","2024","Industry - of which Manufacturing","Eastern and Midland","Thousand",""
"Hours Worked","2024","Industry - of which Manufacturing","Ireland","Thousand",""
"Hours Worked","2024","Construction","Northern and Western","Thousand",""
"Hours Worked","2024","Construction","Southern","Thousand",""
"Hours Worked","2024","Construction","Eastern and Midland","Thousand",""
"Hours Worked","2024","Construction","Ireland","Thousand",""
"Hours Worked","2024","Distribution, Transport, Hotels and Restaurants","Northern and Western","Thousand",""
"Hours Worked","2024","Distribution, Transport, Hotels and Restaurants","Southern","Thousand",""
"Hours Worked","2024","Distribution, Transport, Hotels and Restaurants","Eastern and Midland","Thousand",""
"Hours Worked","2024","Distribution, Transport, Hotels and Restaurants","Ireland","Thousand",""
"Hours Worked","2024","Information and Communication","Northern and Western","Thousand",""
"Hours Worked","2024","Information and Communication","Southern","Thousand",""
"Hours Worked","2024","Information and Communication","Eastern and Midland","Thousand",""
"Hours Worked","2024","Information and Communication","Ireland","Thousand",""
"Hours Worked","2024","Financial and Insurance Activities","Northern and Western","Thousand",""
"Hours Worked","2024","Financial and Insurance Activities","Southern","Thousand",""
"Hours Worked","2024","Financial and Insurance Activities","Eastern and Midland","Thousand",""
"Hours Worked","2024","Financial and Insurance Activities","Ireland","Thousand",""
"Hours Worked","2024","Real Estate Activities","Northern and Western","Thousand",""
"Hours Worked","2024","Real Estate Activities","Southern","Thousand",""
"Hours Worked","2024","Real Estate Activities","Eastern and Midland","Thousand",""
"Hours Worked","2024","Real Estate Activities","Ireland","Thousand",""
"Hours Worked","2024","Professional, Admin and Support Services","Northern and Western","Thousand",""
"Hours Worked","2024","Professional, Admin and Support Services","Southern","Thousand",""
"Hours Worked","2024","Professional, Admin and Support Services","Eastern and Midland","Thousand",""
"Hours Worked","2024","Professional, Admin and Support Services","Ireland","Thousand",""
"Hours Worked","2024","Public Admin, Education and Health","Northern and Western","Thousand",""
"Hours Worked","2024","Public Admin, Education and Health","Southern","Thousand",""
"Hours Worked","2024","Public Admin, Education and Health","Eastern and Midland","Thousand",""
"Hours Worked","2024","Public Admin, Education and Health","Ireland","Thousand",""
"Hours Worked","2024","Arts, Entertainment and Other Services","Northern and Western","Thousand",""
"Hours Worked","2024","Arts, Entertainment and Other Services","Southern","Thousand",""
"Hours Worked","2024","Arts, Entertainment and Other Services","Eastern and Midland","Thousand",""
"Hours Worked","2024","Arts, Entertainment and Other Services","Ireland","Thousand",""
"Hours Worked","2024","All Sectors","Northern and Western","Thousand",""
"Hours Worked","2024","All Sectors","Southern","Thousand",""
"Hours Worked","2024","All Sectors","Eastern and Midland","Thousand",""
"Hours Worked","2024","All Sectors","Ireland","Thousand",""
