"Statistic Label","Year","NUTS 2 Region","UNIT","VALUE"
"Compensation of Employees","2000","Northern and Western","Euro Million","5933.751057"
"Compensation of Employees","2000","Southern","Euro Million","13391.5739"
"Compensation of Employees","2000","Eastern and Midland","Euro Million","22597.98903"
"Compensation of Employees","2000","Ireland","Euro Million","41923.31398"
"Compensation of Employees","2001","Northern and Western","Euro Million","6615.701398"
"Compensation of Employees","2001","Southern","Euro Million","14945.05251"
"Compensation of Employees","2001","Eastern and Midland","Euro Million","25334.02747"
"Compensation of Employees","2001","Ireland","Euro Million","46894.78138"
"Compensation of Employees","2002","Northern and Western","Euro Million","7146.342209"
"Compensation of Employees","2002","Southern","Euro Million","15985.01154"
"Compensation of Employees","2002","Eastern and Midland","Euro Million","27072.39692"
"Compensation of Employees","2002","Ireland","Euro Million","50203.75067"
"Compensation of Employees","2003","Northern and Western","Euro Million","7738.117772"
"Compensation of Employees","2003","Southern","Euro Million","17453.18202"
"Compensation of Employees","2003","Eastern and Midland","Euro Million","29480.78256"
"Compensation of Employees","2003","Ireland","Euro Million","54672.08235"
"Compensation of Employees","2004","Northern and Western","Euro Million","8407.417548"
"Compensation of Employees","2004","Southern","Euro Million","18864.46927"
"Compensation of Employees","2004","Eastern and Midland","Euro Million","32121.81554"
"Compensation of Employees","2004","Ireland","Euro Million","59393.70236"
"Compensation of Employees","2005","Northern and Western","Euro Million","9590.662133"
"Compensation of Employees","2005","Southern","Euro Million","20996.60488"
"Compensation of Employees","2005","Eastern and Midland","Euro Million","35572.61888"
"Compensation of Employees","2005","Ireland","Euro Million","66159.88589"
"Compensation of Employees","2006","Northern and Western","Euro Million","9958.409439"
"Compensation of Employees","2006","Southern","Euro Million","23096.85454"
"Compensation of Employees","2006","Eastern and Midland","Euro Million","39789.7797"
"Compensation of Employees","2006","Ireland","Euro Million","72845.04368"
"Compensation of Employees","2007","Northern and Western","Euro Million","11276.05022"
"Compensation of Employees","2007","Southern","Euro Million","25077.41341"
"Compensation of Employees","2007","Eastern and Midland","Euro Million","43428.10386"
"Compensation of Employees","2007","Ireland","Euro Million","79781.56749"
"Compensation of Employees","2008","Northern and Western","Euro Million","11314.18663"
"Compensation of Employees","2008","Southern","Euro Million","25389.39874"
"Compensation of Employees","2008","Eastern and Midland","Euro Million","45117.02951"
"Compensation of Employees","2008","Ireland","Euro Million","81820.61488"
"Compensation of Employees","2009","Northern and Western","Euro Million","10437.95446"
"Compensation of Employees","2009","Southern","Euro Million","23103.34973"
"Compensation of Employees","2009","Eastern and Midland","Euro Million","40855.51952"
"Compensation of Employees","2009","Ireland","Euro Million","74396.82371"
"Compensation of Employees","2010","Northern and Western","Euro Million","9268.661088"
"Compensation of Employees","2010","Southern","Euro Million","21158.21945"
"Compensation of Employees","2010","Eastern and Midland","Euro Million","39217.73175"
"Compensation of Employees","2010","Ireland","Euro Million","69644.61229"
"Compensation of Employees","2011","Northern and Western","Euro Million","9838.016028"
"Compensation of Employees","2011","Southern","Euro Million","21673.66912"
"Compensation of Employees","2011","Eastern and Midland","Euro Million","39921.86745"
"Compensation of Employees","2011","Ireland","Euro Million","71433.5526"
"Compensation of Employees","2012","Northern and Western","Euro Million","9845.372912"
"Compensation of Employees","2012","Southern","Euro Million","21851.84333"
"Compensation of Employees","2012","Eastern and Midland","Euro Million","40486.97237"
"Compensation of Employees","2012","Ireland","Euro Million","72184.18861"
"Compensation of Employees","2013","Northern and Western","Euro Million","10014.45521"
"Compensation of Employees","2013","Southern","Euro Million","22062.51932"
"Compensation of Employees","2013","Eastern and Midland","Euro Million","41160.7244"
"Compensation of Employees","2013","Ireland","Euro Million","73237.69893"
"Compensation of Employees","2014","Northern and Western","Euro Million","10450.06173"
"Compensation of Employees","2014","Southern","Euro Million","22908.09204"
"Compensation of Employees","2014","Eastern and Midland","Euro Million","42824.48834"
"Compensation of Employees","2014","Ireland","Euro Million","76182.64212"
"Compensation of Employees","2015","Northern and Western","Euro Million","11026.48815"
"Compensation of Employees","2015","Southern","Euro Million","24144.19"
"Compensation of Employees","2015","Eastern and Midland","Euro Million","45800.87672"
"Compensation of Employees","2015","Ireland","Euro Million","80971.55487"
"Compensation of Employees","2016","Northern and Western","Euro Million","11763.78723"
"Compensation of Employees","2016","Southern","Euro Million","25592.71264"
"Compensation of Employees","2016","Eastern and Midland","Euro Million","49013.30613"
"Compensation of Employees","2016","Ireland","Euro Million","86369.80601"
"Compensation of Employees","2017","Northern and Western","Euro Million","12489.80041"
"Compensation of Employees","2017","Southern","Euro Million","27285.54958"
"Compensation of Employees","2017","Eastern and Midland","Euro Million","52614.19854"
"Compensation of Employees","2017","Ireland","Euro Million","92389.54852"
"Compensation of Employees","2018","Northern and Western","Euro Million","13184.90312"
"Compensation of Employees","2018","Southern","Euro Million","28874.88057"
"Compensation of Employees","2018","Eastern and Midland","Euro Million","56232.01955"
"Compensation of Employees","2018","Ireland","Euro Million","98291.80323"
"Compensation of Employees","2019","Northern and Western","Euro Million","14120.8935"
"Compensation of Employees","2019","Southern","Euro Million","30930.83216"
"Compensation of Employees","2019","Eastern and Midland","Euro Million","61211.91414"
"Compensation of Employees","2019","Ireland","Euro Million","106263.6398"
"Compensation of Employees","2020","Northern and Western","Euro Million","13995.66907"
"Compensation of Employees","2020","Southern","Euro Million","30951.26123"
"Compensation of Employees","2020","Eastern and Midland","Euro Million","61156.07673"
"Compensation of Employees","2020","Ireland","Euro Million","106103.007"
"Compensation of Employees","2021","Northern and Western","Euro Million","15413.18599"
"Compensation of Employees","2021","Southern","Euro Million","33999.63358"
"Compensation of Employees","2021","Eastern and Midland","Euro Million","67859.30877"
"Compensation of Employees","2021","Ireland","Euro Million","117272.1283"
"Compensation of Employees","2022","Northern and Western","Euro Million","16901.20117"
"Compensation of Employees","2022","Southern","Euro Million","37219.76997"
"Compensation of Employees","2022","Eastern and Midland","Euro Million","74469.62558"
"Compensation of Employees","2022","Ireland","Euro Million","128590.5967"
"Compensation of Employees","2023","Northern and Western","Euro Million","18606.96547"
"Compensation of Employees","2023","Southern","Euro Million","41141.97707"
"Compensation of Employees","2023","Eastern and Midland","Euro Million","82801.50011"
"Compensation of Employees","2023","Ireland","Euro Million","142550.4427"
"Compensation of Employees","2024","Northern and Western","Euro Million","19988.31453"
"Compensation of Employees","2024","Southern","Euro Million","44162.31378"
"Compensation of Employees","2024","Eastern and Midland","Euro Million","88978.39073"
"Compensation of Employees","2024","Ireland","Euro Million","153129.019"
"Gross Value Added (GVA) at Factor Cost","2000","Northern and Western","Euro Million","11678.71004"
"Gross Value Added (GVA) at Factor Cost","2000","Southern","Euro Million","29989.83442"
"Gross Value Added (GVA) at Factor Cost","2000","Eastern and Midland","Euro Million","55305.06511"
"Gross Value Added (GVA) at Factor Cost","2000","Ireland","Euro Million","96973.60956"
"Gross Value Added (GVA) at Factor Cost","2001","Northern and Western","Euro Million","13255.23267"
"Gross Value Added (GVA) at Factor Cost","2001","Southern","Euro Million","34228.35183"
"Gross Value Added (GVA) at Factor Cost","2001","Eastern and Midland","Euro Million","61768.27039"
"Gross Value Added (GVA) at Factor Cost","2001","Ireland","Euro Million","109251.8549"
"Gross Value Added (GVA) at Factor Cost","2002","Northern and Western","Euro Million","14644.26578"
"Gross Value Added (GVA) at Factor Cost","2002","Southern","Euro Million","38168.36613"
"Gross Value Added (GVA) at Factor Cost","2002","Eastern and Midland","Euro Million","67945.11078"
"Gross Value Added (GVA) at Factor Cost","2002","Ireland","Euro Million","120757.7427"
"Gross Value Added (GVA) at Factor Cost","2003","Northern and Western","Euro Million","15436.32728"
"Gross Value Added (GVA) at Factor Cost","2003","Southern","Euro Million","39643.21363"
"Gross Value Added (GVA) at Factor Cost","2003","Eastern and Midland","Euro Million","73963.14586"
"Gross Value Added (GVA) at Factor Cost","2003","Ireland","Euro Million","129042.6868"
"Gross Value Added (GVA) at Factor Cost","2004","Northern and Western","Euro Million","16544.5779"
"Gross Value Added (GVA) at Factor Cost","2004","Southern","Euro Million","41565.50247"
"Gross Value Added (GVA) at Factor Cost","2004","Eastern and Midland","Euro Million","79239.81611"
"Gross Value Added (GVA) at Factor Cost","2004","Ireland","Euro Million","137349.8965"
"Gross Value Added (GVA) at Factor Cost","2005","Northern and Western","Euro Million","18436.76777"
"Gross Value Added (GVA) at Factor Cost","2005","Southern","Euro Million","44756.80448"
"Gross Value Added (GVA) at Factor Cost","2005","Eastern and Midland","Euro Million","87009.1256"
"Gross Value Added (GVA) at Factor Cost","2005","Ireland","Euro Million","150202.6978"
"Gross Value Added (GVA) at Factor Cost","2006","Northern and Western","Euro Million","19110.83343"
"Gross Value Added (GVA) at Factor Cost","2006","Southern","Euro Million","48727.67747"
"Gross Value Added (GVA) at Factor Cost","2006","Eastern and Midland","Euro Million","95219.68379"
"Gross Value Added (GVA) at Factor Cost","2006","Ireland","Euro Million","163058.1947"
"Gross Value Added (GVA) at Factor Cost","2007","Northern and Western","Euro Million","21068.23462"
"Gross Value Added (GVA) at Factor Cost","2007","Southern","Euro Million","52213.83471"
"Gross Value Added (GVA) at Factor Cost","2007","Eastern and Midland","Euro Million","102049.9294"
"Gross Value Added (GVA) at Factor Cost","2007","Ireland","Euro Million","175331.9988"
"Gross Value Added (GVA) at Factor Cost","2008","Northern and Western","Euro Million","20425.77137"
"Gross Value Added (GVA) at Factor Cost","2008","Southern","Euro Million","47955.88787"
"Gross Value Added (GVA) at Factor Cost","2008","Eastern and Midland","Euro Million","99201.7733"
"Gross Value Added (GVA) at Factor Cost","2008","Ireland","Euro Million","167583.4325"
"Gross Value Added (GVA) at Factor Cost","2009","Northern and Western","Euro Million","16884.67631"
"Gross Value Added (GVA) at Factor Cost","2009","Southern","Euro Million","46757.21162"
"Gross Value Added (GVA) at Factor Cost","2009","Eastern and Midland","Euro Million","88974.77351"
"Gross Value Added (GVA) at Factor Cost","2009","Ireland","Euro Million","152616.6614"
"Gross Value Added (GVA) at Factor Cost","2010","Northern and Western","Euro Million","18144.19931"
"Gross Value Added (GVA) at Factor Cost","2010","Southern","Euro Million","44752.49775"
"Gross Value Added (GVA) at Factor Cost","2010","Eastern and Midland","Euro Million","89641.17805"
"Gross Value Added (GVA) at Factor Cost","2010","Ireland","Euro Million","152537.8751"
"Gross Value Added (GVA) at Factor Cost","2011","Northern and Western","Euro Million","17670.33623"
"Gross Value Added (GVA) at Factor Cost","2011","Southern","Euro Million","47300.42744"
"Gross Value Added (GVA) at Factor Cost","2011","Eastern and Midland","Euro Million","93554.37977"
"Gross Value Added (GVA) at Factor Cost","2011","Ireland","Euro Million","158525.1434"
"Gross Value Added (GVA) at Factor Cost","2012","Northern and Western","Euro Million","17149.59314"
"Gross Value Added (GVA) at Factor Cost","2012","Southern","Euro Million","47302.73359"
"Gross Value Added (GVA) at Factor Cost","2012","Eastern and Midland","Euro Million","97168.40001"
"Gross Value Added (GVA) at Factor Cost","2012","Ireland","Euro Million","161620.7267"
"Gross Value Added (GVA) at Factor Cost","2013","Northern and Western","Euro Million","17932.12608"
"Gross Value Added (GVA) at Factor Cost","2013","Southern","Euro Million","46044.78846"
"Gross Value Added (GVA) at Factor Cost","2013","Eastern and Midland","Euro Million","104851.9512"
"Gross Value Added (GVA) at Factor Cost","2013","Ireland","Euro Million","168828.8657"
"Gross Value Added (GVA) at Factor Cost","2014","Northern and Western","Euro Million","19650.0911"
"Gross Value Added (GVA) at Factor Cost","2014","Southern","Euro Million","50001.98804"
"Gross Value Added (GVA) at Factor Cost","2014","Eastern and Midland","Euro Million","115698.8407"
"Gross Value Added (GVA) at Factor Cost","2014","Ireland","Euro Million","185350.9199"
"Gross Value Added (GVA) at Factor Cost","2015","Northern and Western","Euro Million","21218.96672"
"Gross Value Added (GVA) at Factor Cost","2015","Southern","Euro Million","100011.8997"
"Gross Value Added (GVA) at Factor Cost","2015","Eastern and Midland","Euro Million","132738.0301"
"Gross Value Added (GVA) at Factor Cost","2015","Ireland","Euro Million","253968.8964"
"Gross Value Added (GVA) at Factor Cost","2016","Northern and Western","Euro Million","21714.68572"
"Gross Value Added (GVA) at Factor Cost","2016","Southern","Euro Million","93827.90315"
"Gross Value Added (GVA) at Factor Cost","2016","Eastern and Midland","Euro Million","140763.1976"
"Gross Value Added (GVA) at Factor Cost","2016","Ireland","Euro Million","256305.7865"
"Gross Value Added (GVA) at Factor Cost","2017","Northern and Western","Euro Million","22712.49578"
"Gross Value Added (GVA) at Factor Cost","2017","Southern","Euro Million","107285.4186"
"Gross Value Added (GVA) at Factor Cost","2017","Eastern and Midland","Euro Million","155720.4719"
"Gross Value Added (GVA) at Factor Cost","2017","Ireland","Euro Million","285718.3862"
"Gross Value Added (GVA) at Factor Cost","2018","Northern and Western","Euro Million","24036.68505"
"Gross Value Added (GVA) at Factor Cost","2018","Southern","Euro Million","112980.6366"
"Gross Value Added (GVA) at Factor Cost","2018","Eastern and Midland","Euro Million","176511.6738"
"Gross Value Added (GVA) at Factor Cost","2018","Ireland","Euro Million","313528.9954"
"Gross Value Added (GVA) at Factor Cost","2019","Northern and Western","Euro Million","26378.59069"
"Gross Value Added (GVA) at Factor Cost","2019","Southern","Euro Million","123919.5632"
"Gross Value Added (GVA) at Factor Cost","2019","Eastern and Midland","Euro Million","191212.5726"
"Gross Value Added (GVA) at Factor Cost","2019","Ireland","Euro Million","341510.7265"
"Gross Value Added (GVA) at Factor Cost","2020","Northern and Western","Euro Million","29642.81683"
"Gross Value Added (GVA) at Factor Cost","2020","Southern","Euro Million","131846.5155"
"Gross Value Added (GVA) at Factor Cost","2020","Eastern and Midland","Euro Million","200547.3645"
"Gross Value Added (GVA) at Factor Cost","2020","Ireland","Euro Million","362036.6968"
"Gross Value Added (GVA) at Factor Cost","2021","Northern and Western","Euro Million","34296.96481"
"Gross Value Added (GVA) at Factor Cost","2021","Southern","Euro Million","156950.4023"
"Gross Value Added (GVA) at Factor Cost","2021","Eastern and Midland","Euro Million","234661.8797"
"Gross Value Added (GVA) at Factor Cost","2021","Ireland","Euro Million","425909.2468"
"Gross Value Added (GVA) at Factor Cost","2022","Northern and Western","Euro Million","38819.53673"
"Gross Value Added (GVA) at Factor Cost","2022","Southern","Euro Million","187017.9177"
"Gross Value Added (GVA) at Factor Cost","2022","Eastern and Midland","Euro Million","269995.2564"
"Gross Value Added (GVA) at Factor Cost","2022","Ireland","Euro Million","495832.7109"
"Gross Value Added (GVA) at Factor Cost","2023","Northern and Western","Euro Million","42127.34217"
"Gross Value Added (GVA) at Factor Cost","2023","Southern","Euro Million","172943.5851"
"Gross Value Added (GVA) at Factor Cost","2023","Eastern and Midland","Euro Million","281682.3031"
"Gross Value Added (GVA) at Factor Cost","2023","Ireland","Euro Million","496753.2303"
"Gross Value Added (GVA) at Factor Cost","2024","Northern and Western","Euro Million","42690.45018"
"Gross Value Added (GVA) at Factor Cost","2024","Southern","Euro Million","173078.664"
"Gross Value Added (GVA) at Factor Cost","2024","Eastern and Midland","Euro Million","317649.7818"
"Gross Value Added (GVA) at Factor Cost","2024","Ireland","Euro Million","533418.8959"
"Non-Product Taxes","2000","Northern and Western","Euro Million","99.02697962"
"Non-Product Taxes","2000","Southern","Euro Million","285.6200459"
"Non-Product Taxes","2000","Eastern and Midland","Euro Million","460.3744897"
"Non-Product Taxes","2000","Ireland","Euro Million","845.0215152"
"Non-Product Taxes","2001","Northern and Western","Euro Million","128.8516136"
"Non-Product Taxes","2001","Southern","Euro Million","375.2925791"
"Non-Product Taxes","2001","Eastern and Midland","Euro Million","583.2171486"
"Non-Product Taxes","2001","Ireland","Euro Million","1087.361341"
"Non-Product Taxes","2002","Northern and Western","Euro Million","146.1299124"
"Non-Product Taxes","2002","Southern","Euro Million","432.2686816"
"Non-Product Taxes","2002","Eastern and Midland","Euro Million","665.5970042"
"Non-Product Taxes","2002","Ireland","Euro Million","1243.995598"
"Non-Product Taxes","2003","Northern and Western","Euro Million","161.7852164"
"Non-Product Taxes","2003","Southern","Euro Million","479.729635"
"Non-Product Taxes","2003","Eastern and Midland","Euro Million","739.814481"
"Non-Product Taxes","2003","Ireland","Euro Million","1381.329332"
"Non-Product Taxes","2004","Northern and Western","Euro Million","179.2451589"
"Non-Product Taxes","2004","Southern","Euro Million","532.2160737"
"Non-Product Taxes","2004","Eastern and Midland","Euro Million","788.593299"
"Non-Product Taxes","2004","Ireland","Euro Million","1500.054532"
"Non-Product Taxes","2005","Northern and Western","Euro Million","221.0555551"
"Non-Product Taxes","2005","Southern","Euro Million","640.3667881"
"Non-Product Taxes","2005","Eastern and Midland","Euro Million","1059.17231"
"Non-Product Taxes","2005","Ireland","Euro Million","1920.594653"
"Non-Product Taxes","2006","Northern and Western","Euro Million","214.2239796"
"Non-Product Taxes","2006","Southern","Euro Million","643.4939823"
"Non-Product Taxes","2006","Eastern and Midland","Euro Million","1050.547995"
"Non-Product Taxes","2006","Ireland","Euro Million","1908.265957"
"Non-Product Taxes","2007","Northern and Western","Euro Million","245.3105437"
"Non-Product Taxes","2007","Southern","Euro Million","702.9987256"
"Non-Product Taxes","2007","Eastern and Midland","Euro Million","1123.432949"
"Non-Product Taxes","2007","Ireland","Euro Million","2071.742218"
"Non-Product Taxes","2008","Northern and Western","Euro Million","253.329298"
"Non-Product Taxes","2008","Southern","Euro Million","711.944898"
"Non-Product Taxes","2008","Eastern and Midland","Euro Million","1228.769578"
"Non-Product Taxes","2008","Ireland","Euro Million","2194.043774"
"Non-Product Taxes","2009","Northern and Western","Euro Million","219.6407087"
"Non-Product Taxes","2009","Southern","Euro Million","719.1677468"
"Non-Product Taxes","2009","Eastern and Midland","Euro Million","1139.716486"
"Non-Product Taxes","2009","Ireland","Euro Million","2078.524942"
"Non-Product Taxes","2010","Northern and Western","Euro Million","272.6205524"
"Non-Product Taxes","2010","Southern","Euro Million","706.4289168"
"Non-Product Taxes","2010","Eastern and Midland","Euro Million","1017.668742"
"Non-Product Taxes","2010","Ireland","Euro Million","1996.718211"
"Non-Product Taxes","2011","Northern and Western","Euro Million","245.9772492"
"Non-Product Taxes","2011","Southern","Euro Million","753.4512331"
"Non-Product Taxes","2011","Eastern and Midland","Euro Million","1089.473581"
"Non-Product Taxes","2011","Ireland","Euro Million","2088.902063"
"Non-Product Taxes","2012","Northern and Western","Euro Million","241.3506933"
"Non-Product Taxes","2012","Southern","Euro Million","776.2685003"
"Non-Product Taxes","2012","Eastern and Midland","Euro Million","1246.393645"
"Non-Product Taxes","2012","Ireland","Euro Million","2264.012839"
"Non-Product Taxes","2013","Northern and Western","Euro Million","273.4218884"
"Non-Product Taxes","2013","Southern","Euro Million","779.3848792"
"Non-Product Taxes","2013","Eastern and Midland","Euro Million","1508.721206"
"Non-Product Taxes","2013","Ireland","Euro Million","2561.527974"
"Non-Product Taxes","2014","Northern and Western","Euro Million","315.6938527"
"Non-Product Taxes","2014","Southern","Euro Million","882.9340111"
"Non-Product Taxes","2014","Eastern and Midland","Euro Million","1808.996773"
"Non-Product Taxes","2014","Ireland","Euro Million","3007.624637"
"Non-Product Taxes","2015","Northern and Western","Euro Million","258.6886796"
"Non-Product Taxes","2015","Southern","Euro Million","1247.676288"
"Non-Product Taxes","2015","Eastern and Midland","Euro Million","1654.439446"
"Non-Product Taxes","2015","Ireland","Euro Million","3160.804413"
"Non-Product Taxes","2016","Northern and Western","Euro Million","248.9910364"
"Non-Product Taxes","2016","Southern","Euro Million","1195.419579"
"Non-Product Taxes","2016","Eastern and Midland","Euro Million","1626.298229"
"Non-Product Taxes","2016","Ireland","Euro Million","3070.708845"
"Non-Product Taxes","2017","Northern and Western","Euro Million","248.1881989"
"Non-Product Taxes","2017","Southern","Euro Million","1326.186669"
"Non-Product Taxes","2017","Eastern and Midland","Euro Million","1780.94403"
"Non-Product Taxes","2017","Ireland","Euro Million","3355.318898"
"Non-Product Taxes","2018","Northern and Western","Euro Million","255.6159799"
"Non-Product Taxes","2018","Southern","Euro Million","1383.292221"
"Non-Product Taxes","2018","Eastern and Midland","Euro Million","2061.623097"
"Non-Product Taxes","2018","Ireland","Euro Million","3700.531298"
"Non-Product Taxes","2019","Northern and Western","Euro Million","284.234737"
"Non-Product Taxes","2019","Southern","Euro Million","1413.191909"
"Non-Product Taxes","2019","Eastern and Midland","Euro Million","2048.018056"
"Non-Product Taxes","2019","Ireland","Euro Million","3745.444702"
"Non-Product Taxes","2020","Northern and Western","Euro Million","256.5627173"
"Non-Product Taxes","2020","Southern","Euro Million","1105.607392"
"Non-Product Taxes","2020","Eastern and Midland","Euro Million","1656.424791"
"Non-Product Taxes","2020","Ireland","Euro Million","3018.5949"
"Non-Product Taxes","2021","Northern and Western","Euro Million","336.2042723"
"Non-Product Taxes","2021","Southern","Euro Million","1447.91877"
"Non-Product Taxes","2021","Eastern and Midland","Euro Million","2027.864167"
"Non-Product Taxes","2021","Ireland","Euro Million","3811.987209"
"Non-Product Taxes","2022","Northern and Western","Euro Million","355.4979065"
"Non-Product Taxes","2022","Southern","Euro Million","1500.875321"
"Non-Product Taxes","2022","Eastern and Midland","Euro Million","2234.13612"
"Non-Product Taxes","2022","Ireland","Euro Million","4090.509347"
"Non-Product Taxes","2023","Northern and Western","Euro Million","413.6422292"
"Non-Product Taxes","2023","Southern","Euro Million","1717.688187"
"Non-Product Taxes","2023","Eastern and Midland","Euro Million","2297.877762"
"Non-Product Taxes","2023","Ireland","Euro Million","4429.208178"
"Non-Product Taxes","2024","Northern and Western","Euro Million","403.9726226"
"Non-Product Taxes","2024","Southern","Euro Million","1618.448885"
"Non-Product Taxes","2024","Eastern and Midland","Euro Million","2513.218616"
"Non-Product Taxes","2024","Ireland","Euro Million","4535.640123"
"Non-Product Subsidies","2000","Northern and Western","Euro Million","214.7822562"
"Non-Product Subsidies","2000","Southern","Euro Million","565.250957"
"Non-Product Subsidies","2000","Eastern and Midland","Euro Million","316.8392329"
"Non-Product Subsidies","2000","Ireland","Euro Million","1096.872446"
"Non-Product Subsidies","2001","Northern and Western","Euro Million","305.6085696"
"Non-Product Subsidies","2001","Southern","Euro Million","804.6741673"
"Non-Product Subsidies","2001","Eastern and Midland","Euro Million","415.1135149"
"Non-Product Subsidies","2001","Ireland","Euro Million","1525.396252"
"Non-Product Subsidies","2002","Northern and Western","Euro Million","278.4261518"
"Non-Product Subsidies","2002","Southern","Euro Million","733.0144959"
"Non-Product Subsidies","2002","Eastern and Midland","Euro Million","385.6793531"
"Non-Product Subsidies","2002","Ireland","Euro Million","1397.120001"
"Non-Product Subsidies","2003","Northern and Western","Euro Million","286.7656766"
"Non-Product Subsidies","2003","Southern","Euro Million","754.7094951"
"Non-Product Subsidies","2003","Eastern and Midland","Euro Million","395.6457914"
"Non-Product Subsidies","2003","Ireland","Euro Million","1437.120963"
"Non-Product Subsidies","2004","Northern and Western","Euro Million","276.7869056"
"Non-Product Subsidies","2004","Southern","Euro Million","735.1697372"
"Non-Product Subsidies","2004","Eastern and Midland","Euro Million","408.8189806"
"Non-Product Subsidies","2004","Ireland","Euro Million","1420.775623"
"Non-Product Subsidies","2005","Northern and Western","Euro Million","519.7847104"
"Non-Product Subsidies","2005","Southern","Euro Million","1378.568142"
"Non-Product Subsidies","2005","Eastern and Midland","Euro Million","702.2573177"
"Non-Product Subsidies","2005","Ireland","Euro Million","2600.61017"
"Non-Product Subsidies","2006","Northern and Western","Euro Million","473.2161346"
"Non-Product Subsidies","2006","Southern","Euro Million","1248.553389"
"Non-Product Subsidies","2006","Eastern and Midland","Euro Million","666.6150969"
"Non-Product Subsidies","2006","Ireland","Euro Million","2388.384621"
"Non-Product Subsidies","2007","Northern and Western","Euro Million","462.0433463"
"Non-Product Subsidies","2007","Southern","Euro Million","1217.20958"
"Non-Product Subsidies","2007","Eastern and Midland","Euro Million","658.5555553"
"Non-Product Subsidies","2007","Ireland","Euro Million","2337.808482"
"Non-Product Subsidies","2008","Northern and Western","Euro Million","484.0566058"
"Non-Product Subsidies","2008","Southern","Euro Million","1275.505995"
"Non-Product Subsidies","2008","Eastern and Midland","Euro Million","682.9612092"
"Non-Product Subsidies","2008","Ireland","Euro Million","2442.52381"
"Non-Product Subsidies","2009","Northern and Western","Euro Million","475.8443167"
"Non-Product Subsidies","2009","Southern","Euro Million","1235.061044"
"Non-Product Subsidies","2009","Eastern and Midland","Euro Million","648.4220303"
"Non-Product Subsidies","2009","Ireland","Euro Million","2359.327391"
"Non-Product Subsidies","2010","Northern and Western","Euro Million","433.4303398"
"Non-Product Subsidies","2010","Southern","Euro Million","1151.341939"
"Non-Product Subsidies","2010","Eastern and Midland","Euro Million","626.0760794"
"Non-Product Subsidies","2010","Ireland","Euro Million","2210.848358"
"Non-Product Subsidies","2011","Northern and Western","Euro Million","448.6033428"
"Non-Product Subsidies","2011","Southern","Euro Million","1225.91932"
"Non-Product Subsidies","2011","Eastern and Midland","Euro Million","660.7423471"
"Non-Product Subsidies","2011","Ireland","Euro Million","2335.26501"
"Non-Product Subsidies","2012","Northern and Western","Euro Million","489.4850766"
"Non-Product Subsidies","2012","Southern","Euro Million","1207.99217"
"Non-Product Subsidies","2012","Eastern and Midland","Euro Million","727.4307392"
"Non-Product Subsidies","2012","Ireland","Euro Million","2424.907986"
"Non-Product Subsidies","2013","Northern and Western","Euro Million","418.4177353"
"Non-Product Subsidies","2013","Southern","Euro Million","1167.60935"
"Non-Product Subsidies","2013","Eastern and Midland","Euro Million","709.3510557"
"Non-Product Subsidies","2013","Ireland","Euro Million","2295.378141"
"Non-Product Subsidies","2014","Northern and Western","Euro Million","394.0250108"
"Non-Product Subsidies","2014","Southern","Euro Million","1131.590961"
"Non-Product Subsidies","2014","Eastern and Midland","Euro Million","664.9311326"
"Non-Product Subsidies","2014","Ireland","Euro Million","2190.547104"
"Non-Product Subsidies","2015","Northern and Western","Euro Million","485.8373523"
"Non-Product Subsidies","2015","Southern","Euro Million","1279.385864"
"Non-Product Subsidies","2015","Eastern and Midland","Euro Million","700.8253993"
"Non-Product Subsidies","2015","Ireland","Euro Million","2466.048616"
"Non-Product Subsidies","2016","Northern and Western","Euro Million","416.7672321"
"Non-Product Subsidies","2016","Southern","Euro Million","1207.002653"
"Non-Product Subsidies","2016","Eastern and Midland","Euro Million","686.5977624"
"Non-Product Subsidies","2016","Ireland","Euro Million","2310.367647"
"Non-Product Subsidies","2017","Northern and Western","Euro Million","362.1786285"
"Non-Product Subsidies","2017","Southern","Euro Million","1336.073898"
"Non-Product Subsidies","2017","Eastern and Midland","Euro Million","662.6009125"
"Non-Product Subsidies","2017","Ireland","Euro Million","2360.853439"
"Non-Product Subsidies","2018","Northern and Western","Euro Million","285.1618442"
"Non-Product Subsidies","2018","Southern","Euro Million","1223.159619"
"Non-Product Subsidies","2018","Eastern and Midland","Euro Million","653.0389077"
"Non-Product Subsidies","2018","Ireland","Euro Million","2161.360371"
"Non-Product Subsidies","2019","Northern and Western","Euro Million","325.1116538"
"Non-Product Subsidies","2019","Southern","Euro Million","1228.975563"
"Non-Product Subsidies","2019","Eastern and Midland","Euro Million","652.7563766"
"Non-Product Subsidies","2019","Ireland","Euro Million","2206.843594"
"Non-Product Subsidies","2020","Northern and Western","Euro Million","813.5590498"
"Non-Product Subsidies","2020","Southern","Euro Million","2457.815638"
"Non-Product Subsidies","2020","Eastern and Midland","Euro Million","3118.688897"
"Non-Product Subsidies","2020","Ireland","Euro Million","6390.063584"
"Non-Product Subsidies","2021","Northern and Western","Euro Million","901.4666282"
"Non-Product Subsidies","2021","Southern","Euro Million","2682.992321"
"Non-Product Subsidies","2021","Eastern and Midland","Euro Million","3493.391675"
"Non-Product Subsidies","2021","Ireland","Euro Million","7077.850624"
"Non-Product Subsidies","2022","Northern and Western","Euro Million","375.4636224"
"Non-Product Subsidies","2022","Southern","Euro Million","1419.486789"
"Non-Product Subsidies","2022","Eastern and Midland","Euro Million","1150.335562"
"Non-Product Subsidies","2022","Ireland","Euro Million","2945.285973"
"Non-Product Subsidies","2023","Northern and Western","Euro Million","284.1980318"
"Non-Product Subsidies","2023","Southern","Euro Million","1025.838786"
"Non-Product Subsidies","2023","Eastern and Midland","Euro Million","598.5066931"
"Non-Product Subsidies","2023","Ireland","Euro Million","1908.543511"
"Non-Product Subsidies","2024","Northern and Western","Euro Million","310.7177483"
"Non-Product Subsidies","2024","Southern","Euro Million","1094.492596"
"Non-Product Subsidies","2024","Eastern and Midland","Euro Million","671.9410822"
"Non-Product Subsidies","2024","Ireland","Euro Million","2077.151426"
"Gross Value Added (GVA) at Basic Prices","2000","Northern and Western","Euro Million","11562.95477"
"Gross Value Added (GVA) at Basic Prices","2000","Southern","Euro Million","29710.20351"
"Gross Value Added (GVA) at Basic Prices","2000","Eastern and Midland","Euro Million","55448.60036"
"Gross Value Added (GVA) at Basic Prices","2000","Ireland","Euro Million","96721.75863"
"Gross Value Added (GVA) at Basic Prices","2001","Northern and Western","Euro Million","13078.47571"
"Gross Value Added (GVA) at Basic Prices","2001","Southern","Euro Million","33798.97025"
"Gross Value Added (GVA) at Basic Prices","2001","Eastern and Midland","Euro Million","61936.37402"
"Gross Value Added (GVA) at Basic Prices","2001","Ireland","Euro Million","108813.82"
"Gross Value Added (GVA) at Basic Prices","2002","Northern and Western","Euro Million","14511.96954"
"Gross Value Added (GVA) at Basic Prices","2002","Southern","Euro Million","37867.62032"
"Gross Value Added (GVA) at Basic Prices","2002","Eastern and Midland","Euro Million","68225.02843"
"Gross Value Added (GVA) at Basic Prices","2002","Ireland","Euro Million","120604.6183"
"Gross Value Added (GVA) at Basic Prices","2003","Northern and Western","Euro Million","15311.34682"
"Gross Value Added (GVA) at Basic Prices","2003","Southern","Euro Million","39368.23377"
"Gross Value Added (GVA) at Basic Prices","2003","Eastern and Midland","Euro Million","74307.31455"
"Gross Value Added (GVA) at Basic Prices","2003","Ireland","Euro Million","128986.8951"
"Gross Value Added (GVA) at Basic Prices","2004","Northern and Western","Euro Million","16447.03616"
"Gross Value Added (GVA) at Basic Prices","2004","Southern","Euro Million","41362.5488"
"Gross Value Added (GVA) at Basic Prices","2004","Eastern and Midland","Euro Million","79619.59043"
"Gross Value Added (GVA) at Basic Prices","2004","Ireland","Euro Million","137429.1754"
"Gross Value Added (GVA) at Basic Prices","2005","Northern and Western","Euro Million","18138.03862"
"Gross Value Added (GVA) at Basic Prices","2005","Southern","Euro Million","44018.60312"
"Gross Value Added (GVA) at Basic Prices","2005","Eastern and Midland","Euro Million","87366.04059"
"Gross Value Added (GVA) at Basic Prices","2005","Ireland","Euro Million","149522.6823"
"Gross Value Added (GVA) at Basic Prices","2006","Northern and Western","Euro Million","18851.84127"
"Gross Value Added (GVA) at Basic Prices","2006","Southern","Euro Million","48122.61806"
"Gross Value Added (GVA) at Basic Prices","2006","Eastern and Midland","Euro Million","95603.61669"
"Gross Value Added (GVA) at Basic Prices","2006","Ireland","Euro Million","162578.076"
"Gross Value Added (GVA) at Basic Prices","2007","Northern and Western","Euro Million","20851.50181"
"Gross Value Added (GVA) at Basic Prices","2007","Southern","Euro Million","51699.62386"
"Gross Value Added (GVA) at Basic Prices","2007","Eastern and Midland","Euro Million","102514.8068"
"Gross Value Added (GVA) at Basic Prices","2007","Ireland","Euro Million","175065.9325"
"Gross Value Added (GVA) at Basic Prices","2008","Northern and Western","Euro Million","20195.04407"
"Gross Value Added (GVA) at Basic Prices","2008","Southern","Euro Million","47392.32677"
"Gross Value Added (GVA) at Basic Prices","2008","Eastern and Midland","Euro Million","99747.58167"
"Gross Value Added (GVA) at Basic Prices","2008","Ireland","Euro Million","167334.9525"
"Gross Value Added (GVA) at Basic Prices","2009","Northern and Western","Euro Million","16628.47271"
"Gross Value Added (GVA) at Basic Prices","2009","Southern","Euro Million","46241.31832"
"Gross Value Added (GVA) at Basic Prices","2009","Eastern and Midland","Euro Million","89466.06796"
"Gross Value Added (GVA) at Basic Prices","2009","Ireland","Euro Million","152335.859"
"Gross Value Added (GVA) at Basic Prices","2010","Northern and Western","Euro Million","17983.38953"
"Gross Value Added (GVA) at Basic Prices","2010","Southern","Euro Million","44307.58473"
"Gross Value Added (GVA) at Basic Prices","2010","Eastern and Midland","Euro Million","90032.77071"
"Gross Value Added (GVA) at Basic Prices","2010","Ireland","Euro Million","152323.745"
"Gross Value Added (GVA) at Basic Prices","2011","Northern and Western","Euro Million","17467.71014"
"Gross Value Added (GVA) at Basic Prices","2011","Southern","Euro Million","46827.95936"
"Gross Value Added (GVA) at Basic Prices","2011","Eastern and Midland","Euro Million","93983.111"
"Gross Value Added (GVA) at Basic Prices","2011","Ireland","Euro Million","158278.7805"
"Gross Value Added (GVA) at Basic Prices","2012","Northern and Western","Euro Million","16901.45875"
"Gross Value Added (GVA) at Basic Prices","2012","Southern","Euro Million","46871.00992"
"Gross Value Added (GVA) at Basic Prices","2012","Eastern and Midland","Euro Million","97687.36291"
"Gross Value Added (GVA) at Basic Prices","2012","Ireland","Euro Million","161459.8316"
"Gross Value Added (GVA) at Basic Prices","2013","Northern and Western","Euro Million","17787.13024"
"Gross Value Added (GVA) at Basic Prices","2013","Southern","Euro Million","45656.56399"
"Gross Value Added (GVA) at Basic Prices","2013","Eastern and Midland","Euro Million","105651.3213"
"Gross Value Added (GVA) at Basic Prices","2013","Ireland","Euro Million","169095.0156"
"Gross Value Added (GVA) at Basic Prices","2014","Northern and Western","Euro Million","19571.75994"
"Gross Value Added (GVA) at Basic Prices","2014","Southern","Euro Million","49753.33109"
"Gross Value Added (GVA) at Basic Prices","2014","Eastern and Midland","Euro Million","116842.9064"
"Gross Value Added (GVA) at Basic Prices","2014","Ireland","Euro Million","186167.9974"
"Gross Value Added (GVA) at Basic Prices","2015","Northern and Western","Euro Million","20991.81805"
"Gross Value Added (GVA) at Basic Prices","2015","Southern","Euro Million","99980.19008"
"Gross Value Added (GVA) at Basic Prices","2015","Eastern and Midland","Euro Million","133691.6441"
"Gross Value Added (GVA) at Basic Prices","2015","Ireland","Euro Million","254663.6522"
"Gross Value Added (GVA) at Basic Prices","2016","Northern and Western","Euro Million","21546.90953"
"Gross Value Added (GVA) at Basic Prices","2016","Southern","Euro Million","93816.32007"
"Gross Value Added (GVA) at Basic Prices","2016","Eastern and Midland","Euro Million","141702.8981"
"Gross Value Added (GVA) at Basic Prices","2016","Ireland","Euro Million","257066.1277"
"Gross Value Added (GVA) at Basic Prices","2017","Northern and Western","Euro Million","22598.50535"
"Gross Value Added (GVA) at Basic Prices","2017","Southern","Euro Million","107275.5313"
"Gross Value Added (GVA) at Basic Prices","2017","Eastern and Midland","Euro Million","156838.815"
"Gross Value Added (GVA) at Basic Prices","2017","Ireland","Euro Million","286712.8517"
"Gross Value Added (GVA) at Basic Prices","2018","Northern and Western","Euro Million","24007.13918"
"Gross Value Added (GVA) at Basic Prices","2018","Southern","Euro Million","113140.7692"
"Gross Value Added (GVA) at Basic Prices","2018","Eastern and Midland","Euro Million","177920.258"
"Gross Value Added (GVA) at Basic Prices","2018","Ireland","Euro Million","315068.1664"
"Gross Value Added (GVA) at Basic Prices","2019","Northern and Western","Euro Million","26337.71377"
"Gross Value Added (GVA) at Basic Prices","2019","Southern","Euro Million","124103.7795"
"Gross Value Added (GVA) at Basic Prices","2019","Eastern and Midland","Euro Million","192607.8343"
"Gross Value Added (GVA) at Basic Prices","2019","Ireland","Euro Million","343049.3276"
"Gross Value Added (GVA) at Basic Prices","2020","Northern and Western","Euro Million","29085.8205"
"Gross Value Added (GVA) at Basic Prices","2020","Southern","Euro Million","130494.3072"
"Gross Value Added (GVA) at Basic Prices","2020","Eastern and Midland","Euro Million","199085.1004"
"Gross Value Added (GVA) at Basic Prices","2020","Ireland","Euro Million","358665.2281"
"Gross Value Added (GVA) at Basic Prices","2021","Northern and Western","Euro Million","33731.70246"
"Gross Value Added (GVA) at Basic Prices","2021","Southern","Euro Million","155715.3288"
"Gross Value Added (GVA) at Basic Prices","2021","Eastern and Midland","Euro Million","233196.3522"
"Gross Value Added (GVA) at Basic Prices","2021","Ireland","Euro Million","422643.3834"
"Gross Value Added (GVA) at Basic Prices","2022","Northern and Western","Euro Million","38799.57101"
"Gross Value Added (GVA) at Basic Prices","2022","Southern","Euro Million","187099.3063"
"Gross Value Added (GVA) at Basic Prices","2022","Eastern and Midland","Euro Million","271079.057"
"Gross Value Added (GVA) at Basic Prices","2022","Ireland","Euro Million","496977.9342"
"Gross Value Added (GVA) at Basic Prices","2023","Northern and Western","Euro Million","42256.78637"
"Gross Value Added (GVA) at Basic Prices","2023","Southern","Euro Million","173635.4345"
"Gross Value Added (GVA) at Basic Prices","2023","Eastern and Midland","Euro Million","283381.6742"
"Gross Value Added (GVA) at Basic Prices","2023","Ireland","Euro Million","499273.895"
"Gross Value Added (GVA) at Basic Prices","2024","Northern and Western","Euro Million","42783.70505"
"Gross Value Added (GVA) at Basic Prices","2024","Southern","Euro Million","173602.6203"
"Gross Value Added (GVA) at Basic Prices","2024","Eastern and Midland","Euro Million","319491.0593"
"Gross Value Added (GVA) at Basic Prices","2024","Ireland","Euro Million","535877.3846"
"Gross Value Added (GVA) at Basic Prices per Person","2000","Northern and Western","Euro","16969.84697"
"Gross Value Added (GVA) at Basic Prices per Person","2000","Southern","Euro","22696.31308"
"Gross Value Added (GVA) at Basic Prices per Person","2000","Eastern and Midland","Euro","30569.74339"
"Gross Value Added (GVA) at Basic Prices per Person","2000","Ireland","Euro","25424.63363"
"Gross Value Added (GVA) at Basic Prices per Person","2001","Northern and Western","Euro","18962.38381"
"Gross Value Added (GVA) at Basic Prices per Person","2001","Southern","Euro","25443.3512"
"Gross Value Added (GVA) at Basic Prices per Person","2001","Eastern and Midland","Euro","33557.34211"
"Gross Value Added (GVA) at Basic Prices per Person","2001","Ireland","Euro","28162.42131"
"Gross Value Added (GVA) at Basic Prices per Person","2002","Northern and Western","Euro","20482.40834"
"Gross Value Added (GVA) at Basic Prices per Person","2002","Southern","Euro","28098.64994"
"Gross Value Added (GVA) at Basic Prices per Person","2002","Eastern and Midland","Euro","36373.60202"
"Gross Value Added (GVA) at Basic Prices per Person","2002","Ireland","Euro","30673.75808"
"Gross Value Added (GVA) at Basic Prices per Person","2003","Northern and Western","Euro","21085.02819"
"Gross Value Added (GVA) at Basic Prices per Person","2003","Southern","Euro","28816.90948"
"Gross Value Added (GVA) at Basic Prices per Person","2003","Eastern and Midland","Euro","39013.17538"
"Gross Value Added (GVA) at Basic Prices per Person","2003","Ireland","Euro","32270.97331"
"Gross Value Added (GVA) at Basic Prices per Person","2004","Northern and Western","Euro","22120.11852"
"Gross Value Added (GVA) at Basic Prices per Person","2004","Southern","Euro","29799.72355"
"Gross Value Added (GVA) at Basic Prices per Person","2004","Eastern and Midland","Euro","41130.17518"
"Gross Value Added (GVA) at Basic Prices per Person","2004","Ireland","Euro","33788.4164"
"Gross Value Added (GVA) at Basic Prices per Person","2005","Northern and Western","Euro","23912.71181"
"Gross Value Added (GVA) at Basic Prices per Person","2005","Southern","Euro","31020.38653"
"Gross Value Added (GVA) at Basic Prices per Person","2005","Eastern and Midland","Euro","44069.1398"
"Gross Value Added (GVA) at Basic Prices per Person","2005","Ireland","Euro","35942.87719"
"Gross Value Added (GVA) at Basic Prices per Person","2006","Northern and Western","Euro","24736.42261"
"Gross Value Added (GVA) at Basic Prices per Person","2006","Southern","Euro","33195.69845"
"Gross Value Added (GVA) at Basic Prices per Person","2006","Eastern and Midland","Euro","46453.50256"
"Gross Value Added (GVA) at Basic Prices per Person","2006","Ireland","Euro","38076.07276"
"Gross Value Added (GVA) at Basic Prices per Person","2007","Northern and Western","Euro","27100.16763"
"Gross Value Added (GVA) at Basic Prices per Person","2007","Southern","Euro","34722.12612"
"Gross Value Added (GVA) at Basic Prices per Person","2007","Eastern and Midland","Euro","47863.69454"
"Gross Value Added (GVA) at Basic Prices per Person","2007","Ireland","Euro","39786.04936"
"Gross Value Added (GVA) at Basic Prices per Person","2008","Northern and Western","Euro","25767.32711"
"Gross Value Added (GVA) at Basic Prices per Person","2008","Southern","Euro","31120.14061"
"Gross Value Added (GVA) at Basic Prices per Person","2008","Eastern and Midland","Euro","45559.26173"
"Gross Value Added (GVA) at Basic Prices per Person","2008","Ireland","Euro","37218.36404"
"Gross Value Added (GVA) at Basic Prices per Person","2009","Northern and Western","Euro","20360.02879"
"Gross Value Added (GVA) at Basic Prices per Person","2009","Southern","Euro","30142.45959"
"Gross Value Added (GVA) at Basic Prices per Person","2009","Eastern and Midland","Euro","40882.98977"
"Gross Value Added (GVA) at Basic Prices per Person","2009","Ireland","Euro","33560.37497"
"Gross Value Added (GVA) at Basic Prices per Person","2010","Northern and Western","Euro","22064.50519"
"Gross Value Added (GVA) at Basic Prices per Person","2010","Southern","Euro","28801.15208"
"Gross Value Added (GVA) at Basic Prices per Person","2010","Eastern and Midland","Euro","40806.47565"
"Gross Value Added (GVA) at Basic Prices per Person","2010","Ireland","Euro","33406.02451"
"Gross Value Added (GVA) at Basic Prices per Person","2011","Northern and Western","Euro","21297.45713"
"Gross Value Added (GVA) at Basic Prices per Person","2011","Southern","Euro","30374.51152"
"Gross Value Added (GVA) at Basic Prices per Person","2011","Eastern and Midland","Euro","42398.16019"
"Gross Value Added (GVA) at Basic Prices per Person","2011","Ireland","Euro","34569.68156"
"Gross Value Added (GVA) at Basic Prices per Person","2012","Northern and Western","Euro","20300.13086"
"Gross Value Added (GVA) at Basic Prices per Person","2012","Southern","Euro","30222.28122"
"Gross Value Added (GVA) at Basic Prices per Person","2012","Eastern and Midland","Euro","44122.87557"
"Gross Value Added (GVA) at Basic Prices per Person","2012","Ireland","Euro","35119.51357"
"Gross Value Added (GVA) at Basic Prices per Person","2013","Northern and Western","Euro","21311.51423"
"Gross Value Added (GVA) at Basic Prices per Person","2013","Southern","Euro","29280.35493"
"Gross Value Added (GVA) at Basic Prices per Person","2013","Eastern and Midland","Euro","47459.71194"
"Gross Value Added (GVA) at Basic Prices per Person","2013","Ireland","Euro","36600.32146"
"Gross Value Added (GVA) at Basic Prices per Person","2014","Northern and Western","Euro","23477.24774"
"Gross Value Added (GVA) at Basic Prices per Person","2014","Southern","Euro","31787.19187"
"Gross Value Added (GVA) at Basic Prices per Person","2014","Eastern and Midland","Euro","51846.9542"
"Gross Value Added (GVA) at Basic Prices per Person","2014","Ireland","Euro","40014.9565"
"Gross Value Added (GVA) at Basic Prices per Person","2015","Northern and Western","Euro","25125.88892"
"Gross Value Added (GVA) at Basic Prices per Person","2015","Southern","Euro","63687.52399"
"Gross Value Added (GVA) at Basic Prices per Person","2015","Eastern and Midland","Euro","58369.10827"
"Gross Value Added (GVA) at Basic Prices per Person","2015","Ireland","Euro","54232.53122"
"Gross Value Added (GVA) at Basic Prices per Person","2016","Northern and Western","Euro","25545.51947"
"Gross Value Added (GVA) at Basic Prices per Person","2016","Southern","Euro","59281.20621"
"Gross Value Added (GVA) at Basic Prices per Person","2016","Eastern and Midland","Euro","60910.04773"
"Gross Value Added (GVA) at Basic Prices per Person","2016","Ireland","Euro","54091.12095"
"Gross Value Added (GVA) at Basic Prices per Person","2017","Northern and Western","Euro","26430.61399"
"Gross Value Added (GVA) at Basic Prices per Person","2017","Southern","Euro","66893.19595"
"Gross Value Added (GVA) at Basic Prices per Person","2017","Eastern and Midland","Euro","66389.99656"
"Gross Value Added (GVA) at Basic Prices per Person","2017","Ireland","Euro","59470.63791"
"Gross Value Added (GVA) at Basic Prices per Person","2018","Northern and Western","Euro","27748.85757"
"Gross Value Added (GVA) at Basic Prices per Person","2018","Southern","Euro","69631.83767"
"Gross Value Added (GVA) at Basic Prices per Person","2018","Eastern and Midland","Euro","74120.89432"
"Gross Value Added (GVA) at Basic Prices per Person","2018","Ireland","Euro","64425.76223"
"Gross Value Added (GVA) at Basic Prices per Person","2019","Northern and Western","Euro","30056.35345"
"Gross Value Added (GVA) at Basic Prices per Person","2019","Southern","Euro","75329.50619"
"Gross Value Added (GVA) at Basic Prices per Person","2019","Eastern and Midland","Euro","78817.96453"
"Gross Value Added (GVA) at Basic Prices per Person","2019","Ireland","Euro","69059.28261"
"Gross Value Added (GVA) at Basic Prices per Person","2020","Northern and Western","Euro","32835.37393"
"Gross Value Added (GVA) at Basic Prices per Person","2020","Southern","Euro","78237.94889"
"Gross Value Added (GVA) at Basic Prices per Person","2020","Eastern and Midland","Euro","80253.37148"
"Gross Value Added (GVA) at Basic Prices per Person","2020","Ireland","Euro","71242.46643"
"Gross Value Added (GVA) at Basic Prices per Person","2021","Northern and Western","Euro","37692.4643"
"Gross Value Added (GVA) at Basic Prices per Person","2021","Southern","Euro","92509.68339"
"Gross Value Added (GVA) at Basic Prices per Person","2021","Eastern and Midland","Euro","92770.29878"
"Gross Value Added (GVA) at Basic Prices per Person","2021","Ireland","Euro","83003.92773"
"Gross Value Added (GVA) at Basic Prices per Person","2022","Northern and Western","Euro","42466.02381"
"Gross Value Added (GVA) at Basic Prices per Person","2022","Southern","Euro","108913.5578"
"Gross Value Added (GVA) at Basic Prices per Person","2022","Eastern and Midland","Euro","105551.5434"
"Gross Value Added (GVA) at Basic Prices per Person","2022","Ireland","Euro","95577.34365"
"Gross Value Added (GVA) at Basic Prices per Person","2023","Northern and Western","Euro","45156.8013"
"Gross Value Added (GVA) at Basic Prices per Person","2023","Southern","Euro","99126.78587"
"Gross Value Added (GVA) at Basic Prices per Person","2023","Eastern and Midland","Euro","108640.4239"
"Gross Value Added (GVA) at Basic Prices per Person","2023","Ireland","Euro","94276.16155"
"Gross Value Added (GVA) at Basic Prices per Person","2024","Northern and Western","Euro","44996.99473"
"Gross Value Added (GVA) at Basic Prices per Person","2024","Southern","Euro","97325.94295"
"Gross Value Added (GVA) at Basic Prices per Person","2024","Eastern and Midland","Euro","120541.9329"
"Gross Value Added (GVA) at Basic Prices per Person","2024","Ireland","Euro","99513.12086"
"Product Taxes","2000","Northern and Western","Euro Million","1603.894842"
"Product Taxes","2000","Southern","Euro Million","4121.095614"
"Product Taxes","2000","Eastern and Midland","Euro Million","7691.262825"
"Product Taxes","2000","Ireland","Euro Million","13416.25328"
"Product Taxes","2001","Northern and Western","Euro Million","1644.442893"
"Product Taxes","2001","Southern","Euro Million","4249.767149"
"Product Taxes","2001","Eastern and Midland","Euro Million","7787.668255"
"Product Taxes","2001","Ireland","Euro Million","13681.8783"
"Product Taxes","2002","Northern and Western","Euro Million","1813.351166"
"Product Taxes","2002","Southern","Euro Million","4731.769405"
"Product Taxes","2002","Eastern and Midland","Euro Million","8525.096097"
"Product Taxes","2002","Ireland","Euro Million","15070.21667"
"Product Taxes","2003","Northern and Western","Euro Million","1949.357462"
"Product Taxes","2003","Southern","Euro Million","5012.149563"
"Product Taxes","2003","Eastern and Midland","Euro Million","9460.40344"
"Product Taxes","2003","Ireland","Euro Million","16421.91047"
"Product Taxes","2004","Northern and Western","Euro Million","2199.00206"
"Product Taxes","2004","Southern","Euro Million","5530.256585"
"Product Taxes","2004","Eastern and Midland","Euro Million","10645.30057"
"Product Taxes","2004","Ireland","Euro Million","18374.55921"
"Product Taxes","2005","Northern and Western","Euro Million","2504.704649"
"Product Taxes","2005","Southern","Euro Million","6078.584472"
"Product Taxes","2005","Eastern and Midland","Euro Million","12064.48683"
"Product Taxes","2005","Ireland","Euro Million","20647.77595"
"Product Taxes","2006","Northern and Western","Euro Million","2716.757213"
"Product Taxes","2006","Southern","Euro Million","6934.997375"
"Product Taxes","2006","Eastern and Midland","Euro Million","13777.53035"
"Product Taxes","2006","Ireland","Euro Million","23429.28494"
"Product Taxes","2007","Northern and Western","Euro Million","2865.135343"
"Product Taxes","2007","Southern","Euro Million","7103.872941"
"Product Taxes","2007","Eastern and Midland","Euro Million","14086.21781"
"Product Taxes","2007","Ireland","Euro Million","24055.22609"
"Product Taxes","2008","Northern and Western","Euro Million","2487.324945"
"Product Taxes","2008","Southern","Euro Million","5837.081424"
"Product Taxes","2008","Eastern and Midland","Euro Million","12285.42247"
"Product Taxes","2008","Ireland","Euro Million","20609.82884"
"Product Taxes","2009","Northern and Western","Euro Million","1800.97108"
"Product Taxes","2009","Southern","Euro Million","5008.233677"
"Product Taxes","2009","Eastern and Midland","Euro Million","9689.753466"
"Product Taxes","2009","Ireland","Euro Million","16498.95822"
"Product Taxes","2010","Northern and Western","Euro Million","1925.395073"
"Product Taxes","2010","Southern","Euro Million","4743.800115"
"Product Taxes","2010","Eastern and Midland","Euro Million","9639.375983"
"Product Taxes","2010","Ireland","Euro Million","16308.57117"
"Product Taxes","2011","Northern and Western","Euro Million","1759.709389"
"Product Taxes","2011","Southern","Euro Million","4717.481519"
"Product Taxes","2011","Eastern and Midland","Euro Million","9467.924618"
"Product Taxes","2011","Ireland","Euro Million","15945.11553"
"Product Taxes","2012","Northern and Western","Euro Million","1710.561428"
"Product Taxes","2012","Southern","Euro Million","4743.717263"
"Product Taxes","2012","Eastern and Midland","Euro Million","9886.73448"
"Product Taxes","2012","Ireland","Euro Million","16341.01317"
"Product Taxes","2013","Northern and Western","Euro Million","1787.847187"
"Product Taxes","2013","Southern","Euro Million","4589.102258"
"Product Taxes","2013","Eastern and Midland","Euro Million","10619.38689"
"Product Taxes","2013","Ireland","Euro Million","16996.33634"
"Product Taxes","2014","Northern and Western","Euro Million","1947.776168"
"Product Taxes","2014","Southern","Euro Million","4951.43783"
"Product Taxes","2014","Eastern and Midland","Euro Million","11628.17392"
"Product Taxes","2014","Ireland","Euro Million","18527.38792"
"Product Taxes","2015","Northern and Western","Euro Million","1619.958768"
"Product Taxes","2015","Southern","Euro Million","7715.567334"
"Product Taxes","2015","Eastern and Midland","Euro Million","10317.11263"
"Product Taxes","2015","Ireland","Euro Million","19652.63873"
"Product Taxes","2016","Northern and Western","Euro Million","1750.597687"
"Product Taxes","2016","Southern","Euro Million","7622.189748"
"Product Taxes","2016","Eastern and Midland","Euro Million","11512.77706"
"Product Taxes","2016","Ireland","Euro Million","20885.56449"
"Product Taxes","2017","Northern and Western","Euro Million","1712.485973"
"Product Taxes","2017","Southern","Euro Million","8129.203229"
"Product Taxes","2017","Eastern and Midland","Euro Million","11885.04578"
"Product Taxes","2017","Ireland","Euro Million","21726.73498"
"Product Taxes","2018","Northern and Western","Euro Million","1710.551104"
"Product Taxes","2018","Southern","Euro Million","8061.479805"
"Product Taxes","2018","Eastern and Midland","Euro Million","12677.13289"
"Product Taxes","2018","Ireland","Euro Million","22449.1638"
"Product Taxes","2019","Northern and Western","Euro Million","1861.456269"
"Product Taxes","2019","Southern","Euro Million","8771.215316"
"Product Taxes","2019","Eastern and Midland","Euro Million","13612.83913"
"Product Taxes","2019","Ireland","Euro Million","24245.51072"
"Product Taxes","2020","Northern and Western","Euro Million","1713.853264"
"Product Taxes","2020","Southern","Euro Million","7689.248249"
"Product Taxes","2020","Eastern and Midland","Euro Million","11730.89304"
"Product Taxes","2020","Ireland","Euro Million","21133.99455"
"Product Taxes","2021","Northern and Western","Euro Million","2104.415322"
"Product Taxes","2021","Southern","Euro Million","9714.59191"
"Product Taxes","2021","Eastern and Midland","Euro Million","14548.39041"
"Product Taxes","2021","Ireland","Euro Million","26367.39764"
"Product Taxes","2022","Northern and Western","Euro Million","2216.88639"
"Product Taxes","2022","Southern","Euro Million","10690.2704"
"Product Taxes","2022","Eastern and Midland","Euro Million","15488.61125"
"Product Taxes","2022","Ireland","Euro Million","28395.76805"
"Product Taxes","2023","Northern and Western","Euro Million","2515.726257"
"Product Taxes","2023","Southern","Euro Million","10337.25608"
"Product Taxes","2023","Eastern and Midland","Euro Million","16870.9166"
"Product Taxes","2023","Ireland","Euro Million","29723.89894"
"Product Taxes","2024","Northern and Western","Euro Million","2531.022556"
"Product Taxes","2024","Southern","Euro Million","10270.08173"
"Product Taxes","2024","Eastern and Midland","Euro Million","18900.6323"
"Product Taxes","2024","Ireland","Euro Million","31701.73659"
"Product Subsidies","2000","Northern and Western","Euro Million","196.600224"
"Product Subsidies","2000","Southern","Euro Million","505.1505245"
"Product Subsidies","2000","Eastern and Midland","Euro Million","942.7700335"
"Product Subsidies","2000","Ireland","Euro Million","1644.520782"
"Product Subsidies","2001","Northern and Western","Euro Million","171.6610021"
"Product Subsidies","2001","Southern","Euro Million","443.6270122"
"Product Subsidies","2001","Eastern and Midland","Euro Million","812.9433635"
"Product Subsidies","2001","Ireland","Euro Million","1428.231378"
"Product Subsidies","2002","Northern and Western","Euro Million","227.8547971"
"Product Subsidies","2002","Southern","Euro Million","594.5656736"
"Product Subsidies","2002","Eastern and Midland","Euro Million","1071.212282"
"Product Subsidies","2002","Ireland","Euro Million","1893.632753"
"Product Subsidies","2003","Northern and Western","Euro Million","224.5267266"
"Product Subsidies","2003","Southern","Euro Million","577.2987029"
"Product Subsidies","2003","Eastern and Midland","Euro Million","1089.647978"
"Product Subsidies","2003","Ireland","Euro Million","1891.473407"
"Product Subsidies","2004","Northern and Western","Euro Million","228.301986"
"Product Subsidies","2004","Southern","Euro Million","574.1552428"
"Product Subsidies","2004","Eastern and Midland","Euro Million","1105.202813"
"Product Subsidies","2004","Ireland","Euro Million","1907.660041"
"Product Subsidies","2005","Northern and Western","Euro Million","165.5368646"
"Product Subsidies","2005","Southern","Euro Million","401.7359153"
"Product Subsidies","2005","Eastern and Midland","Euro Million","797.3464353"
"Product Subsidies","2005","Ireland","Euro Million","1364.619215"
"Product Subsidies","2006","Northern and Western","Euro Million","123.714469"
"Product Subsidies","2006","Southern","Euro Million","315.8027938"
"Product Subsidies","2006","Eastern and Midland","Euro Million","627.3949852"
"Product Subsidies","2006","Ireland","Euro Million","1066.912248"
"Product Subsidies","2007","Northern and Western","Euro Million","141.5540749"
"Product Subsidies","2007","Southern","Euro Million","350.9719584"
"Product Subsidies","2007","Eastern and Midland","Euro Million","695.9397347"
"Product Subsidies","2007","Ireland","Euro Million","1188.465768"
"Product Subsidies","2008","Northern and Western","Euro Million","154.0543062"
"Product Subsidies","2008","Southern","Euro Million","361.523946"
"Product Subsidies","2008","Eastern and Midland","Euro Million","760.9067077"
"Product Subsidies","2008","Ireland","Euro Million","1276.48496"
"Product Subsidies","2009","Northern and Western","Euro Million","136.322293"
"Product Subsidies","2009","Southern","Euro Million","379.0920944"
"Product Subsidies","2009","Eastern and Midland","Euro Million","733.4539826"
"Product Subsidies","2009","Ireland","Euro Million","1248.86837"
"Product Subsidies","2010","Northern and Western","Euro Million","131.1278605"
"Product Subsidies","2010","Southern","Euro Million","323.0736218"
"Product Subsidies","2010","Eastern and Midland","Euro Million","656.483839"
"Product Subsidies","2010","Ireland","Euro Million","1110.685321"
"Product Subsidies","2011","Northern and Western","Euro Million","120.0533642"
"Product Subsidies","2011","Southern","Euro Million","321.8426466"
"Product Subsidies","2011","Eastern and Midland","Euro Million","645.9340445"
"Product Subsidies","2011","Ireland","Euro Million","1087.830055"
"Product Subsidies","2012","Northern and Western","Euro Million","118.0053121"
"Product Subsidies","2012","Southern","Euro Million","327.251525"
"Product Subsidies","2012","Eastern and Midland","Euro Million","682.0492784"
"Product Subsidies","2012","Ireland","Euro Million","1127.306116"
"Product Subsidies","2013","Northern and Western","Euro Million","113.5067887"
"Product Subsidies","2013","Southern","Euro Million","291.3527868"
"Product Subsidies","2013","Eastern and Midland","Euro Million","674.2033174"
"Product Subsidies","2013","Ireland","Euro Million","1079.062893"
"Product Subsidies","2014","Northern and Western","Euro Million","103.1341829"
"Product Subsidies","2014","Southern","Euro Million","262.1771964"
"Product Subsidies","2014","Eastern and Midland","Euro Million","615.7084348"
"Product Subsidies","2014","Ireland","Euro Million","981.0198141"
"Product Subsidies","2015","Northern and Western","Euro Million","73.60473975"
"Product Subsidies","2015","Southern","Euro Million","350.5659136"
"Product Subsidies","2015","Eastern and Midland","Euro Million","468.7701966"
"Product Subsidies","2015","Ireland","Euro Million","892.9408499"
"Product Subsidies","2016","Northern and Western","Euro Million","78.49836742"
"Product Subsidies","2016","Southern","Euro Million","341.7858118"
"Product Subsidies","2016","Eastern and Midland","Euro Million","516.2432295"
"Product Subsidies","2016","Ireland","Euro Million","936.5274087"
"Product Subsidies","2017","Northern and Western","Euro Million","75.50547311"
"Product Subsidies","2017","Southern","Euro Million","358.4259057"
"Product Subsidies","2017","Eastern and Midland","Euro Million","524.0253171"
"Product Subsidies","2017","Ireland","Euro Million","957.9566959"
"Product Subsidies","2018","Northern and Western","Euro Million","78.29223409"
"Product Subsidies","2018","Southern","Euro Million","368.9753918"
"Product Subsidies","2018","Eastern and Midland","Euro Million","580.2346703"
"Product Subsidies","2018","Ireland","Euro Million","1027.502296"
"Product Subsidies","2019","Northern and Western","Euro Million","82.87222491"
"Product Subsidies","2019","Southern","Euro Million","390.4954097"
"Product Subsidies","2019","Eastern and Midland","Euro Million","606.0450008"
"Product Subsidies","2019","Ireland","Euro Million","1079.412635"
"Product Subsidies","2020","Northern and Western","Euro Million","106.6843466"
"Product Subsidies","2020","Southern","Euro Million","478.6421582"
"Product Subsidies","2020","Eastern and Midland","Euro Million","730.2274264"
"Product Subsidies","2020","Ireland","Euro Million","1315.553931"
"Product Subsidies","2021","Northern and Western","Euro Million","118.0627021"
"Product Subsidies","2021","Southern","Euro Million","545.0116992"
"Product Subsidies","2021","Eastern and Midland","Euro Million","816.1992858"
"Product Subsidies","2021","Ireland","Euro Million","1479.273687"
"Product Subsidies","2022","Northern and Western","Euro Million","133.0620028"
"Product Subsidies","2022","Southern","Euro Million","641.6516411"
"Product Subsidies","2022","Eastern and Midland","Euro Million","929.657759"
"Product Subsidies","2022","Ireland","Euro Million","1704.371403"
"Product Subsidies","2023","Northern and Western","Euro Million","155.9800012"
"Product Subsidies","2023","Southern","Euro Million","640.9303122"
"Product Subsidies","2023","Eastern and Midland","Euro Million","1046.030181"
"Product Subsidies","2023","Ireland","Euro Million","1842.940494"
"Product Subsidies","2024","Northern and Western","Euro Million","158.1786724"
"Product Subsidies","2024","Southern","Euro Million","641.8385683"
"Product Subsidies","2024","Eastern and Midland","Euro Million","1181.21307"
"Product Subsidies","2024","Ireland","Euro Million","1981.230311"
"Gross Domestic Product in Current Market Prices","2000","Northern and Western","Euro Million","12970.4643"
"Gross Domestic Product in Current Market Prices","2000","Southern","Euro Million","33326.70081"
"Gross Domestic Product in Current Market Prices","2000","Eastern and Midland","Euro Million","62198.12377"
"Gross Domestic Product in Current Market Prices","2000","Ireland","Euro Million","108495.2889"
"Gross Domestic Product in Current Market Prices","2001","Northern and Western","Euro Million","14674.0579"
"Gross Domestic Product in Current Market Prices","2001","Southern","Euro Million","37922.46568"
"Gross Domestic Product in Current Market Prices","2001","Eastern and Midland","Euro Million","69492.65025"
"Gross Domestic Product in Current Market Prices","2001","Ireland","Euro Million","122089.1738"
"Gross Domestic Product in Current Market Prices","2002","Northern and Western","Euro Million","16364.19333"
"Gross Domestic Product in Current Market Prices","2002","Southern","Euro Million","42700.82418"
"Gross Domestic Product in Current Market Prices","2002","Eastern and Midland","Euro Million","76932.87614"
"Gross Domestic Product in Current Market Prices","2002","Ireland","Euro Million","135997.8936"
"Gross Domestic Product in Current Market Prices","2003","Northern and Western","Euro Million","17280.65245"
"Gross Domestic Product in Current Market Prices","2003","Southern","Euro Million","44431.67367"
"Gross Domestic Product in Current Market Prices","2003","Eastern and Midland","Euro Million","83864.52822"
"Gross Domestic Product in Current Market Prices","2003","Ireland","Euro Million","145576.8543"
"Gross Domestic Product in Current Market Prices","2004","Northern and Western","Euro Million","18700.63656"
"Gross Domestic Product in Current Market Prices","2004","Southern","Euro Million","47030.11441"
"Gross Domestic Product in Current Market Prices","2004","Eastern and Midland","Euro Million","90529.19985"
"Gross Domestic Product in Current Market Prices","2004","Ireland","Euro Million","156259.9508"
"Gross Domestic Product in Current Market Prices","2005","Northern and Western","Euro Million","20659.27816"
"Gross Domestic Product in Current Market Prices","2005","Southern","Euro Million","50137.31557"
"Gross Domestic Product in Current Market Prices","2005","Eastern and Midland","Euro Million","99510.17154"
"Gross Domestic Product in Current Market Prices","2005","Ireland","Euro Million","170306.7653"
"Gross Domestic Product in Current Market Prices","2006","Northern and Western","Euro Million","21442.0772"
"Gross Domestic Product in Current Market Prices","2006","Southern","Euro Million","54734.64776"
"Gross Domestic Product in Current Market Prices","2006","Eastern and Midland","Euro Million","108739.5178"
"Gross Domestic Product in Current Market Prices","2006","Ireland","Euro Million","184916.2428"
"Gross Domestic Product in Current Market Prices","2007","Northern and Western","Euro Million","23472.25876"
"Gross Domestic Product in Current Market Prices","2007","Southern","Euro Million","58197.5802"
"Gross Domestic Product in Current Market Prices","2007","Eastern and Midland","Euro Million","115399.557"
"Gross Domestic Product in Current Market Prices","2007","Ireland","Euro Million","197069.396"
"Gross Domestic Product in Current Market Prices","2008","Northern and Western","Euro Million","22602.49896"
"Gross Domestic Product in Current Market Prices","2008","Southern","Euro Million","53041.97471"
"Gross Domestic Product in Current Market Prices","2008","Eastern and Midland","Euro Million","111638.5091"
"Gross Domestic Product in Current Market Prices","2008","Ireland","Euro Million","187282.9828"
"Gross Domestic Product in Current Market Prices","2009","Northern and Western","Euro Million","18504.20475"
"Gross Domestic Product in Current Market Prices","2009","Southern","Euro Million","51457.45115"
"Gross Domestic Product in Current Market Prices","2009","Eastern and Midland","Euro Million","99558.05736"
"Gross Domestic Product in Current Market Prices","2009","Ireland","Euro Million","169519.7133"
"Gross Domestic Product in Current Market Prices","2010","Northern and Western","Euro Million","19746.18564"
"Gross Domestic Product in Current Market Prices","2010","Southern","Euro Million","48650.77253"
"Gross Domestic Product in Current Market Prices","2010","Eastern and Midland","Euro Million","98858.10466"
"Gross Domestic Product in Current Market Prices","2010","Ireland","Euro Million","167255.0628"
"Gross Domestic Product in Current Market Prices","2011","Northern and Western","Euro Million","19105.6389"
"Gross Domestic Product in Current Market Prices","2011","Southern","Euro Million","51218.96774"
"Gross Domestic Product in Current Market Prices","2011","Eastern and Midland","Euro Million","102795.8082"
"Gross Domestic Product in Current Market Prices","2011","Ireland","Euro Million","173120.4149"
"Gross Domestic Product in Current Market Prices","2012","Northern and Western","Euro Million","18488.61031"
"Gross Domestic Product in Current Market Prices","2012","Southern","Euro Million","51272.48778"
"Gross Domestic Product in Current Market Prices","2012","Eastern and Midland","Euro Million","106860.8108"
"Gross Domestic Product in Current Market Prices","2012","Ireland","Euro Million","176621.9089"
"Gross Domestic Product in Current Market Prices","2013","Northern and Western","Euro Million","19240.18598"
"Gross Domestic Product in Current Market Prices","2013","Southern","Euro Million","49386.31308"
"Gross Domestic Product in Current Market Prices","2013","Eastern and Midland","Euro Million","114282.1267"
"Gross Domestic Product in Current Market Prices","2013","Ireland","Euro Million","182908.6258"
"Gross Domestic Product in Current Market Prices","2014","Northern and Western","Euro Million","21088.45077"
"Gross Domestic Product in Current Market Prices","2014","Southern","Euro Million","53608.90777"
"Gross Domestic Product in Current Market Prices","2014","Eastern and Midland","Euro Million","125897.5119"
"Gross Domestic Product in Current Market Prices","2014","Ireland","Euro Million","200594.8704"
"Gross Domestic Product in Current Market Prices","2015","Northern and Western","Euro Million","22444.16532"
"Gross Domestic Product in Current Market Prices","2015","Southern","Euro Million","106897.4545"
"Gross Domestic Product in Current Market Prices","2015","Eastern and Midland","Euro Million","142941.281"
"Gross Domestic Product in Current Market Prices","2015","Ireland","Euro Million","272282.9008"
"Gross Domestic Product in Current Market Prices","2016","Northern and Western","Euro Million","23128.31517"
"Gross Domestic Product in Current Market Prices","2016","Southern","Euro Million","100701.8392"
"Gross Domestic Product in Current Market Prices","2016","Eastern and Midland","Euro Million","152102.9865"
"Gross Domestic Product in Current Market Prices","2016","Ireland","Euro Million","275933.1409"
"Gross Domestic Product in Current Market Prices","2017","Northern and Western","Euro Million","24305.18754"
"Gross Domestic Product in Current Market Prices","2017","Southern","Euro Million","115377.1839"
"Gross Domestic Product in Current Market Prices","2017","Eastern and Midland","Euro Million","168683.5812"
"Gross Domestic Product in Current Market Prices","2017","Ireland","Euro Million","308365.9526"
"Gross Domestic Product in Current Market Prices","2018","Northern and Western","Euro Million","25536.23767"
"Gross Domestic Product in Current Market Prices","2018","Southern","Euro Million","120347.0997"
"Gross Domestic Product in Current Market Prices","2018","Eastern and Midland","Euro Million","189252.6202"
"Gross Domestic Product in Current Market Prices","2018","Ireland","Euro Million","335135.9575"
"Gross Domestic Product in Current Market Prices","2019","Northern and Western","Euro Million","27927.21572"
"Gross Domestic Product in Current Market Prices","2019","Southern","Euro Million","131593.5412"
"Gross Domestic Product in Current Market Prices","2019","Eastern and Midland","Euro Million","204231.8701"
"Gross Domestic Product in Current Market Prices","2019","Ireland","Euro Million","363752.6271"
"Gross Domestic Product in Current Market Prices","2020","Northern and Western","Euro Million","30956.14345"
"Gross Domestic Product in Current Market Prices","2020","Southern","Euro Million","138885.5609"
"Gross Domestic Product in Current Market Prices","2020","Eastern and Midland","Euro Million","211886.989"
"Gross Domestic Product in Current Market Prices","2020","Ireland","Euro Million","381728.6933"
"Gross Domestic Product in Current Market Prices","2021","Northern and Western","Euro Million","35790.97191"
"Gross Domestic Product in Current Market Prices","2021","Southern","Euro Million","165221.5143"
"Gross Domestic Product in Current Market Prices","2021","Eastern and Midland","Euro Million","247432.637"
"Gross Domestic Product in Current Market Prices","2021","Ireland","Euro Million","448445.1232"
"Gross Domestic Product in Current Market Prices","2022","Northern and Western","Euro Million","40653.01265"
"Gross Domestic Product in Current Market Prices","2022","Southern","Euro Million","196036.9733"
"Gross Domestic Product in Current Market Prices","2022","Eastern and Midland","Euro Million","284028.4066"
"Gross Domestic Product in Current Market Prices","2022","Ireland","Euro Million","520718.3926"
"Gross Domestic Product in Current Market Prices","2023","Northern and Western","Euro Million","44411.19592"
"Gross Domestic Product in Current Market Prices","2023","Southern","Euro Million","182488.0205"
"Gross Domestic Product in Current Market Prices","2023","Eastern and Midland","Euro Million","297829.5354"
"Gross Domestic Product in Current Market Prices","2023","Ireland","Euro Million","524728.7518"
"Gross Domestic Product in Current Market Prices","2024","Northern and Western","Euro Million","44932.70685"
"Gross Domestic Product in Current Market Prices","2024","Southern","Euro Million","182322.5837"
"Gross Domestic Product in Current Market Prices","2024","Eastern and Midland","Euro Million","335538.9181"
"Gross Domestic Product in Current Market Prices","2024","Ireland","Euro Million","562794.2086"
"Gross Domestic Product (GDP) per Person","2000","Northern and Western","Euro","19035.51461"
"Gross Domestic Product (GDP) per Person","2000","Southern","Euro","25459.03919"
"Gross Domestic Product (GDP) per Person","2000","Eastern and Midland","Euro","34290.86885"
"Gross Domestic Product (GDP) per Person","2000","Ireland","Euro","28519.46666"
"Gross Domestic Product (GDP) per Person","2001","Northern and Western","Euro","21275.80645"
"Gross Domestic Product (GDP) per Person","2001","Southern","Euro","28547.4559"
"Gross Domestic Product (GDP) per Person","2001","Eastern and Midland","Euro","37651.35876"
"Gross Domestic Product (GDP) per Person","2001","Ireland","Euro","31598.25426"
"Gross Domestic Product (GDP) per Person","2002","Northern and Western","Euro","23096.66437"
"Gross Domestic Product (GDP) per Person","2002","Southern","Euro","31684.99897"
"Gross Domestic Product (GDP) per Person","2002","Eastern and Midland","Euro","41016.11803"
"Gross Domestic Product (GDP) per Person","2002","Ireland","Euro","34588.77901"
"Gross Domestic Product (GDP) per Person","2003","Northern and Western","Euro","23796.92971"
"Gross Domestic Product (GDP) per Person","2003","Southern","Euro","32523.26548"
"Gross Domestic Product (GDP) per Person","2003","Eastern and Midland","Euro","44030.94859"
"Gross Domestic Product (GDP) per Person","2003","Ireland","Euro","36421.58202"
"Gross Domestic Product (GDP) per Person","2004","Northern and Western","Euro","25151.05415"
"Gross Domestic Product (GDP) per Person","2004","Southern","Euro","33882.9315"
"Gross Domestic Product (GDP) per Person","2004","Eastern and Midland","Euro","46765.90057"
"Gross Domestic Product (GDP) per Person","2004","Ireland","Euro","38418.16172"
"Gross Domestic Product (GDP) per Person","2005","Northern and Western","Euro","27236.64754"
"Gross Domestic Product (GDP) per Person","2005","Southern","Euro","35332.30949"
"Gross Domestic Product (GDP) per Person","2005","Eastern and Midland","Euro","50194.877"
"Gross Domestic Product (GDP) per Person","2005","Ireland","Euro","40939.04051"
"Gross Domestic Product (GDP) per Person","2006","Northern and Western","Euro","28135.19782"
"Gross Domestic Product (GDP) per Person","2006","Southern","Euro","37756.77499"
"Gross Domestic Product (GDP) per Person","2006","Eastern and Midland","Euro","52836.19642"
"Gross Domestic Product (GDP) per Person","2006","Ireland","Euro","43307.7109"
"Gross Domestic Product (GDP) per Person","2007","Northern and Western","Euro","30506.29891"
"Gross Domestic Product (GDP) per Person","2007","Southern","Euro","39086.2364"
"Gross Domestic Product (GDP) per Person","2007","Eastern and Midland","Euro","53879.52549"
"Gross Domestic Product (GDP) per Person","2007","Ireland","Euro","44786.62756"
"Gross Domestic Product (GDP) per Person","2008","Northern and Western","Euro","28839.05489"
"Gross Domestic Product (GDP) per Person","2008","Southern","Euro","34829.97826"
"Gross Domestic Product (GDP) per Person","2008","Eastern and Midland","Euro","50990.38965"
"Gross Domestic Product (GDP) per Person","2008","Ireland","Euro","41655.17202"
"Gross Domestic Product (GDP) per Person","2009","Northern and Western","Euro","22656.68941"
"Gross Domestic Product (GDP) per Person","2009","Southern","Euro","33542.60212"
"Gross Domestic Product (GDP) per Person","2009","Eastern and Midland","Euro","45494.69014"
"Gross Domestic Product (GDP) per Person","2009","Ireland","Euro","37346.06664"
"Gross Domestic Product (GDP) per Person","2010","Northern and Western","Euro","24227.34684"
"Gross Domestic Product (GDP) per Person","2010","Southern","Euro","31624.34393"
"Gross Domestic Product (GDP) per Person","2010","Eastern and Midland","Euro","44806.47223"
"Gross Domestic Product (GDP) per Person","2010","Ireland","Euro","36680.60242"
"Gross Domestic Product (GDP) per Person","2011","Northern and Western","Euro","23294.49723"
"Gross Domestic Product (GDP) per Person","2011","Southern","Euro","33222.69745"
"Gross Domestic Product (GDP) per Person","2011","Eastern and Midland","Euro","46373.79098"
"Gross Domestic Product (GDP) per Person","2011","Ireland","Euro","37811.24415"
"Gross Domestic Product (GDP) per Person","2012","Northern and Western","Euro","22206.43876"
"Gross Domestic Product (GDP) per Person","2012","Southern","Euro","33060.34044"
"Gross Domestic Product (GDP) per Person","2012","Eastern and Midland","Euro","48266.28662"
"Gross Domestic Product (GDP) per Person","2012","Ireland","Euro","38417.45321"
"Gross Domestic Product (GDP) per Person","2013","Northern and Western","Euro","23052.48187"
"Gross Domestic Product (GDP) per Person","2013","Southern","Euro","31672.3084"
"Gross Domestic Product (GDP) per Person","2013","Eastern and Midland","Euro","51336.76272"
"Gross Domestic Product (GDP) per Person","2013","Ireland","Euro","39590.25332"
"Gross Domestic Product (GDP) per Person","2014","Northern and Western","Euro","25296.58982"
"Gross Domestic Product (GDP) per Person","2014","Southern","Euro","34250.50344"
"Gross Domestic Product (GDP) per Person","2014","Eastern and Midland","Euro","55864.77378"
"Gross Domestic Product (GDP) per Person","2014","Ireland","Euro","43115.86914"
"Gross Domestic Product (GDP) per Person","2015","Northern and Western","Euro","26864.25746"
"Gross Domestic Product (GDP) per Person","2015","Southern","Euro","68093.83133"
"Gross Domestic Product (GDP) per Person","2015","Eastern and Midland","Euro","62407.45383"
"Gross Domestic Product (GDP) per Person","2015","Ireland","Euro","57984.68211"
"Gross Domestic Product (GDP) per Person","2016","Northern and Western","Euro","27420.39757"
"Gross Domestic Product (GDP) per Person","2016","Southern","Euro","63632.06841"
"Gross Domestic Product (GDP) per Person","2016","Eastern and Midland","Euro","65380.45651"
"Gross Domestic Product (GDP) per Person","2016","Ireland","Euro","58061.06402"
"Gross Domestic Product (GDP) per Person","2017","Northern and Western","Euro","28426.70433"
"Gross Domestic Product (GDP) per Person","2017","Southern","Euro","71945.09759"
"Gross Domestic Product (GDP) per Person","2017","Eastern and Midland","Euro","71403.89562"
"Gross Domestic Product (GDP) per Person","2017","Ireland","Euro","63961.97382"
"Gross Domestic Product (GDP) per Person","2018","Northern and Western","Euro","29516.27916"
"Gross Domestic Product (GDP) per Person","2018","Southern","Euro","74066.93243"
"Gross Domestic Product (GDP) per Person","2018","Eastern and Midland","Euro","78841.91277"
"Gross Domestic Product (GDP) per Person","2018","Ireland","Euro","68529.26388"
"Gross Domestic Product (GDP) per Person","2019","Northern and Western","Euro","31870.27825"
"Gross Domestic Product (GDP) per Person","2019","Southern","Euro","79875.70173"
"Gross Domestic Product (GDP) per Person","2019","Eastern and Midland","Euro","83574.6913"
"Gross Domestic Product (GDP) per Person","2019","Ireland","Euro","73227.06518"
"Gross Domestic Product (GDP) per Person","2020","Northern and Western","Euro","34946.80667"
"Gross Domestic Product (GDP) per Person","2020","Southern","Euro","83268.93063"
"Gross Domestic Product (GDP) per Person","2020","Eastern and Midland","Euro","85413.95214"
"Gross Domestic Product (GDP) per Person","2020","Ireland","Euro","75823.61347"
"Gross Domestic Product (GDP) per Person","2021","Northern and Western","Euro","39993.53228"
"Gross Domestic Product (GDP) per Person","2021","Southern","Euro","98157.25975"
"Gross Domestic Product (GDP) per Person","2021","Eastern and Midland","Euro","98433.78532"
"Gross Domestic Product (GDP) per Person","2021","Ireland","Euro","88071.19207"
"Gross Domestic Product (GDP) per Person","2022","Northern and Western","Euro","44494.61059"
"Gross Domestic Product (GDP) per Person","2022","Southern","Euro","114116.3195"
"Gross Domestic Product (GDP) per Person","2022","Eastern and Midland","Euro","110593.7029"
"Gross Domestic Product (GDP) per Person","2022","Ireland","Euro","100143.0392"
"Gross Domestic Product (GDP) per Person","2023","Northern and Western","Euro","47459.0645"
"Gross Domestic Product (GDP) per Person","2023","Southern","Euro","104180.6414"
"Gross Domestic Product (GDP) per Person","2023","Eastern and Midland","Euro","114179.3204"
"Gross Domestic Product (GDP) per Person","2023","Ireland","Euro","99082.71407"
"Gross Domestic Product (GDP) per Person","2024","Northern and Western","Euro","47257.16884"
"Gross Domestic Product (GDP) per Person","2024","Southern","Euro","102214.5711"
"Gross Domestic Product (GDP) per Person","2024","Eastern and Midland","Euro","126596.6874"
"Gross Domestic Product (GDP) per Person","2024","Ireland","Euro","104511.6098"
"Population","2000","Northern and Western","Persons Thousand","681.382383"
"Population","2000","Southern","Persons Thousand","1309.03215"
"Population","2000","Eastern and Midland","Persons Thousand","1813.839248"
"Population","2000","Ireland","Persons Thousand","3804.253781"
"Population","2001","Northern and Western","Persons Thousand","689.706307"
"Population","2001","Southern","Persons Thousand","1328.400885"
"Population","2001","Eastern and Midland","Persons Thousand","1845.687713"
"Population","2001","Ireland","Persons Thousand","3863.794905"
"Population","2002","Northern and Western","Persons Thousand","708.508946"
"Population","2002","Southern","Persons Thousand","1347.666895"
"Population","2002","Eastern and Midland","Persons Thousand","1875.674243"
"Population","2002","Ireland","Persons Thousand","3931.850084"
"Population","2003","Northern and Western","Persons Thousand","726.171513"
"Population","2003","Southern","Persons Thousand","1366.150447"
"Population","2003","Eastern and Midland","Persons Thousand","1904.672302"
"Population","2003","Ireland","Persons Thousand","3996.994262"
"Population","2004","Northern and Western","Persons Thousand","743.532913"
"Population","2004","Southern","Persons Thousand","1388.01787"
"Population","2004","Eastern and Midland","Persons Thousand","1935.795072"
"Population","2004","Ireland","Persons Thousand","4067.345855"
"Population","2005","Northern and Western","Persons Thousand","758.510317"
"Population","2005","Southern","Persons Thousand","1419.021748"
"Population","2005","Eastern and Midland","Persons Thousand","1982.476649"
"Population","2005","Ireland","Persons Thousand","4160.008714"
"Population","2006","Northern and Western","Persons Thousand","762.108635"
"Population","2006","Southern","Persons Thousand","1449.664273"
"Population","2006","Eastern and Midland","Persons Thousand","2058.049693"
"Population","2006","Ireland","Persons Thousand","4269.822601"
"Population","2007","Northern and Western","Persons Thousand","769.423352"
"Population","2007","Southern","Persons Thousand","1488.953288"
"Population","2007","Eastern and Midland","Persons Thousand","2141.807226"
"Population","2007","Ireland","Persons Thousand","4400.183866"
"Population","2008","Northern and Western","Persons Thousand","783.746175"
"Population","2008","Southern","Persons Thousand","1522.882797"
"Population","2008","Eastern and Midland","Persons Thousand","2189.402942"
"Population","2008","Ireland","Persons Thousand","4496.031914"
"Population","2009","Northern and Western","Persons Thousand","816.721473"
"Population","2009","Southern","Persons Thousand","1534.092405"
"Population","2009","Eastern and Midland","Persons Thousand","2188.344553"
"Population","2009","Ireland","Persons Thousand","4539.158431"
"Population","2010","Northern and Western","Persons Thousand","815.037064"
"Population","2010","Southern","Persons Thousand","1538.396263"
"Population","2010","Eastern and Midland","Persons Thousand","2206.335374"
"Population","2010","Ireland","Persons Thousand","4559.768701"
"Population","2011","Northern and Western","Persons Thousand","820.178204"
"Population","2011","Southern","Persons Thousand","1541.686006"
"Population","2011","Eastern and Midland","Persons Thousand","2216.678992"
"Population","2011","Ireland","Persons Thousand","4578.543202"
"Population","2012","Northern and Western","Persons Thousand","832.578808"
"Population","2012","Southern","Persons Thousand","1550.875977"
"Population","2012","Eastern and Midland","Persons Thousand","2213.984507"
"Population","2012","Ireland","Persons Thousand","4597.439292"
"Population","2013","Northern and Western","Persons Thousand","834.62536"
"Population","2013","Southern","Persons Thousand","1559.289978"
"Population","2013","Eastern and Midland","Persons Thousand","2226.126477"
"Population","2013","Ireland","Persons Thousand","4620.041815"
"Population","2014","Northern and Western","Persons Thousand","833.647971"
"Population","2014","Southern","Persons Thousand","1565.200578"
"Population","2014","Eastern and Midland","Persons Thousand","2253.611773"
"Population","2014","Ireland","Persons Thousand","4652.460322"
"Population","2015","Northern and Western","Persons Thousand","835.465687"
"Population","2015","Southern","Persons Thousand","1569.85519"
"Population","2015","Eastern and Midland","Persons Thousand","2290.452057"
"Population","2015","Ireland","Persons Thousand","4695.772934"
"Population","2016","Northern and Western","Persons Thousand","843.471183"
"Population","2016","Southern","Persons Thousand","1582.564291"
"Population","2016","Eastern and Midland","Persons Thousand","2326.428945"
"Population","2016","Ireland","Persons Thousand","4752.464419"
"Population","2017","Northern and Western","Persons Thousand","855.0125"
"Population","2017","Southern","Persons Thousand","1603.68375"
"Population","2017","Eastern and Midland","Persons Thousand","2362.38625"
"Population","2017","Ireland","Persons Thousand","4821.0825"
"Population","2018","Northern and Western","Persons Thousand","865.15775"
"Population","2018","Southern","Persons Thousand","1624.8425"
"Population","2018","Eastern and Midland","Persons Thousand","2400.40625"
"Population","2018","Ireland","Persons Thousand","4890.4065"
"Population","2019","Northern and Western","Persons Thousand","876.27775"
"Population","2019","Southern","Persons Thousand","1647.479"
"Population","2019","Eastern and Midland","Persons Thousand","2443.70475"
"Population","2019","Ireland","Persons Thousand","4967.4615"
"Population","2020","Northern and Western","Persons Thousand","885.8075"
"Population","2020","Southern","Persons Thousand","1667.91575"
"Population","2020","Eastern and Midland","Persons Thousand","2480.707"
"Population","2020","Ireland","Persons Thousand","5034.43025"
"Population","2021","Northern and Western","Persons Thousand","894.919"
"Population","2021","Southern","Persons Thousand","1683.23275"
"Population","2021","Eastern and Midland","Persons Thousand","2513.69625"
"Population","2021","Ireland","Persons Thousand","5091.848"
"Population","2022","Northern and Western","Persons Thousand","913.6615"
"Population","2022","Southern","Persons Thousand","1717.86975"
"Population","2022","Eastern and Midland","Persons Thousand","2568.215"
"Population","2022","Ireland","Persons Thousand","5199.74625"
"Population","2023","Northern and Western","Persons Thousand","935.779"
"Population","2023","Southern","Persons Thousand","1751.65"
"Population","2023","Eastern and Midland","Persons Thousand","2608.43675"
"Population","2023","Ireland","Persons Thousand","5295.86575"
"Population","2024","Northern and Western","Persons Thousand","950.8125"
"Population","2024","Southern","Persons Thousand","1783.724"
"Population","2024","Eastern and Midland","Persons Thousand","2650.45575"
"Population","2024","Ireland","Persons Thousand","5384.99225"
"Apparent Productivity","2000","Northern and Western","Euro","40479.39427"
"Apparent Productivity","2000","Southern","Euro","50601.2358"
"Apparent Productivity","2000","Eastern and Midland","Euro","62080.53466"
"Apparent Productivity","2000","Ireland","Euro","54724.27798"
"Apparent Productivity","2001","Northern and Western","Euro","44047.56146"
"Apparent Productivity","2001","Southern","Euro","56496.41302"
"Apparent Productivity","2001","Eastern and Midland","Euro","67495.24164"
"Apparent Productivity","2001","Ireland","Euro","59964.57342"
"Apparent Productivity","2002","Northern and Western","Euro","47404.71896"
"Apparent Productivity","2002","Southern","Euro","61742.12804"
"Apparent Productivity","2002","Eastern and Midland","Euro","73681.19154"
"Apparent Productivity","2002","Ireland","Euro","65300.57574"
"Apparent Productivity","2003","Northern and Western","Euro","48149.74665"
"Apparent Productivity","2003","Southern","Euro","63150.27021"
"Apparent Productivity","2003","Eastern and Midland","Euro","78988.38704"
"Apparent Productivity","2003","Ireland","Euro","68467.10252"
"Apparent Productivity","2004","Northern and Western","Euro","49000.64536"
"Apparent Productivity","2004","Southern","Euro","63883.04383"
"Apparent Productivity","2004","Eastern and Midland","Euro","82726.74856"
"Apparent Productivity","2004","Ireland","Euro","70575.54775"
"Apparent Productivity","2005","Northern and Western","Euro","52825.90118"
"Apparent Productivity","2005","Southern","Euro","65745.35002"
"Apparent Productivity","2005","Eastern and Midland","Euro","86383.70756"
"Apparent Productivity","2005","Ireland","Euro","73736.84852"
"Apparent Productivity","2006","Northern and Western","Euro","54158.28331"
"Apparent Productivity","2006","Southern","Euro","68608.30642"
"Apparent Productivity","2006","Eastern and Midland","Euro","89395.56287"
"Apparent Productivity","2006","Ireland","Euro","76616.09054"
"Apparent Productivity","2007","Northern and Western","Euro","58370.46218"
"Apparent Productivity","2007","Southern","Euro","71137.95296"
"Apparent Productivity","2007","Eastern and Midland","Euro","90817.60768"
"Apparent Productivity","2007","Ireland","Euro","79028.21545"
"Apparent Productivity","2008","Northern and Western","Euro","57904.38376"
"Apparent Productivity","2008","Southern","Euro","65925.08952"
"Apparent Productivity","2008","Eastern and Midland","Euro","88850.67022"
"Apparent Productivity","2008","Ireland","Euro","76289.76246"
"Apparent Productivity","2009","Northern and Western","Euro","50313.40716"
"Apparent Productivity","2009","Southern","Euro","70173.36018"
"Apparent Productivity","2009","Eastern and Midland","Euro","87960.58793"
"Apparent Productivity","2009","Ireland","Euro","75799.33814"
"Apparent Productivity","2010","Northern and Western","Euro","56849.85371"
"Apparent Productivity","2010","Southern","Euro","70624.29616"
"Apparent Productivity","2010","Eastern and Midland","Euro","92396.43989"
"Apparent Productivity","2010","Ireland","Euro","79322.45547"
"Apparent Productivity","2011","Northern and Western","Euro","57021.31798"
"Apparent Productivity","2011","Southern","Euro","76101.98449"
"Apparent Productivity","2011","Eastern and Midland","Euro","98016.07134"
"Apparent Productivity","2011","Ireland","Euro","84057.63976"
"Apparent Productivity","2012","Northern and Western","Euro","55651.58729"
"Apparent Productivity","2012","Southern","Euro","76092.22809"
"Apparent Productivity","2012","Eastern and Midland","Euro","102483.1776"
"Apparent Productivity","2012","Ireland","Euro","86062.3162"
"Apparent Productivity","2013","Northern and Western","Euro","55020.02356"
"Apparent Productivity","2013","Southern","Euro","72150.15898"
"Apparent Productivity","2013","Eastern and Midland","Euro","108191.8331"
"Apparent Productivity","2013","Ireland","Euro","87329.943"
"Apparent Productivity","2014","Northern and Western","Euro","59392.74928"
"Apparent Productivity","2014","Southern","Euro","77591.0309"
"Apparent Productivity","2014","Eastern and Midland","Euro","114697.5313"
"Apparent Productivity","2014","Ireland","Euro","93422.37181"
"Apparent Productivity","2015","Northern and Western","Euro","62291.47111"
"Apparent Productivity","2015","Southern","Euro","150436.8161"
"Apparent Productivity","2015","Eastern and Midland","Euro","126647.5494"
"Apparent Productivity","2015","Ireland","Euro","123673.1009"
"Apparent Productivity","2016","Northern and Western","Euro","61445.06429"
"Apparent Productivity","2016","Southern","Euro","135734.6051"
"Apparent Productivity","2016","Eastern and Midland","Euro","129530.3276"
"Apparent Productivity","2016","Ireland","Euro","120253.4445"
"Apparent Productivity","2017","Northern and Western","Euro","61658.42051"
"Apparent Productivity","2017","Southern","Euro","151496.7008"
"Apparent Productivity","2017","Eastern and Midland","Euro","138857.6044"
"Apparent Productivity","2017","Ireland","Euro","129991.9408"
"Apparent Productivity","2018","Northern and Western","Euro","65324.17939"
"Apparent Productivity","2018","Southern","Euro","157142.3517"
"Apparent Productivity","2018","Eastern and Midland","Euro","149941.9587"
"Apparent Productivity","2018","Ireland","Euro","138475.9756"
"Apparent Productivity","2019","Northern and Western","Euro","69289.70499"
"Apparent Productivity","2019","Southern","Euro","169780.7355"
"Apparent Productivity","2019","Eastern and Midland","Euro","156126.3075"
"Apparent Productivity","2019","Ireland","Euro","146237.8556"
"Apparent Productivity","2020","Northern and Western","Euro","80803.64408"
"Apparent Productivity","2020","Southern","Euro","182876.3253"
"Apparent Productivity","2020","Eastern and Midland","Euro","168623.5534"
"Apparent Productivity","2020","Ireland","Euro","158988.1547"
"Apparent Productivity","2021","Northern and Western","Euro","86975.28671"
"Apparent Productivity","2021","Southern","Euro","206516.4046"
"Apparent Productivity","2021","Eastern and Midland","Euro","184452.1578"
"Apparent Productivity","2021","Ireland","Euro","175521.9374"
"Apparent Productivity","2022","Northern and Western","Euro","93222.07562"
"Apparent Productivity","2022","Southern","Euro","228826.8763"
"Apparent Productivity","2022","Eastern and Midland","Euro","198407.7545"
"Apparent Productivity","2022","Ireland","Euro","191106.9484"
"Apparent Productivity","2023","Northern and Western","Euro","96771.05224"
"Apparent Productivity","2023","Southern","Euro","203147.5651"
"Apparent Productivity","2023","Eastern and Midland","Euro","201554.3652"
"Apparent Productivity","2023","Ireland","Euro","185065.6547"
"Apparent Productivity","2024","Northern and Western","Euro","97149.6033"
"Apparent Productivity","2024","Southern","Euro","196185.3778"
"Apparent Productivity","2024","Eastern and Midland","Euro","221401.9333"
"Apparent Productivity","2024","Ireland","Euro","193522.2397"
"Persons at Work","2000","Northern and Western","Persons Thousand","288.51"
"Persons at Work","2000","Southern","Persons Thousand","592.67"
"Persons at Work","2000","Eastern and Midland","Persons Thousand","890.86"
"Persons at Work","2000","Ireland","Persons Thousand","1772.04"
"Persons at Work","2001","Northern and Western","Persons Thousand","300.93"
"Persons at Work","2001","Southern","Persons Thousand","605.85"
"Persons at Work","2001","Eastern and Midland","Persons Thousand","915.15"
"Persons at Work","2001","Ireland","Persons Thousand","1821.94"
"Persons at Work","2002","Northern and Western","Persons Thousand","308.92"
"Persons at Work","2002","Southern","Persons Thousand","618.19"
"Persons at Work","2002","Eastern and Midland","Persons Thousand","922.15"
"Persons at Work","2002","Ireland","Persons Thousand","1849.26"
"Persons at Work","2003","Northern and Western","Persons Thousand","320.59"
"Persons at Work","2003","Southern","Persons Thousand","627.76"
"Persons at Work","2003","Eastern and Midland","Persons Thousand","936.38"
"Persons at Work","2003","Ireland","Persons Thousand","1884.74"
"Persons at Work","2004","Northern and Western","Persons Thousand","337.64"
"Persons at Work","2004","Southern","Persons Thousand","650.65"
"Persons at Work","2004","Eastern and Midland","Persons Thousand","957.85"
"Persons at Work","2004","Ireland","Persons Thousand","1946.14"
"Persons at Work","2005","Northern and Western","Persons Thousand","349.01"
"Persons at Work","2005","Southern","Persons Thousand","680.76"
"Persons at Work","2005","Eastern and Midland","Persons Thousand","1007.24"
"Persons at Work","2005","Ireland","Persons Thousand","2037.01"
"Persons at Work","2006","Northern and Western","Persons Thousand","352.87"
"Persons at Work","2006","Southern","Persons Thousand","710.23"
"Persons at Work","2006","Eastern and Midland","Persons Thousand","1065.15"
"Persons at Work","2006","Ireland","Persons Thousand","2128.25"
"Persons at Work","2007","Northern and Western","Persons Thousand","360.94"
"Persons at Work","2007","Southern","Persons Thousand","733.98"
"Persons at Work","2007","Eastern and Midland","Persons Thousand","1123.68"
"Persons at Work","2007","Ireland","Persons Thousand","2218.6"
"Persons at Work","2008","Northern and Western","Persons Thousand","352.75"
"Persons at Work","2008","Southern","Persons Thousand","727.43"
"Persons at Work","2008","Eastern and Midland","Persons Thousand","1116.5"
"Persons at Work","2008","Ireland","Persons Thousand","2196.67"
"Persons at Work","2009","Northern and Western","Persons Thousand","335.59"
"Persons at Work","2009","Southern","Persons Thousand","666.31"
"Persons at Work","2009","Eastern and Midland","Persons Thousand","1011.53"
"Persons at Work","2009","Ireland","Persons Thousand","2013.43"
"Persons at Work","2010","Northern and Western","Persons Thousand","319.16"
"Persons at Work","2010","Southern","Persons Thousand","633.67"
"Persons at Work","2010","Eastern and Midland","Persons Thousand","970.18"
"Persons at Work","2010","Ireland","Persons Thousand","1923.01"
"Persons at Work","2011","Northern and Western","Persons Thousand","309.89"
"Persons at Work","2011","Southern","Persons Thousand","621.54"
"Persons at Work","2011","Eastern and Midland","Persons Thousand","954.48"
"Persons at Work","2011","Ireland","Persons Thousand","1885.91"
"Persons at Work","2012","Northern and Western","Persons Thousand","308.16"
"Persons at Work","2012","Southern","Persons Thousand","621.65"
"Persons at Work","2012","Eastern and Midland","Persons Thousand","948.14"
"Persons at Work","2012","Ireland","Persons Thousand","1877.95"
"Persons at Work","2013","Northern and Western","Persons Thousand","325.92"
"Persons at Work","2013","Southern","Persons Thousand","638.18"
"Persons at Work","2013","Eastern and Midland","Persons Thousand","969.13"
"Persons at Work","2013","Ireland","Persons Thousand","1933.23"
"Persons at Work","2014","Northern and Western","Persons Thousand","330.85"
"Persons at Work","2014","Southern","Persons Thousand","644.43"
"Persons at Work","2014","Eastern and Midland","Persons Thousand","1008.73"
"Persons at Work","2014","Ireland","Persons Thousand","1984.01"
"Persons at Work","2015","Northern and Western","Persons Thousand","340.64"
"Persons at Work","2015","Southern","Persons Thousand","664.81"
"Persons at Work","2015","Eastern and Midland","Persons Thousand","1048.09"
"Persons at Work","2015","Ireland","Persons Thousand","2053.55"
"Persons at Work","2016","Northern and Western","Persons Thousand","353.4"
"Persons at Work","2016","Southern","Persons Thousand","691.26"
"Persons at Work","2016","Eastern and Midland","Persons Thousand","1086.72"
"Persons at Work","2016","Ireland","Persons Thousand","2131.38"
"Persons at Work","2017","Northern and Western","Persons Thousand","368.36"
"Persons at Work","2017","Southern","Persons Thousand","708.17"
"Persons at Work","2017","Eastern and Midland","Persons Thousand","1121.44"
"Persons at Work","2017","Ireland","Persons Thousand","2197.97"
"Persons at Work","2018","Northern and Western","Persons Thousand","367.96"
"Persons at Work","2018","Southern","Persons Thousand","718.97"
"Persons at Work","2018","Eastern and Midland","Persons Thousand","1177.2"
"Persons at Work","2018","Ireland","Persons Thousand","2264.14"
"Persons at Work","2019","Northern and Western","Persons Thousand","380.7"
"Persons at Work","2019","Southern","Persons Thousand","729.88"
"Persons at Work","2019","Eastern and Midland","Persons Thousand","1224.73"
"Persons at Work","2019","Ireland","Persons Thousand","2335.31"
"Persons at Work","2020","Northern and Western","Persons Thousand","366.85"
"Persons at Work","2020","Southern","Persons Thousand","720.96"
"Persons at Work","2020","Eastern and Midland","Persons Thousand","1189.32"
"Persons at Work","2020","Ireland","Persons Thousand","2277.13"
"Persons at Work","2021","Northern and Western","Persons Thousand","394.33"
"Persons at Work","2021","Southern","Persons Thousand","759.99"
"Persons at Work","2021","Eastern and Midland","Persons Thousand","1272.21"
"Persons at Work","2021","Ireland","Persons Thousand","2426.53"
"Persons at Work","2022","Northern and Western","Persons Thousand","416.42"
"Persons at Work","2022","Southern","Persons Thousand","817.29"
"Persons at Work","2022","Eastern and Midland","Persons Thousand","1360.81"
"Persons at Work","2022","Ireland","Persons Thousand","2594.53"
"Persons at Work","2023","Northern and Western","Persons Thousand","435.33"
"Persons at Work","2023","Southern","Persons Thousand","851.32"
"Persons at Work","2023","Eastern and Midland","Persons Thousand","1397.55"
"Persons at Work","2023","Ireland","Persons Thousand","2684.2"
"Persons at Work","2024","Northern and Western","Persons Thousand","439.43"
"Persons at Work","2024","Southern","Persons Thousand","882.22"
"Persons at Work","2024","Eastern and Midland","Persons Thousand","1434.72"
"Persons at Work","2024","Ireland","Persons Thousand","2756.37"
"Index of GVA at Basic Prices per Person (State=100)","2000","Northern and Western","Euro","66.74568929"
"Index of GVA at Basic Prices per Person (State=100)","2000","Southern","Euro","89.26898772"
"Index of GVA at Basic Prices per Person (State=100)","2000","Eastern and Midland","Euro","120.2367115"
"Index of GVA at Basic Prices per Person (State=100)","2000","Ireland","Euro","100"
"Index of GVA at Basic Prices per Person (State=100)","2001","Northern and Western","Euro","67.33222119"
"Index of GVA at Basic Prices per Person (State=100)","2001","Southern","Euro","90.34504141"
"Index of GVA at Basic Prices per Person (State=100)","2001","Eastern and Midland","Euro","119.1564523"
"Index of GVA at Basic Prices per Person (State=100)","2001","Ireland","Euro","100"
"Index of GVA at Basic Prices per Person (State=100)","2002","Northern and Western","Euro","66.77502079"
"Index of GVA at Basic Prices per Person (State=100)","2002","Southern","Euro","91.60484954"
"Index of GVA at Basic Prices per Person (State=100)","2002","Eastern and Midland","Euro","118.5821506"
"Index of GVA at Basic Prices per Person (State=100)","2002","Ireland","Euro","100"
"Index of GVA at Basic Prices per Person (State=100)","2003","Northern and Western","Euro","65.33744113"
"Index of GVA at Basic Prices per Person (State=100)","2003","Southern","Euro","89.29668531"
"Index of GVA at Basic Prices per Person (State=100)","2003","Eastern and Midland","Euro","120.8924658"
"Index of GVA at Basic Prices per Person (State=100)","2003","Ireland","Euro","100"
"Index of GVA at Basic Prices per Person (State=100)","2004","Northern and Western","Euro","65.46657368"
"Index of GVA at Basic Prices per Person (State=100)","2004","Southern","Euro","88.19508791"
"Index of GVA at Basic Prices per Person (State=100)","2004","Eastern and Midland","Euro","121.7286264"
"Index of GVA at Basic Prices per Person (State=100)","2004","Ireland","Euro","100"
"Index of GVA at Basic Prices per Person (State=100)","2005","Northern and Western","Euro","66.52976522"
"Index of GVA at Basic Prices per Person (State=100)","2005","Southern","Euro","86.30468386"
"Index of GVA at Basic Prices per Person (State=100)","2005","Eastern and Midland","Euro","122.6088261"
"Index of GVA at Basic Prices per Person (State=100)","2005","Ireland","Euro","100"
"Index of GVA at Basic Prices per Person (State=100)","2006","Northern and Western","Euro","64.965793"
"Index of GVA at Basic Prices per Person (State=100)","2006","Southern","Euro","87.18256912"
"Index of GVA at Basic Prices per Person (State=100)","2006","Eastern and Midland","Euro","122.0018221"
"Index of GVA at Basic Prices per Person (State=100)","2006","Ireland","Euro","100"
"Index of GVA at Basic Prices per Person (State=100)","2007","Northern and Western","Euro","68.11474891"
"Index of GVA at Basic Prices per Person (State=100)","2007","Southern","Euro","87.27211342"
"Index of GVA at Basic Prices per Person (State=100)","2007","Eastern and Midland","Euro","120.3027074"
"Index of GVA at Basic Prices per Person (State=100)","2007","Ireland","Euro","100"
"Index of GVA at Basic Prices per Person (State=100)","2008","Northern and Western","Euro","69.2328311"
"Index of GVA at Basic Prices per Person (State=100)","2008","Southern","Euro","83.61501482"
"Index of GVA at Basic Prices per Person (State=100)","2008","Eastern and Midland","Euro","122.4107048"
"Index of GVA at Basic Prices per Person (State=100)","2008","Ireland","Euro","100"
"Index of GVA at Basic Prices per Person (State=100)","2009","Northern and Western","Euro","60.66686922"
"Index of GVA at Basic Prices per Person (State=100)","2009","Southern","Euro","89.81562219"
"Index of GVA at Basic Prices per Person (State=100)","2009","Eastern and Midland","Euro","121.8192282"
"Index of GVA at Basic Prices per Person (State=100)","2009","Ireland","Euro","100"
"Index of GVA at Basic Prices per Person (State=100)","2010","Northern and Western","Euro","66.04947914"
"Index of GVA at Basic Prices per Person (State=100)","2010","Southern","Euro","86.21544318"
"Index of GVA at Basic Prices per Person (State=100)","2010","Eastern and Midland","Euro","122.1530435"
"Index of GVA at Basic Prices per Person (State=100)","2010","Ireland","Euro","100"
"Index of GVA at Basic Prices per Person (State=100)","2011","Northern and Western","Euro","61.60732806"
"Index of GVA at Basic Prices per Person (State=100)","2011","Southern","Euro","87.8645974"
"Index of GVA at Basic Prices per Person (State=100)","2011","Eastern and Midland","Euro","122.645504"
"Index of GVA at Basic Prices per Person (State=100)","2011","Ireland","Euro","100"
"Index of GVA at Basic Prices per Person (State=100)","2012","Northern and Western","Euro","57.80299553"
"Index of GVA at Basic Prices per Person (State=100)","2012","Southern","Euro","86.05552342"
"Index of GVA at Basic Prices per Person (State=100)","2012","Eastern and Midland","Euro","125.6363517"
"Index of GVA at Basic Prices per Person (State=100)","2012","Ireland","Euro","100"
"Index of GVA at Basic Prices per Person (State=100)","2013","Northern and Western","Euro","58.22766954"
"Index of GVA at Basic Prices per Person (State=100)","2013","Southern","Euro","80.00026711"
"Index of GVA at Basic Prices per Person (State=100)","2013","Eastern and Midland","Euro","129.6702052"
"Index of GVA at Basic Prices per Person (State=100)","2013","Ireland","Euro","100"
"Index of GVA at Basic Prices per Person (State=100)","2014","Northern and Western","Euro","58.67118145"
"Index of GVA at Basic Prices per Person (State=100)","2014","Southern","Euro","79.43827671"
"Index of GVA at Basic Prices per Person (State=100)","2014","Eastern and Midland","Euro","129.568938"
"Index of GVA at Basic Prices per Person (State=100)","2014","Ireland","Euro","100"
"Index of GVA at Basic Prices per Person (State=100)","2015","Northern and Western","Euro","46.32992109"
"Index of GVA at Basic Prices per Person (State=100)","2015","Southern","Euro","117.434172"
"Index of GVA at Basic Prices per Person (State=100)","2015","Eastern and Midland","Euro","107.6274829"
"Index of GVA at Basic Prices per Person (State=100)","2015","Ireland","Euro","100"
"Index of GVA at Basic Prices per Person (State=100)","2016","Northern and Western","Euro","47.22682581"
"Index of GVA at Basic Prices per Person (State=100)","2016","Southern","Euro","109.595078"
"Index of GVA at Basic Prices per Person (State=100)","2016","Eastern and Midland","Euro","112.6063699"
"Index of GVA at Basic Prices per Person (State=100)","2016","Ireland","Euro","100"
"Index of GVA at Basic Prices per Person (State=100)","2017","Northern and Western","Euro","44.44313181"
"Index of GVA at Basic Prices per Person (State=100)","2017","Southern","Euro","112.4810466"
"Index of GVA at Basic Prices per Person (State=100)","2017","Eastern and Midland","Euro","111.6349158"
"Index of GVA at Basic Prices per Person (State=100)","2017","Ireland","Euro","100"
"Index of GVA at Basic Prices per Person (State=100)","2018","Northern and Western","Euro","43.07105824"
"Index of GVA at Basic Prices per Person (State=100)","2018","Southern","Euro","108.0807355"
"Index of GVA at Basic Prices per Person (State=100)","2018","Eastern and Midland","Euro","115.048533"
"Index of GVA at Basic Prices per Person (State=100)","2018","Ireland","Euro","100"
"Index of GVA at Basic Prices per Person (State=100)","2019","Northern and Western","Euro","43.52253934"
"Index of GVA at Basic Prices per Person (State=100)","2019","Southern","Euro","109.0794797"
"Index of GVA at Basic Prices per Person (State=100)","2019","Eastern and Midland","Euro","114.1308765"
"Index of GVA at Basic Prices per Person (State=100)","2019","Ireland","Euro","100"
"Index of GVA at Basic Prices per Person (State=100)","2020","Northern and Western","Euro","46.0896086"
"Index of GVA at Basic Prices per Person (State=100)","2020","Southern","Euro","109.8192592"
"Index of GVA at Basic Prices per Person (State=100)","2020","Eastern and Midland","Euro","112.6482216"
"Index of GVA at Basic Prices per Person (State=100)","2020","Ireland","Euro","100"
"Index of GVA at Basic Prices per Person (State=100)","2021","Northern and Western","Euro","45.41045867"
"Index of GVA at Basic Prices per Person (State=100)","2021","Southern","Euro","111.4521757"
"Index of GVA at Basic Prices per Person (State=100)","2021","Eastern and Midland","Euro","111.7661553"
"Index of GVA at Basic Prices per Person (State=100)","2021","Ireland","Euro","100"
"Index of GVA at Basic Prices per Person (State=100)","2022","Northern and Western","Euro","44.43105676"
"Index of GVA at Basic Prices per Person (State=100)","2022","Southern","Euro","113.9533216"
"Index of GVA at Basic Prices per Person (State=100)","2022","Eastern and Midland","Euro","110.4357365"
"Index of GVA at Basic Prices per Person (State=100)","2022","Ireland","Euro","100"
"Index of GVA at Basic Prices per Person (State=100)","2023","Northern and Western","Euro","47.89843006"
"Index of GVA at Basic Prices per Person (State=100)","2023","Southern","Euro","105.1451228"
"Index of GVA at Basic Prices per Person (State=100)","2023","Eastern and Midland","Euro","115.2363674"
"Index of GVA at Basic Prices per Person (State=100)","2023","Ireland","Euro","100"
"Index of GVA at Basic Prices per Person (State=100)","2024","Northern and Western","Euro","45.21714759"
"Index of GVA at Basic Prices per Person (State=100)","2024","Southern","Euro","97.80212108"
"Index of GVA at Basic Prices per Person (State=100)","2024","Eastern and Midland","Euro","121.1316979"
"Index of GVA at Basic Prices per Person (State=100)","2024","Ireland","Euro","100"
"Hours Worked","2000","Northern and Western","Thousand","563827.7747"
"Hours Worked","2000","Southern","Thousand","1148248.656"
"Hours Worked","2000","Eastern and Midland","Thousand","1642808.113"
"Hours Worked","2000","Ireland","Thousand","3354884.544"
"Hours Worked","2001","Northern and Western","Thousand","578535.6514"
"Hours Worked","2001","Southern","Thousand","1158281.884"
"Hours Worked","2001","Eastern and Midland","Thousand","1672132.952"
"Hours Worked","2001","Ireland","Thousand","3408950.487"
"Hours Worked","2002","Northern and Western","Thousand","585173.8507"
"Hours Worked","2002","Southern","Thousand","1170593.585"
"Hours Worked","2002","Eastern and Midland","Thousand","1675182.397"
"Hours Worked","2002","Ireland","Thousand","3430949.833"
"Hours Worked","2003","Northern and Western","Thousand","594962.4302"
"Hours Worked","2003","Southern","Thousand","1167764.426"
"Hours Worked","2003","Eastern and Midland","Thousand","1673700.887"
"Hours Worked","2003","Ireland","Thousand","3436427.743"
"Hours Worked","2004","Northern and Western","Thousand","619600.0272"
"Hours Worked","2004","Southern","Thousand","1206811.087"
"Hours Worked","2004","Eastern and Midland","Thousand","1694578.606"
"Hours Worked","2004","Ireland","Thousand","3520989.72"
"Hours Worked","2005","Northern and Western","Thousand","642742.7386"
"Hours Worked","2005","Southern","Thousand","1259133.699"
"Hours Worked","2005","Eastern and Midland","Thousand","1786285.336"
"Hours Worked","2005","Ireland","Thousand","3688161.774"
"Hours Worked","2006","Northern and Western","Thousand","637370.7314"
"Hours Worked","2006","Southern","Thousand","1300279.052"
"Hours Worked","2006","Eastern and Midland","Thousand","1872186.053"
"Hours Worked","2006","Ireland","Thousand","3809835.836"
"Hours Worked","2007","Northern and Western","Thousand","643866.6139"
"Hours Worked","2007","Southern","Thousand","1321775.849"
"Hours Worked","2007","Eastern and Midland","Thousand","1949894.616"
"Hours Worked","2007","Ireland","Thousand","3915537.079"
"Hours Worked","2008","Northern and Western","Thousand","618970.8408"
"Hours Worked","2008","Southern","Thousand","1279351.153"
"Hours Worked","2008","Eastern and Midland","Thousand","1903066.847"
"Hours Worked","2008","Ireland","Thousand","3801388.84"
"Hours Worked","2009","Northern and Western","Thousand","567342.7577"
"Hours Worked","2009","Southern","Thousand","1139633.263"
"Hours Worked","2009","Eastern and Midland","Thousand","1671463.869"
"Hours Worked","2009","Ireland","Thousand","3378439.889"
"Hours Worked","2010","Northern and Western","Thousand","544505.1095"
"Hours Worked","2010","Southern","Thousand","1085906.925"
"Hours Worked","2010","Eastern and Midland","Thousand","1601666.34"
"Hours Worked","2010","Ireland","Thousand","3232078.374"
"Hours Worked","2011","Northern and Western","Thousand","523895.9832"
"Hours Worked","2011","Southern","Thousand","1070026.872"
"Hours Worked","2011","Eastern and Midland","Thousand","1580663.27"
"Hours Worked","2011","Ireland","Thousand","3174586.125"
"Hours Worked","2012","Northern and Western","Thousand","525707.9268"
"Hours Worked","2012","Southern","Thousand","1053985.515"
"Hours Worked","2012","Eastern and Midland","Thousand","1572027.089"
"Hours Worked","2012","Ireland","Thousand","3151720.532"
"Hours Worked","2013","Northern and Western","Thousand","558281.094"
"Hours Worked","2013","Southern","Thousand","1090839.967"
"Hours Worked","2013","Eastern and Midland","Thousand","1630737.838"
"Hours Worked","2013","Ireland","Thousand","3279858.899"
"Hours Worked","2014","Northern and Western","Thousand","564611.3635"
"Hours Worked","2014","Southern","Thousand","1114456.598"
"Hours Worked","2014","Eastern and Midland","Thousand","1708611.233"
"Hours Worked","2014","Ireland","Thousand","3387679.194"
"Hours Worked","2015","Northern and Western","Thousand","581334.05"
"Hours Worked","2015","Southern","Thousand","1137182.676"
"Hours Worked","2015","Eastern and Midland","Thousand","1770995.394"
"Hours Worked","2015","Ireland","Thousand","3489512.12"
"Hours Worked","2016","Northern and Western","Thousand","618998.8009"
"Hours Worked","2016","Southern","Thousand","1192462.79"
"Hours Worked","2016","Eastern and Midland","Thousand","1860317.15"
"Hours Worked","2016","Ireland","Thousand","3671778.741"
"Hours Worked","2017","Northern and Western","Thousand","650323.6994"
"Hours Worked","2017","Southern","Thousand","1238759.183"
"Hours Worked","2017","Eastern and Midland","Thousand","1947019.866"
"Hours Worked","2017","Ireland","Thousand","3836102.749"
"Hours Worked","2018","Northern and Western","Thousand","653175.0803"
"Hours Worked","2018","Southern","Thousand","1272178.747"
"Hours Worked","2018","Eastern and Midland","Thousand","2056039.252"
"Hours Worked","2018","Ireland","Thousand","3981393.079"
"Hours Worked","2019","Northern and Western","Thousand","671362.1552"
"Hours Worked","2019","Southern","Thousand","1291518.345"
"Hours Worked","2019","Eastern and Midland","Thousand","2147314.62"
"Hours Worked","2019","Ireland","Thousand","4110195.12"
"Hours Worked","2020","Northern and Western","Thousand","609222.9575"
"Hours Worked","2020","Southern","Thousand","1188148.537"
"Hours Worked","2020","Eastern and Midland","Thousand","1927136.834"
"Hours Worked","2020","Ireland","Thousand","3724508.328"
"Hours Worked","2021","Northern and Western","Thousand","662513.3649"
"Hours Worked","2021","Southern","Thousand","1244091.48"
"Hours Worked","2021","Eastern and Midland","Thousand","2098149.5"
"Hours Worked","2021","Ireland","Thousand","4004754.345"
"Hours Worked","2022","Northern and Western","Thousand","705623.7528"
"Hours Worked","2022","Southern","Thousand","1378553.252"
"Hours Worked","2022","Eastern and Midland","Thousand","2281242.027"
"Hours Worked","2022","Ireland","Thousand","4365419.032"
"Hours Worked","2023","Northern and Western","Thousand","708506.8037"
"Hours Worked","2023","Southern","Thousand","1413914.632"
"Hours Worked","2023","Eastern and Midland","Thousand","2317380.846"
"Hours Worked","2023","Ireland","Thousand","4439802.281"
"Hours Worked","2024","Northern and Western","Thousand",""
"Hours Worked","2024","Southern","Thousand",""
"Hours Worked","2024","Eastern and Midland","Thousand",""
"Hours Worked","2024","Ireland","Thousand",""
